timestamp,zone_id,latitude,longitude,temperature,rainfall_mm,humidity,wind_speed,weather_condition
2026-09-18 00:00:00,Z01,26.9124,75.7873,24.7,0.4,71,11.9,Partly Cloudy
2026-09-18 00:00:00,Z02,26.85,75.804,23.9,0.1,70,14.7,Partly Cloudy
2026-09-18 00:00:00,Z03,26.912,75.798,22.7,0.0,75,8.6,Partly Cloudy
2026-09-18 00:00:00,Z04,26.912,75.739,22.6,0.3,60,4.8,Partly Cloudy
2026-09-18 00:00:00,Z05,26.856,75.764,21.8,0.0,73,7.3,Partly Cloudy
2026-09-18 00:00:00,Z06,26.9,75.825,21.7,0.8,70,10.2,Partly Cloudy
2026-09-18 00:00:00,Z07,26.831,75.841,23.5,0.0,72,6.5,Partly Cloudy
2026-09-18 00:00:00,Z08,26.951,75.746,25.0,0.0,70,8.2,Partly Cloudy
2026-09-18 00:00:00,Z09,26.9,75.758,21.9,0.2,65,12.5,Partly Cloudy
2026-09-18 00:00:00,Z10,26.926,75.8,23.4,0.3,60,6.0,Partly Cloudy
2026-09-18 01:00:00,Z01,26.9124,75.7873,22.7,0.5,73,9.7,Partly Cloudy
2026-09-18 01:00:00,Z02,26.85,75.804,24.1,0.0,67,8.6,Partly Cloudy
2026-09-18 01:00:00,Z03,26.912,75.798,22.6,0.3,61,11.0,Partly Cloudy
2026-09-18 01:00:00,Z04,26.912,75.739,23.9,0.0,75,13.1,Partly Cloudy
2026-09-18 01:00:00,Z05,26.856,75.764,24.0,0.0,70,11.0,Partly Cloudy
2026-09-18 01:00:00,Z06,26.9,75.825,21.8,0.0,70,6.7,Partly Cloudy
2026-09-18 01:00:00,Z07,26.831,75.841,24.0,0.5,80,9.8,Partly Cloudy
2026-09-18 01:00:00,Z08,26.951,75.746,24.5,0.3,68,11.1,Partly Cloudy
2026-09-18 01:00:00,Z09,26.9,75.758,23.8,0.2,81,2.1,Partly Cloudy
2026-09-18 01:00:00,Z10,26.926,75.8,21.0,0.2,70,10.3,Partly Cloudy
2026-09-18 02:00:00,Z01,26.9124,75.7873,22.7,0.1,74,14.4,Partly Cloudy
2026-09-18 02:00:00,Z02,26.85,75.804,23.5,0.0,68,12.7,Partly Cloudy
2026-09-18 02:00:00,Z03,26.912,75.798,24.1,0.0,75,10.3,Partly Cloudy
2026-09-18 02:00:00,Z04,26.912,75.739,21.7,0.0,70,8.8,Partly Cloudy
2026-09-18 02:00:00,Z05,26.856,75.764,22.9,0.3,73,10.0,Partly Cloudy
2026-09-18 02:00:00,Z06,26.9,75.825,22.4,0.0,69,9.0,Partly Cloudy
2026-09-18 02:00:00,Z07,26.831,75.841,23.3,0.1,74,15.7,Partly Cloudy
2026-09-18 02:00:00,Z08,26.951,75.746,23.1,0.3,71,4.2,Partly Cloudy
2026-09-18 02:00:00,Z09,26.9,75.758,23.5,0.2,86,9.4,Partly Cloudy
2026-09-18 02:00:00,Z10,26.926,75.8,23.9,0.2,64,13.4,Partly Cloudy
2026-09-18 03:00:00,Z01,26.9124,75.7873,22.3,0.5,66,14.2,Partly Cloudy
2026-09-18 03:00:00,Z02,26.85,75.804,23.1,0.4,85,7.0,Partly Cloudy
2026-09-18 03:00:00,Z03,26.912,75.798,23.7,0.2,68,5.3,Partly Cloudy
2026-09-18 03:00:00,Z04,26.912,75.739,25.2,0.0,74,7.2,Partly Cloudy
2026-09-18 03:00:00,Z05,26.856,75.764,22.4,0.0,70,12.4,Partly Cloudy
2026-09-18 03:00:00,Z06,26.9,75.825,23.9,0.3,79,5.2,Partly Cloudy
2026-09-18 03:00:00,Z07,26.831,75.841,22.3,0.3,76,6.3,Partly Cloudy
2026-09-18 03:00:00,Z08,26.951,75.746,24.0,0.4,73,10.8,Partly Cloudy
2026-09-18 03:00:00,Z09,26.9,75.758,23.0,0.0,73,10.9,Partly Cloudy
2026-09-18 03:00:00,Z10,26.926,75.8,24.3,0.9,74,6.4,Partly Cloudy
2026-09-18 04:00:00,Z01,26.9124,75.7873,23.6,0.0,76,13.5,Partly Cloudy
2026-09-18 04:00:00,Z02,26.85,75.804,26.4,0.6,74,12.5,Partly Cloudy
2026-09-18 04:00:00,Z03,26.912,75.798,23.6,0.1,67,7.3,Partly Cloudy
2026-09-18 04:00:00,Z04,26.912,75.739,25.3,0.2,74,10.8,Partly Cloudy
2026-09-18 04:00:00,Z05,26.856,75.764,27.2,0.2,80,9.2,Partly Cloudy
2026-09-18 04:00:00,Z06,26.9,75.825,24.9,0.5,66,6.8,Partly Cloudy
2026-09-18 04:00:00,Z07,26.831,75.841,24.4,0.1,76,11.4,Partly Cloudy
2026-09-18 04:00:00,Z08,26.951,75.746,25.3,0.0,62,8.7,Partly Cloudy
2026-09-18 04:00:00,Z09,26.9,75.758,24.8,0.3,64,10.5,Partly Cloudy
2026-09-18 04:00:00,Z10,26.926,75.8,23.3,0.0,72,10.2,Partly Cloudy
2026-09-18 05:00:00,Z01,26.9124,75.7873,26.6,0.3,75,13.2,Partly Cloudy
2026-09-18 05:00:00,Z02,26.85,75.804,26.0,0.0,66,11.5,Partly Cloudy
2026-09-18 05:00:00,Z03,26.912,75.798,26.6,0.4,95,11.7,Partly Cloudy
2026-09-18 05:00:00,Z04,26.912,75.739,26.3,0.6,75,9.1,Partly Cloudy
2026-09-18 05:00:00,Z05,26.856,75.764,25.6,0.0,70,8.5,Partly Cloudy
2026-09-18 05:00:00,Z06,26.9,75.825,23.9,1.1,60,12.1,Partly Cloudy
2026-09-18 05:00:00,Z07,26.831,75.841,24.4,0.0,78,10.2,Partly Cloudy
2026-09-18 05:00:00,Z08,26.951,75.746,25.7,0.0,76,7.8,Partly Cloudy
2026-09-18 05:00:00,Z09,26.9,75.758,26.1,0.2,68,16.4,Partly Cloudy
2026-09-18 05:00:00,Z10,26.926,75.8,26.4,0.0,73,8.0,Partly Cloudy
2026-09-18 06:00:00,Z01,26.9124,75.7873,27.6,0.0,71,11.5,Partly Cloudy
2026-09-18 06:00:00,Z02,26.85,75.804,26.1,0.0,69,8.6,Partly Cloudy
2026-09-18 06:00:00,Z03,26.912,75.798,27.6,0.9,74,6.2,Partly Cloudy
2026-09-18 06:00:00,Z04,26.912,75.739,26.2,1.0,78,5.4,Partly Cloudy
2026-09-18 06:00:00,Z05,26.856,75.764,27.5,0.7,67,11.3,Partly Cloudy
2026-09-18 06:00:00,Z06,26.9,75.825,25.7,0.0,71,1.0,Partly Cloudy
2026-09-18 06:00:00,Z07,26.831,75.841,25.3,0.1,64,14.9,Partly Cloudy
2026-09-18 06:00:00,Z08,26.951,75.746,25.3,0.0,72,14.3,Partly Cloudy
2026-09-18 06:00:00,Z09,26.9,75.758,27.2,0.7,72,7.1,Partly Cloudy
2026-09-18 06:00:00,Z10,26.926,75.8,26.3,0.3,68,10.2,Partly Cloudy
2026-09-18 07:00:00,Z01,26.9124,75.7873,26.8,0.2,75,14.8,Partly Cloudy
2026-09-18 07:00:00,Z02,26.85,75.804,28.6,1.1,60,9.5,Partly Cloudy
2026-09-18 07:00:00,Z03,26.912,75.798,27.5,0.3,68,9.4,Partly Cloudy
2026-09-18 07:00:00,Z04,26.912,75.739,27.3,0.0,77,11.1,Partly Cloudy
2026-09-18 07:00:00,Z05,26.856,75.764,28.6,0.6,73,12.4,Partly Cloudy
2026-09-18 07:00:00,Z06,26.9,75.825,28.6,0.0,68,12.2,Partly Cloudy
2026-09-18 07:00:00,Z07,26.831,75.841,27.4,0.2,72,13.8,Partly Cloudy
2026-09-18 07:00:00,Z08,26.951,75.746,29.1,0.4,70,9.3,Partly Cloudy
2026-09-18 07:00:00,Z09,26.9,75.758,28.0,0.5,76,13.9,Partly Cloudy
2026-09-18 07:00:00,Z10,26.926,75.8,27.9,0.5,70,11.0,Partly Cloudy
2026-09-18 08:00:00,Z01,26.9124,75.7873,31.4,0.2,75,7.5,Partly Cloudy
2026-09-18 08:00:00,Z02,26.85,75.804,30.1,0.0,64,13.5,Partly Cloudy
2026-09-18 08:00:00,Z03,26.912,75.798,28.4,0.4,75,10.0,Partly Cloudy
2026-09-18 08:00:00,Z04,26.912,75.739,29.1,0.2,67,12.9,Partly Cloudy
2026-09-18 08:00:00,Z05,26.856,75.764,28.7,0.0,70,11.2,Partly Cloudy
2026-09-18 08:00:00,Z06,26.9,75.825,28.8,0.0,73,10.7,Partly Cloudy
2026-09-18 08:00:00,Z07,26.831,75.841,27.9,0.0,73,5.7,Partly Cloudy
2026-09-18 08:00:00,Z08,26.951,75.746,30.8,0.0,70,10.9,Partly Cloudy
2026-09-18 08:00:00,Z09,26.9,75.758,28.3,0.5,71,9.9,Partly Cloudy
2026-09-18 08:00:00,Z10,26.926,75.8,28.5,0.2,70,11.0,Partly Cloudy
2026-09-18 09:00:00,Z01,26.9124,75.7873,30.9,0.4,81,9.7,Partly Cloudy
2026-09-18 09:00:00,Z02,26.85,75.804,30.5,0.5,69,10.7,Partly Cloudy
2026-09-18 09:00:00,Z03,26.912,75.798,31.0,0.2,67,10.1,Partly Cloudy
2026-09-18 09:00:00,Z04,26.912,75.739,29.7,0.8,77,16.5,Partly Cloudy
2026-09-18 09:00:00,Z05,26.856,75.764,29.7,0.5,73,16.6,Partly Cloudy
2026-09-18 09:00:00,Z06,26.9,75.825,30.0,0.0,68,3.6,Partly Cloudy
2026-09-18 09:00:00,Z07,26.831,75.841,32.4,0.0,72,11.0,Partly Cloudy
2026-09-18 09:00:00,Z08,26.951,75.746,31.0,0.6,68,7.3,Partly Cloudy
2026-09-18 09:00:00,Z09,26.9,75.758,30.0,0.0,82,13.5,Partly Cloudy
2026-09-18 09:00:00,Z10,26.926,75.8,31.7,0.0,80,9.7,Partly Cloudy
2026-09-18 10:00:00,Z01,26.9124,75.7873,31.6,0.0,68,10.0,Partly Cloudy
2026-09-18 10:00:00,Z02,26.85,75.804,31.4,0.0,75,6.8,Partly Cloudy
2026-09-18 10:00:00,Z03,26.912,75.798,30.4,0.2,75,12.1,Partly Cloudy
2026-09-18 10:00:00,Z04,26.912,75.739,30.8,0.0,79,11.0,Partly Cloudy
2026-09-18 10:00:00,Z05,26.856,75.764,31.6,0.8,72,13.5,Partly Cloudy
2026-09-18 10:00:00,Z06,26.9,75.825,32.5,1.0,82,9.3,Partly Cloudy
2026-09-18 10:00:00,Z07,26.831,75.841,32.2,0.5,80,7.1,Partly Cloudy
2026-09-18 10:00:00,Z08,26.951,75.746,29.5,0.6,61,6.5,Partly Cloudy
2026-09-18 10:00:00,Z09,26.9,75.758,31.6,0.1,76,14.5,Partly Cloudy
2026-09-18 10:00:00,Z10,26.926,75.8,31.5,0.9,63,4.9,Partly Cloudy
2026-09-18 11:00:00,Z01,26.9124,75.7873,32.2,0.4,71,3.8,Partly Cloudy
2026-09-18 11:00:00,Z02,26.85,75.804,31.4,0.0,76,11.1,Partly Cloudy
2026-09-18 11:00:00,Z03,26.912,75.798,33.3,0.0,65,9.8,Partly Cloudy
2026-09-18 11:00:00,Z04,26.912,75.739,31.5,0.0,75,8.4,Partly Cloudy
2026-09-18 11:00:00,Z05,26.856,75.764,31.1,0.2,65,8.3,Partly Cloudy
2026-09-18 11:00:00,Z06,26.9,75.825,32.5,1.0,72,7.9,Partly Cloudy
2026-09-18 11:00:00,Z07,26.831,75.841,33.1,0.2,70,11.8,Partly Cloudy
2026-09-18 11:00:00,Z08,26.951,75.746,30.0,0.0,68,9.2,Partly Cloudy
2026-09-18 11:00:00,Z09,26.9,75.758,32.1,0.0,80,14.9,Partly Cloudy
2026-09-18 11:00:00,Z10,26.926,75.8,33.4,0.4,73,19.2,Partly Cloudy
2026-09-18 12:00:00,Z01,26.9124,75.7873,33.0,0.1,66,5.2,Partly Cloudy
2026-09-18 12:00:00,Z02,26.85,75.804,31.7,0.0,63,8.1,Partly Cloudy
2026-09-18 12:00:00,Z03,26.912,75.798,34.3,0.9,77,10.0,Partly Cloudy
2026-09-18 12:00:00,Z04,26.912,75.739,33.4,0.2,66,14.6,Partly Cloudy
2026-09-18 12:00:00,Z05,26.856,75.764,31.4,0.0,70,7.4,Partly Cloudy
2026-09-18 12:00:00,Z06,26.9,75.825,33.4,0.6,83,5.8,Partly Cloudy
2026-09-18 12:00:00,Z07,26.831,75.841,32.0,0.0,69,8.2,Partly Cloudy
2026-09-18 12:00:00,Z08,26.951,75.746,32.8,0.2,67,10.8,Partly Cloudy
2026-09-18 12:00:00,Z09,26.9,75.758,33.6,0.1,66,8.3,Partly Cloudy
2026-09-18 12:00:00,Z10,26.926,75.8,33.6,0.4,66,10.3,Partly Cloudy
2026-09-18 13:00:00,Z01,26.9124,75.7873,33.6,0.0,75,8.0,Partly Cloudy
2026-09-18 13:00:00,Z02,26.85,75.804,33.0,0.0,61,5.1,Partly Cloudy
2026-09-18 13:00:00,Z03,26.912,75.798,31.3,0.3,66,11.9,Partly Cloudy
2026-09-18 13:00:00,Z04,26.912,75.739,33.0,0.2,64,8.0,Partly Cloudy
2026-09-18 13:00:00,Z05,26.856,75.764,32.4,0.0,69,13.0,Partly Cloudy
2026-09-18 13:00:00,Z06,26.9,75.825,34.4,0.5,65,11.6,Partly Cloudy
2026-09-18 13:00:00,Z07,26.831,75.841,32.8,0.0,67,11.7,Partly Cloudy
2026-09-18 13:00:00,Z08,26.951,75.746,32.8,0.3,68,10.3,Partly Cloudy
2026-09-18 13:00:00,Z09,26.9,75.758,32.6,0.7,73,11.0,Partly Cloudy
2026-09-18 13:00:00,Z10,26.926,75.8,32.6,0.0,69,11.2,Partly Cloudy
2026-09-18 14:00:00,Z01,26.9124,75.7873,32.5,0.3,84,12.6,Partly Cloudy
2026-09-18 14:00:00,Z02,26.85,75.804,31.8,0.7,69,3.9,Partly Cloudy
2026-09-18 14:00:00,Z03,26.912,75.798,34.5,0.0,69,10.1,Partly Cloudy
2026-09-18 14:00:00,Z04,26.912,75.739,30.6,0.3,70,12.5,Partly Cloudy
2026-09-18 14:00:00,Z05,26.856,75.764,34.0,0.3,76,5.6,Partly Cloudy
2026-09-18 14:00:00,Z06,26.9,75.825,35.1,0.3,69,11.9,Partly Cloudy
2026-09-18 14:00:00,Z07,26.831,75.841,32.0,0.3,73,8.6,Partly Cloudy
2026-09-18 14:00:00,Z08,26.951,75.746,32.4,0.5,66,10.2,Partly Cloudy
2026-09-18 14:00:00,Z09,26.9,75.758,32.3,0.4,74,13.1,Partly Cloudy
2026-09-18 14:00:00,Z10,26.926,75.8,33.2,0.1,66,8.7,Partly Cloudy
2026-09-18 15:00:00,Z01,26.9124,75.7873,33.7,0.5,66,12.6,Partly Cloudy
2026-09-18 15:00:00,Z02,26.85,75.804,31.1,0.4,83,7.7,Partly Cloudy
2026-09-18 15:00:00,Z03,26.912,75.798,32.3,0.0,80,12.0,Partly Cloudy
2026-09-18 15:00:00,Z04,26.912,75.739,32.5,0.3,65,17.3,Partly Cloudy
2026-09-18 15:00:00,Z05,26.856,75.764,32.6,0.2,76,11.4,Partly Cloudy
2026-09-18 15:00:00,Z06,26.9,75.825,33.7,0.0,74,15.6,Partly Cloudy
2026-09-18 15:00:00,Z07,26.831,75.841,32.2,0.8,68,7.0,Partly Cloudy
2026-09-18 15:00:00,Z08,26.951,75.746,33.9,0.2,78,4.9,Partly Cloudy
2026-09-18 15:00:00,Z09,26.9,75.758,30.7,0.1,69,7.0,Partly Cloudy
2026-09-18 15:00:00,Z10,26.926,75.8,31.0,0.5,72,6.1,Partly Cloudy
2026-09-18 16:00:00,Z01,26.9124,75.7873,30.0,0.1,82,9.2,Partly Cloudy
2026-09-18 16:00:00,Z02,26.85,75.804,31.5,0.1,70,1.9,Partly Cloudy
2026-09-18 16:00:00,Z03,26.912,75.798,32.7,0.1,76,15.5,Partly Cloudy
2026-09-18 16:00:00,Z04,26.912,75.739,31.6,0.1,65,17.7,Partly Cloudy
2026-09-18 16:00:00,Z05,26.856,75.764,31.4,0.2,71,10.6,Partly Cloudy
2026-09-18 16:00:00,Z06,26.9,75.825,31.0,0.0,68,9.9,Partly Cloudy
2026-09-18 16:00:00,Z07,26.831,75.841,33.0,0.0,72,9.2,Partly Cloudy
2026-09-18 16:00:00,Z08,26.951,75.746,29.5,0.0,78,13.7,Partly Cloudy
2026-09-18 16:00:00,Z09,26.9,75.758,30.8,0.1,69,5.8,Partly Cloudy
2026-09-18 16:00:00,Z10,26.926,75.8,32.8,0.0,82,12.8,Partly Cloudy
2026-09-18 17:00:00,Z01,26.9124,75.7873,31.0,0.5,65,8.4,Partly Cloudy
2026-09-18 17:00:00,Z02,26.85,75.804,30.1,0.0,76,9.3,Partly Cloudy
2026-09-18 17:00:00,Z03,26.912,75.798,31.7,0.5,74,8.9,Partly Cloudy
2026-09-18 17:00:00,Z04,26.912,75.739,30.2,0.0,75,11.8,Partly Cloudy
2026-09-18 17:00:00,Z05,26.856,75.764,30.3,0.3,64,12.8,Partly Cloudy
2026-09-18 17:00:00,Z06,26.9,75.825,29.1,0.0,78,7.9,Partly Cloudy
2026-09-18 17:00:00,Z07,26.831,75.841,32.3,0.0,75,6.2,Partly Cloudy
2026-09-18 17:00:00,Z08,26.951,75.746,30.4,0.0,82,10.6,Partly Cloudy
2026-09-18 17:00:00,Z09,26.9,75.758,31.6,0.0,74,9.9,Partly Cloudy
2026-09-18 17:00:00,Z10,26.926,75.8,30.4,0.2,72,8.9,Partly Cloudy
2026-09-18 18:00:00,Z01,26.9124,75.7873,30.0,0.3,61,6.0,Partly Cloudy
2026-09-18 18:00:00,Z02,26.85,75.804,29.6,0.3,70,10.1,Partly Cloudy
2026-09-18 18:00:00,Z03,26.912,75.798,28.3,0.0,67,10.6,Partly Cloudy
2026-09-18 18:00:00,Z04,26.912,75.739,29.8,0.4,61,13.1,Partly Cloudy
2026-09-18 18:00:00,Z05,26.856,75.764,30.3,0.3,77,15.0,Partly Cloudy
2026-09-18 18:00:00,Z06,26.9,75.825,29.3,0.0,64,8.1,Partly Cloudy
2026-09-18 18:00:00,Z07,26.831,75.841,28.5,0.4,67,10.6,Partly Cloudy
2026-09-18 18:00:00,Z08,26.951,75.746,27.9,0.0,63,7.2,Partly Cloudy
2026-09-18 18:00:00,Z09,26.9,75.758,31.9,0.0,78,7.2,Partly Cloudy
2026-09-18 18:00:00,Z10,26.926,75.8,30.0,0.4,73,7.4,Partly Cloudy
2026-09-18 19:00:00,Z01,26.9124,75.7873,27.9,0.0,72,17.7,Partly Cloudy
2026-09-18 19:00:00,Z02,26.85,75.804,29.8,0.7,67,9.9,Partly Cloudy
2026-09-18 19:00:00,Z03,26.912,75.798,27.4,0.0,82,12.1,Partly Cloudy
2026-09-18 19:00:00,Z04,26.912,75.739,26.4,0.5,77,11.9,Partly Cloudy
2026-09-18 19:00:00,Z05,26.856,75.764,28.6,0.0,70,9.8,Partly Cloudy
2026-09-18 19:00:00,Z06,26.9,75.825,28.6,0.3,63,11.1,Partly Cloudy
2026-09-18 19:00:00,Z07,26.831,75.841,28.5,0.4,78,12.5,Partly Cloudy
2026-09-18 19:00:00,Z08,26.951,75.746,28.2,0.2,62,11.3,Partly Cloudy
2026-09-18 19:00:00,Z09,26.9,75.758,29.1,0.3,64,6.8,Partly Cloudy
2026-09-18 19:00:00,Z10,26.926,75.8,28.0,0.2,76,10.1,Partly Cloudy
2026-09-18 20:00:00,Z01,26.9124,75.7873,26.2,0.6,68,10.3,Partly Cloudy
2026-09-18 20:00:00,Z02,26.85,75.804,26.2,0.0,70,10.7,Partly Cloudy
2026-09-18 20:00:00,Z03,26.912,75.798,26.3,0.7,66,9.4,Partly Cloudy
2026-09-18 20:00:00,Z04,26.912,75.739,25.2,0.8,73,13.1,Partly Cloudy
2026-09-18 20:00:00,Z05,26.856,75.764,27.8,0.3,77,10.2,Partly Cloudy
2026-09-18 20:00:00,Z06,26.9,75.825,26.3,0.0,80,16.9,Partly Cloudy
2026-09-18 20:00:00,Z07,26.831,75.841,26.2,0.0,80,14.7,Partly Cloudy
2026-09-18 20:00:00,Z08,26.951,75.746,25.8,0.0,70,6.0,Partly Cloudy
2026-09-18 20:00:00,Z09,26.9,75.758,26.9,0.0,67,9.9,Partly Cloudy
2026-09-18 20:00:00,Z10,26.926,75.8,26.5,0.8,66,13.0,Partly Cloudy
2026-09-18 21:00:00,Z01,26.9124,75.7873,25.9,0.2,76,6.6,Partly Cloudy
2026-09-18 21:00:00,Z02,26.85,75.804,28.0,0.3,74,10.9,Partly Cloudy
2026-09-18 21:00:00,Z03,26.912,75.798,24.9,0.0,68,8.1,Partly Cloudy
2026-09-18 21:00:00,Z04,26.912,75.739,24.9,0.0,79,14.3,Partly Cloudy
2026-09-18 21:00:00,Z05,26.856,75.764,26.1,0.0,74,8.3,Partly Cloudy
2026-09-18 21:00:00,Z06,26.9,75.825,27.3,0.3,62,14.6,Partly Cloudy
2026-09-18 21:00:00,Z07,26.831,75.841,25.8,0.0,69,10.9,Partly Cloudy
2026-09-18 21:00:00,Z08,26.951,75.746,24.7,0.5,84,9.5,Partly Cloudy
2026-09-18 21:00:00,Z09,26.9,75.758,27.3,0.0,67,9.9,Partly Cloudy
2026-09-18 21:00:00,Z10,26.926,75.8,26.7,0.0,73,10.0,Partly Cloudy
2026-09-18 22:00:00,Z01,26.9124,75.7873,25.5,1.2,68,8.5,Partly Cloudy
2026-09-18 22:00:00,Z02,26.85,75.804,24.1,0.5,83,11.8,Partly Cloudy
2026-09-18 22:00:00,Z03,26.912,75.798,25.0,0.4,78,12.5,Partly Cloudy
2026-09-18 22:00:00,Z04,26.912,75.739,25.1,0.6,79,14.1,Partly Cloudy
2026-09-18 22:00:00,Z05,26.856,75.764,23.6,0.1,72,13.6,Partly Cloudy
2026-09-18 22:00:00,Z06,26.9,75.825,25.7,0.3,69,10.1,Partly Cloudy
2026-09-18 22:00:00,Z07,26.831,75.841,25.2,0.3,72,5.9,Partly Cloudy
2026-09-18 22:00:00,Z08,26.951,75.746,24.7,0.5,84,9.1,Partly Cloudy
2026-09-18 22:00:00,Z09,26.9,75.758,24.7,0.3,81,9.7,Partly Cloudy
2026-09-18 22:00:00,Z10,26.926,75.8,24.7,0.4,73,8.7,Partly Cloudy
2026-09-18 23:00:00,Z01,26.9124,75.7873,23.0,0.6,65,10.4,Partly Cloudy
2026-09-18 23:00:00,Z02,26.85,75.804,24.0,0.7,62,8.3,Partly Cloudy
2026-09-18 23:00:00,Z03,26.912,75.798,25.6,0.8,71,8.3,Partly Cloudy
2026-09-18 23:00:00,Z04,26.912,75.739,23.2,0.0,58,11.3,Partly Cloudy
2026-09-18 23:00:00,Z05,26.856,75.764,23.1,0.0,76,10.7,Partly Cloudy
2026-09-18 23:00:00,Z06,26.9,75.825,23.6,0.0,77,12.0,Partly Cloudy
2026-09-18 23:00:00,Z07,26.831,75.841,23.0,0.9,65,5.4,Partly Cloudy
2026-09-18 23:00:00,Z08,26.951,75.746,24.0,0.2,73,9.3,Partly Cloudy
2026-09-18 23:00:00,Z09,26.9,75.758,24.8,0.0,80,9.8,Partly Cloudy
2026-09-18 23:00:00,Z10,26.926,75.8,24.1,0.3,74,11.7,Partly Cloudy
2026-09-19 00:00:00,Z01,26.9124,75.7873,23.9,0.5,79,10.6,Partly Cloudy
2026-09-19 00:00:00,Z02,26.85,75.804,25.0,0.2,80,8.0,Partly Cloudy
2026-09-19 00:00:00,Z03,26.912,75.798,22.5,0.2,63,10.4,Partly Cloudy
2026-09-19 00:00:00,Z04,26.912,75.739,21.3,0.5,68,8.7,Partly Cloudy
2026-09-19 00:00:00,Z05,26.856,75.764,23.9,0.0,57,5.2,Partly Cloudy
2026-09-19 00:00:00,Z06,26.9,75.825,23.1,0.5,74,7.1,Partly Cloudy
2026-09-19 00:00:00,Z07,26.831,75.841,24.0,0.2,65,14.5,Partly Cloudy
2026-09-19 00:00:00,Z08,26.951,75.746,21.1,0.1,72,10.6,Partly Cloudy
2026-09-19 00:00:00,Z09,26.9,75.758,22.9,0.1,67,7.0,Partly Cloudy
2026-09-19 00:00:00,Z10,26.926,75.8,23.7,0.9,75,8.3,Partly Cloudy
2026-09-19 01:00:00,Z01,26.9124,75.7873,22.4,0.8,77,10.2,Partly Cloudy
2026-09-19 01:00:00,Z02,26.85,75.804,23.6,0.5,74,12.7,Partly Cloudy
2026-09-19 01:00:00,Z03,26.912,75.798,23.2,0.6,68,14.0,Partly Cloudy
2026-09-19 01:00:00,Z04,26.912,75.739,23.2,1.0,67,15.2,Partly Cloudy
2026-09-19 01:00:00,Z05,26.856,75.764,23.4,0.0,69,9.0,Partly Cloudy
2026-09-19 01:00:00,Z06,26.9,75.825,25.1,0.4,68,9.9,Partly Cloudy
2026-09-19 01:00:00,Z07,26.831,75.841,23.1,0.9,74,10.1,Partly Cloudy
2026-09-19 01:00:00,Z08,26.951,75.746,21.3,0.4,65,9.2,Partly Cloudy
2026-09-19 01:00:00,Z09,26.9,75.758,24.6,0.4,75,8.6,Partly Cloudy
2026-09-19 01:00:00,Z10,26.926,75.8,24.0,0.0,63,10.7,Partly Cloudy
2026-09-19 02:00:00,Z01,26.9124,75.7873,23.1,0.9,69,13.2,Partly Cloudy
2026-09-19 02:00:00,Z02,26.85,75.804,21.6,0.1,77,12.0,Partly Cloudy
2026-09-19 02:00:00,Z03,26.912,75.798,23.6,0.8,80,8.1,Partly Cloudy
2026-09-19 02:00:00,Z04,26.912,75.739,22.5,0.4,73,8.3,Partly Cloudy
2026-09-19 02:00:00,Z05,26.856,75.764,22.8,0.2,79,11.6,Partly Cloudy
2026-09-19 02:00:00,Z06,26.9,75.825,21.4,0.5,54,13.4,Partly Cloudy
2026-09-19 02:00:00,Z07,26.831,75.841,24.3,0.1,65,6.1,Partly Cloudy
2026-09-19 02:00:00,Z08,26.951,75.746,23.6,0.0,74,9.9,Partly Cloudy
2026-09-19 02:00:00,Z09,26.9,75.758,22.7,0.2,64,13.0,Partly Cloudy
2026-09-19 02:00:00,Z10,26.926,75.8,24.0,0.0,69,14.5,Partly Cloudy
2026-09-19 03:00:00,Z01,26.9124,75.7873,25.7,0.1,69,9.0,Partly Cloudy
2026-09-19 03:00:00,Z02,26.85,75.804,23.9,0.4,74,13.1,Partly Cloudy
2026-09-19 03:00:00,Z03,26.912,75.798,23.6,0.1,70,9.8,Partly Cloudy
2026-09-19 03:00:00,Z04,26.912,75.739,23.6,0.5,72,12.2,Partly Cloudy
2026-09-19 03:00:00,Z05,26.856,75.764,24.0,0.2,60,12.7,Partly Cloudy
2026-09-19 03:00:00,Z06,26.9,75.825,23.5,0.6,54,16.3,Partly Cloudy
2026-09-19 03:00:00,Z07,26.831,75.841,22.6,0.6,65,11.8,Partly Cloudy
2026-09-19 03:00:00,Z08,26.951,75.746,23.9,0.0,83,9.4,Partly Cloudy
2026-09-19 03:00:00,Z09,26.9,75.758,24.0,0.5,74,10.5,Partly Cloudy
2026-09-19 03:00:00,Z10,26.926,75.8,24.7,1.2,71,10.6,Partly Cloudy
2026-09-19 04:00:00,Z01,26.9124,75.7873,23.3,0.6,79,11.9,Partly Cloudy
2026-09-19 04:00:00,Z02,26.85,75.804,23.7,0.9,65,10.9,Partly Cloudy
2026-09-19 04:00:00,Z03,26.912,75.798,24.9,0.2,73,11.0,Partly Cloudy
2026-09-19 04:00:00,Z04,26.912,75.739,25.4,0.8,74,9.3,Partly Cloudy
2026-09-19 04:00:00,Z05,26.856,75.764,25.2,0.7,64,11.8,Partly Cloudy
2026-09-19 04:00:00,Z06,26.9,75.825,24.6,0.1,80,9.5,Partly Cloudy
2026-09-19 04:00:00,Z07,26.831,75.841,23.0,0.1,72,6.7,Partly Cloudy
2026-09-19 04:00:00,Z08,26.951,75.746,22.3,0.8,66,7.0,Partly Cloudy
2026-09-19 04:00:00,Z09,26.9,75.758,25.5,0.0,64,14.9,Partly Cloudy
2026-09-19 04:00:00,Z10,26.926,75.8,24.1,0.0,85,12.9,Partly Cloudy
2026-09-19 05:00:00,Z01,26.9124,75.7873,23.9,0.0,85,5.8,Partly Cloudy
2026-09-19 05:00:00,Z02,26.85,75.804,26.1,0.6,86,14.2,Partly Cloudy
2026-09-19 05:00:00,Z03,26.912,75.798,25.8,0.4,77,12.3,Partly Cloudy
2026-09-19 05:00:00,Z04,26.912,75.739,25.2,0.2,71,7.7,Partly Cloudy
2026-09-19 05:00:00,Z05,26.856,75.764,24.4,0.0,71,7.0,Partly Cloudy
2026-09-19 05:00:00,Z06,26.9,75.825,23.9,0.3,80,12.8,Partly Cloudy
2026-09-19 05:00:00,Z07,26.831,75.841,25.3,0.0,77,7.1,Partly Cloudy
2026-09-19 05:00:00,Z08,26.951,75.746,24.2,0.4,66,10.3,Partly Cloudy
2026-09-19 05:00:00,Z09,26.9,75.758,25.9,0.0,73,5.2,Partly Cloudy
2026-09-19 05:00:00,Z10,26.926,75.8,26.9,0.2,75,10.7,Partly Cloudy
2026-09-19 06:00:00,Z01,26.9124,75.7873,27.2,0.3,69,10.4,Partly Cloudy
2026-09-19 06:00:00,Z02,26.85,75.804,26.0,0.2,72,7.9,Partly Cloudy
2026-09-19 06:00:00,Z03,26.912,75.798,26.0,0.0,82,6.3,Partly Cloudy
2026-09-19 06:00:00,Z04,26.912,75.739,28.0,0.0,77,9.1,Partly Cloudy
2026-09-19 06:00:00,Z05,26.856,75.764,28.9,0.0,73,7.5,Partly Cloudy
2026-09-19 06:00:00,Z06,26.9,75.825,27.1,0.0,73,11.9,Partly Cloudy
2026-09-19 06:00:00,Z07,26.831,75.841,26.6,0.1,71,10.1,Partly Cloudy
2026-09-19 06:00:00,Z08,26.951,75.746,25.3,0.6,85,8.3,Partly Cloudy
2026-09-19 06:00:00,Z09,26.9,75.758,28.3,0.2,87,7.6,Partly Cloudy
2026-09-19 06:00:00,Z10,26.926,75.8,28.3,0.9,68,11.7,Partly Cloudy
2026-09-19 07:00:00,Z01,26.9124,75.7873,27.0,0.0,70,8.3,Partly Cloudy
2026-09-19 07:00:00,Z02,26.85,75.804,27.2,0.0,64,10.1,Partly Cloudy
2026-09-19 07:00:00,Z03,26.912,75.798,28.8,0.3,62,11.0,Partly Cloudy
2026-09-19 07:00:00,Z04,26.912,75.739,26.8,0.0,74,13.7,Partly Cloudy
2026-09-19 07:00:00,Z05,26.856,75.764,27.9,0.9,74,7.9,Partly Cloudy
2026-09-19 07:00:00,Z06,26.9,75.825,27.1,0.4,72,11.6,Partly Cloudy
2026-09-19 07:00:00,Z07,26.831,75.841,27.1,0.3,63,9.7,Partly Cloudy
2026-09-19 07:00:00,Z08,26.951,75.746,28.6,0.0,79,13.3,Partly Cloudy
2026-09-19 07:00:00,Z09,26.9,75.758,28.1,0.0,70,13.6,Partly Cloudy
2026-09-19 07:00:00,Z10,26.926,75.8,27.7,1.1,74,10.6,Partly Cloudy
2026-09-19 08:00:00,Z01,26.9124,75.7873,30.3,0.3,71,12.1,Partly Cloudy
2026-09-19 08:00:00,Z02,26.85,75.804,29.8,0.0,64,4.5,Partly Cloudy
2026-09-19 08:00:00,Z03,26.912,75.798,31.8,0.0,59,11.2,Partly Cloudy
2026-09-19 08:00:00,Z04,26.912,75.739,29.2,0.2,77,10.2,Partly Cloudy
2026-09-19 08:00:00,Z05,26.856,75.764,29.6,0.6,70,10.8,Partly Cloudy
2026-09-19 08:00:00,Z06,26.9,75.825,28.5,0.0,77,9.5,Partly Cloudy
2026-09-19 08:00:00,Z07,26.831,75.841,29.3,0.4,66,10.1,Partly Cloudy
2026-09-19 08:00:00,Z08,26.951,75.746,30.1,0.6,74,9.9,Partly Cloudy
2026-09-19 08:00:00,Z09,26.9,75.758,28.0,0.8,75,10.0,Partly Cloudy
2026-09-19 08:00:00,Z10,26.926,75.8,29.1,0.0,70,8.2,Partly Cloudy
2026-09-19 09:00:00,Z01,26.9124,75.7873,31.0,0.2,75,9.8,Partly Cloudy
2026-09-19 09:00:00,Z02,26.85,75.804,30.4,0.2,60,7.2,Partly Cloudy
2026-09-19 09:00:00,Z03,26.912,75.798,31.7,0.0,75,14.6,Partly Cloudy
2026-09-19 09:00:00,Z04,26.912,75.739,30.2,0.1,80,10.4,Partly Cloudy
2026-09-19 09:00:00,Z05,26.856,75.764,30.7,0.0,70,8.8,Partly Cloudy
2026-09-19 09:00:00,Z06,26.9,75.825,31.7,0.3,72,11.3,Partly Cloudy
2026-09-19 09:00:00,Z07,26.831,75.841,31.4,0.6,63,2.3,Partly Cloudy
2026-09-19 09:00:00,Z08,26.951,75.746,28.7,0.0,70,6.5,Partly Cloudy
2026-09-19 09:00:00,Z09,26.9,75.758,27.9,0.4,76,8.3,Partly Cloudy
2026-09-19 09:00:00,Z10,26.926,75.8,30.7,0.0,74,5.6,Partly Cloudy
2026-09-19 10:00:00,Z01,26.9124,75.7873,30.6,0.2,75,10.4,Partly Cloudy
2026-09-19 10:00:00,Z02,26.85,75.804,30.6,0.7,71,9.9,Partly Cloudy
2026-09-19 10:00:00,Z03,26.912,75.798,33.2,0.0,66,9.5,Partly Cloudy
2026-09-19 10:00:00,Z04,26.912,75.739,31.3,0.0,62,14.4,Partly Cloudy
2026-09-19 10:00:00,Z05,26.856,75.764,33.4,0.0,78,8.2,Partly Cloudy
2026-09-19 10:00:00,Z06,26.9,75.825,30.9,0.5,69,16.5,Partly Cloudy
2026-09-19 10:00:00,Z07,26.831,75.841,33.1,0.5,73,13.9,Partly Cloudy
2026-09-19 10:00:00,Z08,26.951,75.746,30.9,0.2,67,11.4,Partly Cloudy
2026-09-19 10:00:00,Z09,26.9,75.758,31.7,1.0,72,8.9,Partly Cloudy
2026-09-19 10:00:00,Z10,26.926,75.8,30.9,0.0,66,13.6,Partly Cloudy
2026-09-19 11:00:00,Z01,26.9124,75.7873,33.0,0.0,75,13.6,Partly Cloudy
2026-09-19 11:00:00,Z02,26.85,75.804,33.8,0.6,67,5.7,Partly Cloudy
2026-09-19 11:00:00,Z03,26.912,75.798,32.9,0.1,70,14.0,Partly Cloudy
2026-09-19 11:00:00,Z04,26.912,75.739,33.3,0.4,84,8.1,Partly Cloudy
2026-09-19 11:00:00,Z05,26.856,75.764,32.8,0.2,73,14.6,Partly Cloudy
2026-09-19 11:00:00,Z06,26.9,75.825,31.5,0.4,78,8.9,Partly Cloudy
2026-09-19 11:00:00,Z07,26.831,75.841,31.2,0.0,60,16.2,Partly Cloudy
2026-09-19 11:00:00,Z08,26.951,75.746,33.1,0.1,70,10.9,Partly Cloudy
2026-09-19 11:00:00,Z09,26.9,75.758,32.6,0.5,68,9.5,Partly Cloudy
2026-09-19 11:00:00,Z10,26.926,75.8,33.1,0.1,81,11.5,Partly Cloudy
2026-09-19 12:00:00,Z01,26.9124,75.7873,31.5,0.5,79,10.5,Partly Cloudy
2026-09-19 12:00:00,Z02,26.85,75.804,33.4,0.4,68,8.4,Partly Cloudy
2026-09-19 12:00:00,Z03,26.912,75.798,34.5,0.7,72,10.9,Partly Cloudy
2026-09-19 12:00:00,Z04,26.912,75.739,31.1,0.3,87,11.7,Partly Cloudy
2026-09-19 12:00:00,Z05,26.856,75.764,33.5,0.5,74,13.9,Partly Cloudy
2026-09-19 12:00:00,Z06,26.9,75.825,32.0,0.1,64,9.4,Partly Cloudy
2026-09-19 12:00:00,Z07,26.831,75.841,33.2,0.0,75,15.0,Partly Cloudy
2026-09-19 12:00:00,Z08,26.951,75.746,32.2,0.0,74,13.6,Partly Cloudy
2026-09-19 12:00:00,Z09,26.9,75.758,33.5,0.1,72,7.6,Partly Cloudy
2026-09-19 12:00:00,Z10,26.926,75.8,32.4,0.2,74,7.3,Partly Cloudy
2026-09-19 13:00:00,Z01,26.9124,75.7873,32.6,0.5,69,15.2,Partly Cloudy
2026-09-19 13:00:00,Z02,26.85,75.804,31.2,0.3,77,5.7,Partly Cloudy
2026-09-19 13:00:00,Z03,26.912,75.798,35.6,0.0,79,8.3,Partly Cloudy
2026-09-19 13:00:00,Z04,26.912,75.739,35.0,0.0,73,14.6,Partly Cloudy
2026-09-19 13:00:00,Z05,26.856,75.764,33.6,1.0,79,13.1,Partly Cloudy
2026-09-19 13:00:00,Z06,26.9,75.825,33.0,0.5,68,7.5,Partly Cloudy
2026-09-19 13:00:00,Z07,26.831,75.841,34.0,0.1,69,12.1,Partly Cloudy
2026-09-19 13:00:00,Z08,26.951,75.746,32.8,0.2,80,6.6,Partly Cloudy
2026-09-19 13:00:00,Z09,26.9,75.758,32.9,0.0,60,9.8,Partly Cloudy
2026-09-19 13:00:00,Z10,26.926,75.8,34.9,0.8,75,6.9,Partly Cloudy
2026-09-19 14:00:00,Z01,26.9124,75.7873,31.9,0.7,75,9.3,Partly Cloudy
2026-09-19 14:00:00,Z02,26.85,75.804,34.4,0.1,78,15.7,Partly Cloudy
2026-09-19 14:00:00,Z03,26.912,75.798,31.1,0.0,65,10.4,Partly Cloudy
2026-09-19 14:00:00,Z04,26.912,75.739,31.2,0.3,71,8.6,Partly Cloudy
2026-09-19 14:00:00,Z05,26.856,75.764,30.0,0.4,68,6.5,Partly Cloudy
2026-09-19 14:00:00,Z06,26.9,75.825,32.4,0.2,82,15.0,Partly Cloudy
2026-09-19 14:00:00,Z07,26.831,75.841,33.1,0.0,74,7.0,Partly Cloudy
2026-09-19 14:00:00,Z08,26.951,75.746,32.6,0.5,79,9.7,Partly Cloudy
2026-09-19 14:00:00,Z09,26.9,75.758,33.2,0.0,67,9.3,Partly Cloudy
2026-09-19 14:00:00,Z10,26.926,75.8,32.6,0.6,67,14.5,Partly Cloudy
2026-09-19 15:00:00,Z01,26.9124,75.7873,33.2,0.2,67,2.7,Partly Cloudy
2026-09-19 15:00:00,Z02,26.85,75.804,32.8,0.5,70,10.2,Partly Cloudy
2026-09-19 15:00:00,Z03,26.912,75.798,31.1,0.0,68,12.4,Partly Cloudy
2026-09-19 15:00:00,Z04,26.912,75.739,32.3,0.3,63,11.4,Partly Cloudy
2026-09-19 15:00:00,Z05,26.856,75.764,31.5,0.0,78,7.8,Partly Cloudy
2026-09-19 15:00:00,Z06,26.9,75.825,32.4,0.3,78,7.0,Partly Cloudy
2026-09-19 15:00:00,Z07,26.831,75.841,32.0,0.4,76,10.5,Partly Cloudy
2026-09-19 15:00:00,Z08,26.951,75.746,29.4,0.0,72,6.8,Partly Cloudy
2026-09-19 15:00:00,Z09,26.9,75.758,31.3,0.4,77,2.9,Partly Cloudy
2026-09-19 15:00:00,Z10,26.926,75.8,31.6,0.4,84,10.1,Partly Cloudy
2026-09-19 16:00:00,Z01,26.9124,75.7873,30.7,0.1,80,8.1,Partly Cloudy
2026-09-19 16:00:00,Z02,26.85,75.804,33.2,0.0,66,10.4,Partly Cloudy
2026-09-19 16:00:00,Z03,26.912,75.798,30.0,0.3,70,9.1,Partly Cloudy
2026-09-19 16:00:00,Z04,26.912,75.739,34.7,0.6,71,9.5,Partly Cloudy
2026-09-19 16:00:00,Z05,26.856,75.764,32.7,0.3,67,8.7,Partly Cloudy
2026-09-19 16:00:00,Z06,26.9,75.825,30.9,0.2,63,12.8,Partly Cloudy
2026-09-19 16:00:00,Z07,26.831,75.841,32.8,0.9,78,8.7,Partly Cloudy
2026-09-19 16:00:00,Z08,26.951,75.746,30.7,0.2,77,11.5,Partly Cloudy
2026-09-19 16:00:00,Z09,26.9,75.758,31.1,0.0,78,9.0,Partly Cloudy
2026-09-19 16:00:00,Z10,26.926,75.8,30.5,0.0,74,16.2,Partly Cloudy
2026-09-19 17:00:00,Z01,26.9124,75.7873,31.0,0.2,80,9.8,Partly Cloudy
2026-09-19 17:00:00,Z02,26.85,75.804,31.5,0.0,74,9.4,Partly Cloudy
2026-09-19 17:00:00,Z03,26.912,75.798,30.8,0.7,87,11.7,Partly Cloudy
2026-09-19 17:00:00,Z04,26.912,75.739,30.2,0.3,69,11.0,Partly Cloudy
2026-09-19 17:00:00,Z05,26.856,75.764,31.6,0.3,79,7.0,Partly Cloudy
2026-09-19 17:00:00,Z06,26.9,75.825,29.9,0.7,71,3.6,Partly Cloudy
2026-09-19 17:00:00,Z07,26.831,75.841,30.0,0.7,71,7.0,Partly Cloudy
2026-09-19 17:00:00,Z08,26.951,75.746,30.1,0.5,75,9.3,Partly Cloudy
2026-09-19 17:00:00,Z09,26.9,75.758,30.2,0.0,66,14.8,Partly Cloudy
2026-09-19 17:00:00,Z10,26.926,75.8,30.1,0.7,81,13.0,Partly Cloudy
2026-09-19 18:00:00,Z01,26.9124,75.7873,29.6,0.4,71,7.3,Partly Cloudy
2026-09-19 18:00:00,Z02,26.85,75.804,29.5,0.0,79,8.6,Partly Cloudy
2026-09-19 18:00:00,Z03,26.912,75.798,28.8,0.3,70,11.8,Partly Cloudy
2026-09-19 18:00:00,Z04,26.912,75.739,31.2,0.5,63,10.4,Partly Cloudy
2026-09-19 18:00:00,Z05,26.856,75.764,29.5,0.0,67,11.5,Partly Cloudy
2026-09-19 18:00:00,Z06,26.9,75.825,30.4,0.3,74,11.9,Partly Cloudy
2026-09-19 18:00:00,Z07,26.831,75.841,31.2,0.4,70,12.0,Partly Cloudy
2026-09-19 18:00:00,Z08,26.951,75.746,29.2,0.1,66,13.3,Partly Cloudy
2026-09-19 18:00:00,Z09,26.9,75.758,29.2,0.0,77,8.4,Partly Cloudy
2026-09-19 18:00:00,Z10,26.926,75.8,28.9,0.3,73,12.1,Partly Cloudy
2026-09-19 19:00:00,Z01,26.9124,75.7873,28.6,0.4,70,12.2,Partly Cloudy
2026-09-19 19:00:00,Z02,26.85,75.804,28.8,0.0,78,8.4,Partly Cloudy
2026-09-19 19:00:00,Z03,26.912,75.798,27.7,0.3,83,9.3,Partly Cloudy
2026-09-19 19:00:00,Z04,26.912,75.739,26.4,0.2,70,12.4,Partly Cloudy
2026-09-19 19:00:00,Z05,26.856,75.764,29.7,0.0,65,12.9,Partly Cloudy
2026-09-19 19:00:00,Z06,26.9,75.825,29.2,0.2,70,10.2,Partly Cloudy
2026-09-19 19:00:00,Z07,26.831,75.841,28.5,0.0,73,12.9,Partly Cloudy
2026-09-19 19:00:00,Z08,26.951,75.746,28.7,0.3,78,1.9,Partly Cloudy
2026-09-19 19:00:00,Z09,26.9,75.758,29.4,0.0,61,11.5,Partly Cloudy
2026-09-19 19:00:00,Z10,26.926,75.8,29.3,0.1,77,14.8,Partly Cloudy
2026-09-19 20:00:00,Z01,26.9124,75.7873,25.1,0.9,76,10.2,Partly Cloudy
2026-09-19 20:00:00,Z02,26.85,75.804,26.5,0.1,66,16.5,Partly Cloudy
2026-09-19 20:00:00,Z03,26.912,75.798,28.4,0.2,75,10.1,Partly Cloudy
2026-09-19 20:00:00,Z04,26.912,75.739,25.4,0.0,73,7.8,Partly Cloudy
2026-09-19 20:00:00,Z05,26.856,75.764,26.0,0.0,71,8.7,Partly Cloudy
2026-09-19 20:00:00,Z06,26.9,75.825,27.5,0.0,71,5.5,Partly Cloudy
2026-09-19 20:00:00,Z07,26.831,75.841,26.0,0.2,63,9.1,Partly Cloudy
2026-09-19 20:00:00,Z08,26.951,75.746,26.8,0.3,80,4.4,Partly Cloudy
2026-09-19 20:00:00,Z09,26.9,75.758,26.0,0.1,76,10.6,Partly Cloudy
2026-09-19 20:00:00,Z10,26.926,75.8,26.7,0.1,67,13.2,Partly Cloudy
2026-09-19 21:00:00,Z01,26.9124,75.7873,24.0,1.0,71,7.9,Partly Cloudy
2026-09-19 21:00:00,Z02,26.85,75.804,26.0,0.0,62,10.8,Partly Cloudy
2026-09-19 21:00:00,Z03,26.912,75.798,25.6,0.0,77,8.6,Partly Cloudy
2026-09-19 21:00:00,Z04,26.912,75.739,24.6,0.8,77,9.2,Partly Cloudy
2026-09-19 21:00:00,Z05,26.856,75.764,24.5,0.0,67,9.4,Partly Cloudy
2026-09-19 21:00:00,Z06,26.9,75.825,24.8,0.1,72,9.3,Partly Cloudy
2026-09-19 21:00:00,Z07,26.831,75.841,26.9,0.3,74,6.7,Partly Cloudy
2026-09-19 21:00:00,Z08,26.951,75.746,25.7,0.2,72,12.1,Partly Cloudy
2026-09-19 21:00:00,Z09,26.9,75.758,25.9,0.6,73,8.2,Partly Cloudy
2026-09-19 21:00:00,Z10,26.926,75.8,25.3,0.0,72,9.9,Partly Cloudy
2026-09-19 22:00:00,Z01,26.9124,75.7873,24.6,0.1,60,8.4,Partly Cloudy
2026-09-19 22:00:00,Z02,26.85,75.804,23.6,0.3,65,13.8,Partly Cloudy
2026-09-19 22:00:00,Z03,26.912,75.798,26.2,0.6,74,8.1,Partly Cloudy
2026-09-19 22:00:00,Z04,26.912,75.739,23.8,0.0,77,13.0,Partly Cloudy
2026-09-19 22:00:00,Z05,26.856,75.764,24.7,0.8,70,10.9,Partly Cloudy
2026-09-19 22:00:00,Z06,26.9,75.825,22.7,0.1,76,12.4,Partly Cloudy
2026-09-19 22:00:00,Z07,26.831,75.841,25.6,0.7,62,13.1,Partly Cloudy
2026-09-19 22:00:00,Z08,26.951,75.746,24.2,0.0,69,6.7,Partly Cloudy
2026-09-19 22:00:00,Z09,26.9,75.758,25.9,0.1,76,13.9,Partly Cloudy
2026-09-19 22:00:00,Z10,26.926,75.8,23.7,0.0,70,4.9,Partly Cloudy
2026-09-19 23:00:00,Z01,26.9124,75.7873,23.1,0.6,81,6.3,Partly Cloudy
2026-09-19 23:00:00,Z02,26.85,75.804,24.1,0.2,73,7.6,Partly Cloudy
2026-09-19 23:00:00,Z03,26.912,75.798,23.7,0.0,71,11.6,Partly Cloudy
2026-09-19 23:00:00,Z04,26.912,75.739,23.3,0.0,71,9.7,Partly Cloudy
2026-09-19 23:00:00,Z05,26.856,75.764,23.4,0.1,81,11.7,Partly Cloudy
2026-09-19 23:00:00,Z06,26.9,75.825,24.0,0.5,69,13.5,Partly Cloudy
2026-09-19 23:00:00,Z07,26.831,75.841,22.5,0.2,74,5.3,Partly Cloudy
2026-09-19 23:00:00,Z08,26.951,75.746,25.9,0.0,72,15.2,Partly Cloudy
2026-09-19 23:00:00,Z09,26.9,75.758,23.1,0.5,75,4.6,Partly Cloudy
2026-09-19 23:00:00,Z10,26.926,75.8,23.2,0.0,68,9.5,Partly Cloudy
2026-09-20 00:00:00,Z01,26.9124,75.7873,23.4,0.0,76,6.8,Partly Cloudy
2026-09-20 00:00:00,Z02,26.85,75.804,22.9,1.0,66,2.4,Partly Cloudy
2026-09-20 00:00:00,Z03,26.912,75.798,23.7,0.6,83,6.3,Partly Cloudy
2026-09-20 00:00:00,Z04,26.912,75.739,21.7,0.0,71,17.9,Partly Cloudy
2026-09-20 00:00:00,Z05,26.856,75.764,23.3,0.3,74,13.3,Partly Cloudy
2026-09-20 00:00:00,Z06,26.9,75.825,22.8,0.3,69,10.8,Partly Cloudy
2026-09-20 00:00:00,Z07,26.831,75.841,23.1,0.4,69,11.1,Partly Cloudy
2026-09-20 00:00:00,Z08,26.951,75.746,24.4,0.7,71,4.7,Partly Cloudy
2026-09-20 00:00:00,Z09,26.9,75.758,24.5,0.0,68,8.2,Partly Cloudy
2026-09-20 00:00:00,Z10,26.926,75.8,23.4,0.0,90,13.2,Partly Cloudy
2026-09-20 01:00:00,Z01,26.9124,75.7873,23.6,0.2,73,11.6,Partly Cloudy
2026-09-20 01:00:00,Z02,26.85,75.804,22.8,0.4,72,9.4,Partly Cloudy
2026-09-20 01:00:00,Z03,26.912,75.798,20.1,0.1,78,11.8,Partly Cloudy
2026-09-20 01:00:00,Z04,26.912,75.739,22.6,0.5,73,9.9,Partly Cloudy
2026-09-20 01:00:00,Z05,26.856,75.764,23.4,0.6,77,7.7,Partly Cloudy
2026-09-20 01:00:00,Z06,26.9,75.825,23.9,0.0,63,8.1,Partly Cloudy
2026-09-20 01:00:00,Z07,26.831,75.841,23.5,0.6,75,12.2,Partly Cloudy
2026-09-20 01:00:00,Z08,26.951,75.746,23.8,0.0,74,12.4,Partly Cloudy
2026-09-20 01:00:00,Z09,26.9,75.758,24.1,0.7,76,11.1,Partly Cloudy
2026-09-20 01:00:00,Z10,26.926,75.8,22.3,0.2,66,9.5,Partly Cloudy
2026-09-20 02:00:00,Z01,26.9124,75.7873,22.9,0.0,71,7.6,Partly Cloudy
2026-09-20 02:00:00,Z02,26.85,75.804,22.4,0.0,73,10.0,Partly Cloudy
2026-09-20 02:00:00,Z03,26.912,75.798,22.4,0.5,77,5.2,Partly Cloudy
2026-09-20 02:00:00,Z04,26.912,75.739,23.0,0.0,66,12.5,Partly Cloudy
2026-09-20 02:00:00,Z05,26.856,75.764,21.9,0.1,59,11.9,Partly Cloudy
2026-09-20 02:00:00,Z06,26.9,75.825,21.9,0.2,73,14.1,Partly Cloudy
2026-09-20 02:00:00,Z07,26.831,75.841,24.4,0.0,73,15.4,Partly Cloudy
2026-09-20 02:00:00,Z08,26.951,75.746,22.2,0.3,69,12.4,Partly Cloudy
2026-09-20 02:00:00,Z09,26.9,75.758,25.9,0.4,75,13.2,Partly Cloudy
2026-09-20 02:00:00,Z10,26.926,75.8,21.4,0.4,68,9.9,Partly Cloudy
2026-09-20 03:00:00,Z01,26.9124,75.7873,23.8,0.0,69,8.4,Partly Cloudy
2026-09-20 03:00:00,Z02,26.85,75.804,23.7,0.0,78,10.0,Partly Cloudy
2026-09-20 03:00:00,Z03,26.912,75.798,22.8,0.1,72,12.5,Partly Cloudy
2026-09-20 03:00:00,Z04,26.912,75.739,22.9,0.0,70,6.0,Partly Cloudy
2026-09-20 03:00:00,Z05,26.856,75.764,23.9,0.0,77,10.8,Partly Cloudy
2026-09-20 03:00:00,Z06,26.9,75.825,23.6,0.5,71,11.2,Partly Cloudy
2026-09-20 03:00:00,Z07,26.831,75.841,23.5,0.3,68,2.7,Partly Cloudy
2026-09-20 03:00:00,Z08,26.951,75.746,24.9,0.8,77,12.9,Partly Cloudy
2026-09-20 03:00:00,Z09,26.9,75.758,23.4,0.2,73,8.1,Partly Cloudy
2026-09-20 03:00:00,Z10,26.926,75.8,23.2,0.4,79,9.6,Partly Cloudy
2026-09-20 04:00:00,Z01,26.9124,75.7873,22.2,0.2,75,5.7,Partly Cloudy
2026-09-20 04:00:00,Z02,26.85,75.804,24.3,0.0,64,8.5,Partly Cloudy
2026-09-20 04:00:00,Z03,26.912,75.798,24.8,0.0,80,11.0,Partly Cloudy
2026-09-20 04:00:00,Z04,26.912,75.739,24.4,0.4,65,13.1,Partly Cloudy
2026-09-20 04:00:00,Z05,26.856,75.764,25.3,0.5,65,5.3,Partly Cloudy
2026-09-20 04:00:00,Z06,26.9,75.825,25.6,0.4,66,7.4,Partly Cloudy
2026-09-20 04:00:00,Z07,26.831,75.841,25.1,0.0,81,7.3,Partly Cloudy
2026-09-20 04:00:00,Z08,26.951,75.746,24.3,0.1,75,8.4,Partly Cloudy
2026-09-20 04:00:00,Z09,26.9,75.758,24.0,0.2,65,12.2,Partly Cloudy
2026-09-20 04:00:00,Z10,26.926,75.8,24.3,0.1,66,2.3,Partly Cloudy
2026-09-20 05:00:00,Z01,26.9124,75.7873,25.2,1.2,76,9.9,Partly Cloudy
2026-09-20 05:00:00,Z02,26.85,75.804,26.6,0.2,75,6.5,Partly Cloudy
2026-09-20 05:00:00,Z03,26.912,75.798,25.5,0.5,76,11.3,Partly Cloudy
2026-09-20 05:00:00,Z04,26.912,75.739,24.9,0.5,75,8.9,Partly Cloudy
2026-09-20 05:00:00,Z05,26.856,75.764,24.0,0.2,81,6.3,Partly Cloudy
2026-09-20 05:00:00,Z06,26.9,75.825,25.7,0.3,72,10.5,Partly Cloudy
2026-09-20 05:00:00,Z07,26.831,75.841,24.7,0.1,80,5.2,Partly Cloudy
2026-09-20 05:00:00,Z08,26.951,75.746,27.2,0.2,62,9.5,Partly Cloudy
2026-09-20 05:00:00,Z09,26.9,75.758,24.9,0.2,73,6.2,Partly Cloudy
2026-09-20 05:00:00,Z10,26.926,75.8,26.1,0.0,70,13.8,Partly Cloudy
2026-09-20 06:00:00,Z01,26.9124,75.7873,27.8,0.0,73,11.5,Partly Cloudy
2026-09-20 06:00:00,Z02,26.85,75.804,25.4,0.8,65,7.6,Partly Cloudy
2026-09-20 06:00:00,Z03,26.912,75.798,26.6,0.1,74,13.0,Partly Cloudy
2026-09-20 06:00:00,Z04,26.912,75.739,28.8,0.1,72,7.5,Partly Cloudy
2026-09-20 06:00:00,Z05,26.856,75.764,26.7,0.0,73,16.1,Partly Cloudy
2026-09-20 06:00:00,Z06,26.9,75.825,28.1,0.1,69,9.5,Partly Cloudy
2026-09-20 06:00:00,Z07,26.831,75.841,26.4,0.0,81,5.7,Partly Cloudy
2026-09-20 06:00:00,Z08,26.951,75.746,27.2,0.0,75,5.2,Partly Cloudy
2026-09-20 06:00:00,Z09,26.9,75.758,26.0,1.0,63,10.6,Partly Cloudy
2026-09-20 06:00:00,Z10,26.926,75.8,27.2,0.4,72,8.1,Partly Cloudy
2026-09-20 07:00:00,Z01,26.9124,75.7873,26.7,0.9,70,12.2,Partly Cloudy
2026-09-20 07:00:00,Z02,26.85,75.804,28.4,0.0,74,14.5,Partly Cloudy
2026-09-20 07:00:00,Z03,26.912,75.798,28.6,0.1,71,6.2,Partly Cloudy
2026-09-20 07:00:00,Z04,26.912,75.739,28.3,0.6,69,8.6,Partly Cloudy
2026-09-20 07:00:00,Z05,26.856,75.764,27.8,0.0,71,16.3,Partly Cloudy
2026-09-20 07:00:00,Z06,26.9,75.825,27.8,0.1,68,12.2,Partly Cloudy
2026-09-20 07:00:00,Z07,26.831,75.841,27.4,0.0,79,14.3,Partly Cloudy
2026-09-20 07:00:00,Z08,26.951,75.746,28.8,0.0,78,7.9,Partly Cloudy
2026-09-20 07:00:00,Z09,26.9,75.758,28.7,0.0,77,6.4,Partly Cloudy
2026-09-20 07:00:00,Z10,26.926,75.8,28.7,0.2,66,8.8,Partly Cloudy
2026-09-20 08:00:00,Z01,26.9124,75.7873,27.7,0.2,75,15.9,Partly Cloudy
2026-09-20 08:00:00,Z02,26.85,75.804,28.0,0.8,72,7.3,Partly Cloudy
2026-09-20 08:00:00,Z03,26.912,75.798,30.8,0.1,77,9.6,Partly Cloudy
2026-09-20 08:00:00,Z04,26.912,75.739,29.7,0.0,71,6.2,Partly Cloudy
2026-09-20 08:00:00,Z05,26.856,75.764,29.5,0.6,69,2.2,Partly Cloudy
2026-09-20 08:00:00,Z06,26.9,75.825,28.2,0.4,74,13.7,Partly Cloudy
2026-09-20 08:00:00,Z07,26.831,75.841,29.6,0.5,79,4.7,Partly Cloudy
2026-09-20 08:00:00,Z08,26.951,75.746,28.8,0.0,71,11.0,Partly Cloudy
2026-09-20 08:00:00,Z09,26.9,75.758,28.2,0.0,72,6.7,Partly Cloudy
2026-09-20 08:00:00,Z10,26.926,75.8,29.8,0.5,65,12.0,Partly Cloudy
2026-09-20 09:00:00,Z01,26.9124,75.7873,29.5,0.0,67,13.6,Partly Cloudy
2026-09-20 09:00:00,Z02,26.85,75.804,30.2,0.0,74,12.4,Partly Cloudy
2026-09-20 09:00:00,Z03,26.912,75.798,31.5,0.0,80,15.2,Partly Cloudy
2026-09-20 09:00:00,Z04,26.912,75.739,31.0,0.2,67,7.5,Partly Cloudy
2026-09-20 09:00:00,Z05,26.856,75.764,29.0,0.4,80,12.0,Partly Cloudy
2026-09-20 09:00:00,Z06,26.9,75.825,30.8,0.6,66,8.8,Partly Cloudy
2026-09-20 09:00:00,Z07,26.831,75.841,30.3,1.0,90,11.8,Partly Cloudy
2026-09-20 09:00:00,Z08,26.951,75.746,32.3,0.4,77,9.0,Partly Cloudy
2026-09-20 09:00:00,Z09,26.9,75.758,30.9,0.3,74,12.0,Partly Cloudy
2026-09-20 09:00:00,Z10,26.926,75.8,29.4,0.5,68,8.3,Partly Cloudy
2026-09-20 10:00:00,Z01,26.9124,75.7873,33.2,0.4,76,11.4,Partly Cloudy
2026-09-20 10:00:00,Z02,26.85,75.804,31.1,0.2,76,6.7,Partly Cloudy
2026-09-20 10:00:00,Z03,26.912,75.798,31.5,0.5,77,9.1,Partly Cloudy
2026-09-20 10:00:00,Z04,26.912,75.739,32.1,0.0,69,12.7,Partly Cloudy
2026-09-20 10:00:00,Z05,26.856,75.764,30.9,0.4,72,10.0,Partly Cloudy
2026-09-20 10:00:00,Z06,26.9,75.825,31.0,0.5,74,11.5,Partly Cloudy
2026-09-20 10:00:00,Z07,26.831,75.841,30.7,0.0,78,8.6,Partly Cloudy
2026-09-20 10:00:00,Z08,26.951,75.746,32.2,0.5,69,13.2,Partly Cloudy
2026-09-20 10:00:00,Z09,26.9,75.758,31.8,0.5,63,13.6,Partly Cloudy
2026-09-20 10:00:00,Z10,26.926,75.8,31.9,0.1,72,4.7,Partly Cloudy
2026-09-20 11:00:00,Z01,26.9124,75.7873,33.4,0.0,63,5.4,Partly Cloudy
2026-09-20 11:00:00,Z02,26.85,75.804,30.6,0.0,81,8.4,Partly Cloudy
2026-09-20 11:00:00,Z03,26.912,75.798,31.8,0.0,79,9.5,Partly Cloudy
2026-09-20 11:00:00,Z04,26.912,75.739,33.8,0.3,75,13.4,Partly Cloudy
2026-09-20 11:00:00,Z05,26.856,75.764,32.6,0.1,64,8.8,Partly Cloudy
2026-09-20 11:00:00,Z06,26.9,75.825,32.3,0.0,66,11.0,Partly Cloudy
2026-09-20 11:00:00,Z07,26.831,75.841,31.4,0.2,67,9.3,Partly Cloudy
2026-09-20 11:00:00,Z08,26.951,75.746,31.4,0.6,78,4.5,Partly Cloudy
2026-09-20 11:00:00,Z09,26.9,75.758,30.9,0.0,68,9.7,Partly Cloudy
2026-09-20 11:00:00,Z10,26.926,75.8,32.4,0.0,65,10.6,Partly Cloudy
2026-09-20 12:00:00,Z01,26.9124,75.7873,32.6,0.0,73,8.4,Partly Cloudy
2026-09-20 12:00:00,Z02,26.85,75.804,33.7,0.9,80,6.1,Partly Cloudy
2026-09-20 12:00:00,Z03,26.912,75.798,34.4,0.5,65,12.5,Partly Cloudy
2026-09-20 12:00:00,Z04,26.912,75.739,33.1,0.0,66,13.1,Partly Cloudy
2026-09-20 12:00:00,Z05,26.856,75.764,31.5,0.4,74,11.2,Partly Cloudy
2026-09-20 12:00:00,Z06,26.9,75.825,32.8,0.6,79,9.3,Partly Cloudy
2026-09-20 12:00:00,Z07,26.831,75.841,32.8,0.0,75,11.7,Partly Cloudy
2026-09-20 12:00:00,Z08,26.951,75.746,31.8,0.6,69,11.7,Partly Cloudy
2026-09-20 12:00:00,Z09,26.9,75.758,32.5,0.2,70,10.7,Partly Cloudy
2026-09-20 12:00:00,Z10,26.926,75.8,31.2,0.1,76,8.7,Partly Cloudy
2026-09-20 13:00:00,Z01,26.9124,75.7873,33.7,0.9,80,6.1,Partly Cloudy
2026-09-20 13:00:00,Z02,26.85,75.804,32.8,0.0,73,10.9,Partly Cloudy
2026-09-20 13:00:00,Z03,26.912,75.798,32.2,0.0,67,7.3,Partly Cloudy
2026-09-20 13:00:00,Z04,26.912,75.739,34.5,0.2,67,12.0,Partly Cloudy
2026-09-20 13:00:00,Z05,26.856,75.764,33.5,0.0,73,11.5,Partly Cloudy
2026-09-20 13:00:00,Z06,26.9,75.825,31.8,0.2,76,11.4,Partly Cloudy
2026-09-20 13:00:00,Z07,26.831,75.841,33.0,0.5,77,7.7,Partly Cloudy
2026-09-20 13:00:00,Z08,26.951,75.746,35.4,0.5,70,13.2,Partly Cloudy
2026-09-20 13:00:00,Z09,26.9,75.758,33.7,0.0,63,10.9,Partly Cloudy
2026-09-20 13:00:00,Z10,26.926,75.8,33.7,0.1,80,6.0,Partly Cloudy
2026-09-20 14:00:00,Z01,26.9124,75.7873,32.1,19.6,97,20.0,Rain
2026-09-20 14:00:00,Z02,26.85,75.804,32.8,19.8,92,12.8,Rain
2026-09-20 14:00:00,Z03,26.912,75.798,32.1,22.1,75,14.0,Heavy Rain
2026-09-20 14:00:00,Z04,26.912,75.739,33.6,20.0,95,10.2,Heavy Rain
2026-09-20 14:00:00,Z05,26.856,75.764,33.2,20.9,85,16.4,Heavy Rain
2026-09-20 14:00:00,Z06,26.9,75.825,32.2,24.3,92,13.0,Heavy Rain
2026-09-20 14:00:00,Z07,26.831,75.841,34.1,17.7,82,22.8,Rain
2026-09-20 14:00:00,Z08,26.951,75.746,33.4,16.6,79,15.4,Rain
2026-09-20 14:00:00,Z09,26.9,75.758,33.2,24.2,85,13.6,Heavy Rain
2026-09-20 14:00:00,Z10,26.926,75.8,32.0,22.3,73,13.3,Heavy Rain
2026-09-20 15:00:00,Z01,26.9124,75.7873,32.0,29.7,98,15.1,Heavy Rain
2026-09-20 15:00:00,Z02,26.85,75.804,32.9,32.7,89,15.3,Heavy Rain
2026-09-20 15:00:00,Z03,26.912,75.798,31.4,37.2,80,15.4,Heavy Rain
2026-09-20 15:00:00,Z04,26.912,75.739,32.0,31.2,81,12.7,Heavy Rain
2026-09-20 15:00:00,Z05,26.856,75.764,32.4,32.9,92,10.3,Heavy Rain
2026-09-20 15:00:00,Z06,26.9,75.825,32.0,26.2,79,13.3,Heavy Rain
2026-09-20 15:00:00,Z07,26.831,75.841,31.8,38.7,89,9.9,Heavy Rain
2026-09-20 15:00:00,Z08,26.951,75.746,30.5,33.1,98,9.2,Heavy Rain
2026-09-20 15:00:00,Z09,26.9,75.758,32.9,36.5,89,11.4,Heavy Rain
2026-09-20 15:00:00,Z10,26.926,75.8,33.3,18.5,87,15.0,Rain
2026-09-20 16:00:00,Z01,26.9124,75.7873,31.8,31.9,87,11.2,Heavy Rain
2026-09-20 16:00:00,Z02,26.85,75.804,32.2,32.4,84,11.0,Heavy Rain
2026-09-20 16:00:00,Z03,26.912,75.798,30.1,39.4,85,14.1,Heavy Rain
2026-09-20 16:00:00,Z04,26.912,75.739,30.4,34.8,86,21.9,Heavy Rain
2026-09-20 16:00:00,Z05,26.856,75.764,33.3,41.9,92,14.8,Heavy Rain
2026-09-20 16:00:00,Z06,26.9,75.825,32.8,37.5,89,13.8,Heavy Rain
2026-09-20 16:00:00,Z07,26.831,75.841,31.3,40.4,83,10.0,Heavy Rain
2026-09-20 16:00:00,Z08,26.951,75.746,31.1,32.8,86,17.7,Heavy Rain
2026-09-20 16:00:00,Z09,26.9,75.758,29.3,35.8,87,16.5,Heavy Rain
2026-09-20 16:00:00,Z10,26.926,75.8,31.0,33.6,88,17.6,Heavy Rain
2026-09-20 17:00:00,Z01,26.9124,75.7873,29.3,21.5,90,12.1,Heavy Rain
2026-09-20 17:00:00,Z02,26.85,75.804,28.3,26.5,85,12.2,Heavy Rain
2026-09-20 17:00:00,Z03,26.912,75.798,29.4,32.6,94,16.0,Heavy Rain
2026-09-20 17:00:00,Z04,26.912,75.739,31.2,28.2,86,15.8,Heavy Rain
2026-09-20 17:00:00,Z05,26.856,75.764,32.0,26.1,87,15.4,Heavy Rain
2026-09-20 17:00:00,Z06,26.9,75.825,31.9,31.8,91,14.3,Heavy Rain
2026-09-20 17:00:00,Z07,26.831,75.841,31.2,30.6,81,18.2,Heavy Rain
2026-09-20 17:00:00,Z08,26.951,75.746,31.0,27.2,84,14.9,Heavy Rain
2026-09-20 17:00:00,Z09,26.9,75.758,31.6,29.8,88,19.1,Heavy Rain
2026-09-20 17:00:00,Z10,26.926,75.8,30.9,29.8,92,10.9,Heavy Rain
2026-09-20 18:00:00,Z01,26.9124,75.7873,28.6,29.2,85,11.5,Heavy Rain
2026-09-20 18:00:00,Z02,26.85,75.804,27.9,17.6,82,12.9,Rain
2026-09-20 18:00:00,Z03,26.912,75.798,30.8,22.1,92,11.3,Heavy Rain
2026-09-20 18:00:00,Z04,26.912,75.739,30.1,24.0,93,12.0,Heavy Rain
2026-09-20 18:00:00,Z05,26.856,75.764,29.8,17.6,92,14.5,Rain
2026-09-20 18:00:00,Z06,26.9,75.825,28.3,17.3,81,15.8,Rain
2026-09-20 18:00:00,Z07,26.831,75.841,28.1,23.9,78,16.5,Heavy Rain
2026-09-20 18:00:00,Z08,26.951,75.746,29.9,24.2,90,11.9,Heavy Rain
2026-09-20 18:00:00,Z09,26.9,75.758,27.3,23.0,83,11.0,Heavy Rain
2026-09-20 18:00:00,Z10,26.926,75.8,29.0,23.4,77,14.3,Heavy Rain
2026-09-20 19:00:00,Z01,26.9124,75.7873,28.7,17.7,85,13.0,Rain
2026-09-20 19:00:00,Z02,26.85,75.804,26.5,16.3,88,15.4,Rain
2026-09-20 19:00:00,Z03,26.912,75.798,27.8,18.0,90,10.9,Rain
2026-09-20 19:00:00,Z04,26.912,75.739,29.4,14.8,86,15.0,Rain
2026-09-20 19:00:00,Z05,26.856,75.764,29.3,19.3,79,15.9,Rain
2026-09-20 19:00:00,Z06,26.9,75.825,29.0,16.5,93,20.0,Rain
2026-09-20 19:00:00,Z07,26.831,75.841,28.0,16.0,93,14.4,Rain
2026-09-20 19:00:00,Z08,26.951,75.746,29.5,13.6,96,11.5,Rain
2026-09-20 19:00:00,Z09,26.9,75.758,25.9,17.0,78,15.1,Rain
2026-09-20 19:00:00,Z10,26.926,75.8,28.1,17.5,92,12.2,Rain
2026-09-20 20:00:00,Z01,26.9124,75.7873,28.2,1.0,68,6.8,Partly Cloudy
2026-09-20 20:00:00,Z02,26.85,75.804,28.0,1.0,72,13.0,Partly Cloudy
2026-09-20 20:00:00,Z03,26.912,75.798,28.4,0.0,69,13.7,Partly Cloudy
2026-09-20 20:00:00,Z04,26.912,75.739,26.2,0.4,66,16.0,Partly Cloudy
2026-09-20 20:00:00,Z05,26.856,75.764,27.6,0.1,74,14.7,Partly Cloudy
2026-09-20 20:00:00,Z06,26.9,75.825,27.3,0.4,74,10.1,Partly Cloudy
2026-09-20 20:00:00,Z07,26.831,75.841,25.6,0.0,70,10.7,Partly Cloudy
2026-09-20 20:00:00,Z08,26.951,75.746,28.3,0.4,70,15.3,Partly Cloudy
2026-09-20 20:00:00,Z09,26.9,75.758,26.3,0.0,71,9.8,Partly Cloudy
2026-09-20 20:00:00,Z10,26.926,75.8,27.3,0.3,67,6.6,Partly Cloudy
2026-09-20 21:00:00,Z01,26.9124,75.7873,24.9,0.5,67,12.7,Partly Cloudy
2026-09-20 21:00:00,Z02,26.85,75.804,26.0,0.3,76,9.9,Partly Cloudy
2026-09-20 21:00:00,Z03,26.912,75.798,24.8,0.0,70,9.4,Partly Cloudy
2026-09-20 21:00:00,Z04,26.912,75.739,25.2,0.1,62,8.5,Partly Cloudy
2026-09-20 21:00:00,Z05,26.856,75.764,26.0,0.1,70,9.8,Partly Cloudy
2026-09-20 21:00:00,Z06,26.9,75.825,24.5,0.5,68,6.4,Partly Cloudy
2026-09-20 21:00:00,Z07,26.831,75.841,24.2,0.0,69,7.7,Partly Cloudy
2026-09-20 21:00:00,Z08,26.951,75.746,24.9,0.0,73,11.8,Partly Cloudy
2026-09-20 21:00:00,Z09,26.9,75.758,24.7,0.0,66,9.9,Partly Cloudy
2026-09-20 21:00:00,Z10,26.926,75.8,25.8,0.4,61,8.9,Partly Cloudy
2026-09-20 22:00:00,Z01,26.9124,75.7873,23.5,0.3,88,11.0,Partly Cloudy
2026-09-20 22:00:00,Z02,26.85,75.804,23.6,0.2,61,9.8,Partly Cloudy
2026-09-20 22:00:00,Z03,26.912,75.798,23.8,0.6,68,9.6,Partly Cloudy
2026-09-20 22:00:00,Z04,26.912,75.739,25.3,0.9,70,15.5,Partly Cloudy
2026-09-20 22:00:00,Z05,26.856,75.764,22.5,0.4,74,11.2,Partly Cloudy
2026-09-20 22:00:00,Z06,26.9,75.825,23.1,0.1,77,9.9,Partly Cloudy
2026-09-20 22:00:00,Z07,26.831,75.841,24.4,0.2,82,13.7,Partly Cloudy
2026-09-20 22:00:00,Z08,26.951,75.746,23.5,0.6,69,4.9,Partly Cloudy
2026-09-20 22:00:00,Z09,26.9,75.758,24.2,0.8,70,9.3,Partly Cloudy
2026-09-20 22:00:00,Z10,26.926,75.8,24.3,1.0,81,16.7,Partly Cloudy
2026-09-20 23:00:00,Z01,26.9124,75.7873,22.5,0.3,62,14.4,Partly Cloudy
2026-09-20 23:00:00,Z02,26.85,75.804,22.8,0.3,65,8.2,Partly Cloudy
2026-09-20 23:00:00,Z03,26.912,75.798,24.5,0.0,68,8.4,Partly Cloudy
2026-09-20 23:00:00,Z04,26.912,75.739,23.2,0.0,73,13.7,Partly Cloudy
2026-09-20 23:00:00,Z05,26.856,75.764,23.9,0.0,70,13.5,Partly Cloudy
2026-09-20 23:00:00,Z06,26.9,75.825,24.4,0.0,74,6.7,Partly Cloudy
2026-09-20 23:00:00,Z07,26.831,75.841,22.8,0.4,70,7.5,Partly Cloudy
2026-09-20 23:00:00,Z08,26.951,75.746,24.1,0.4,79,8.1,Partly Cloudy
2026-09-20 23:00:00,Z09,26.9,75.758,22.8,0.0,68,9.9,Partly Cloudy
2026-09-20 23:00:00,Z10,26.926,75.8,23.5,0.0,67,10.9,Partly Cloudy
2026-09-21 00:00:00,Z01,26.9124,75.7873,23.6,0.0,59,8.2,Partly Cloudy
2026-09-21 00:00:00,Z02,26.85,75.804,24.6,0.0,69,8.4,Partly Cloudy
2026-09-21 00:00:00,Z03,26.912,75.798,21.0,0.0,74,10.4,Partly Cloudy
2026-09-21 00:00:00,Z04,26.912,75.739,27.1,0.5,73,11.5,Partly Cloudy
2026-09-21 00:00:00,Z05,26.856,75.764,23.5,0.0,82,9.1,Partly Cloudy
2026-09-21 00:00:00,Z06,26.9,75.825,23.5,0.2,69,8.3,Partly Cloudy
2026-09-21 00:00:00,Z07,26.831,75.841,22.0,0.0,76,8.8,Partly Cloudy
2026-09-21 00:00:00,Z08,26.951,75.746,23.5,0.0,79,8.4,Partly Cloudy
2026-09-21 00:00:00,Z09,26.9,75.758,25.0,0.0,76,12.1,Partly Cloudy
2026-09-21 00:00:00,Z10,26.926,75.8,24.5,0.1,76,10.3,Partly Cloudy
2026-09-21 01:00:00,Z01,26.9124,75.7873,22.9,0.0,76,9.4,Partly Cloudy
2026-09-21 01:00:00,Z02,26.85,75.804,23.2,0.2,73,9.7,Partly Cloudy
2026-09-21 01:00:00,Z03,26.912,75.798,22.5,0.8,77,12.6,Partly Cloudy
2026-09-21 01:00:00,Z04,26.912,75.739,24.5,0.0,77,12.6,Partly Cloudy
2026-09-21 01:00:00,Z05,26.856,75.764,22.6,0.0,70,5.1,Partly Cloudy
2026-09-21 01:00:00,Z06,26.9,75.825,22.8,0.6,69,11.9,Partly Cloudy
2026-09-21 01:00:00,Z07,26.831,75.841,20.0,0.3,65,10.3,Partly Cloudy
2026-09-21 01:00:00,Z08,26.951,75.746,23.8,0.1,62,13.6,Partly Cloudy
2026-09-21 01:00:00,Z09,26.9,75.758,24.7,0.4,81,7.2,Partly Cloudy
2026-09-21 01:00:00,Z10,26.926,75.8,21.9,0.6,70,13.4,Partly Cloudy
2026-09-21 02:00:00,Z01,26.9124,75.7873,22.1,0.0,68,8.4,Partly Cloudy
2026-09-21 02:00:00,Z02,26.85,75.804,22.6,0.7,70,11.1,Partly Cloudy
2026-09-21 02:00:00,Z03,26.912,75.798,23.1,0.0,73,4.3,Partly Cloudy
2026-09-21 02:00:00,Z04,26.912,75.739,23.3,0.0,83,12.7,Partly Cloudy
2026-09-21 02:00:00,Z05,26.856,75.764,23.4,0.7,66,11.6,Partly Cloudy
2026-09-21 02:00:00,Z06,26.9,75.825,23.5,0.3,79,12.2,Partly Cloudy
2026-09-21 02:00:00,Z07,26.831,75.841,23.3,0.0,66,9.6,Partly Cloudy
2026-09-21 02:00:00,Z08,26.951,75.746,23.8,0.0,86,14.5,Partly Cloudy
2026-09-21 02:00:00,Z09,26.9,75.758,23.2,0.2,70,7.1,Partly Cloudy
2026-09-21 02:00:00,Z10,26.926,75.8,23.0,0.3,64,11.0,Partly Cloudy
2026-09-21 03:00:00,Z01,26.9124,75.7873,25.6,0.0,66,8.8,Partly Cloudy
2026-09-21 03:00:00,Z02,26.85,75.804,22.1,0.4,63,11.5,Partly Cloudy
2026-09-21 03:00:00,Z03,26.912,75.798,25.0,0.6,69,9.7,Partly Cloudy
2026-09-21 03:00:00,Z04,26.912,75.739,24.7,0.0,63,8.2,Partly Cloudy
2026-09-21 03:00:00,Z05,26.856,75.764,24.2,0.0,55,8.6,Partly Cloudy
2026-09-21 03:00:00,Z06,26.9,75.825,24.8,0.7,69,8.8,Partly Cloudy
2026-09-21 03:00:00,Z07,26.831,75.841,24.1,0.0,69,10.6,Partly Cloudy
2026-09-21 03:00:00,Z08,26.951,75.746,23.0,0.0,72,2.5,Partly Cloudy
2026-09-21 03:00:00,Z09,26.9,75.758,24.1,0.4,66,10.2,Partly Cloudy
2026-09-21 03:00:00,Z10,26.926,75.8,23.5,0.1,73,7.1,Partly Cloudy
2026-09-21 04:00:00,Z01,26.9124,75.7873,24.7,0.4,72,8.2,Partly Cloudy
2026-09-21 04:00:00,Z02,26.85,75.804,24.1,0.5,59,13.5,Partly Cloudy
2026-09-21 04:00:00,Z03,26.912,75.798,23.8,0.4,79,5.9,Partly Cloudy
2026-09-21 04:00:00,Z04,26.912,75.739,23.6,0.1,67,15.2,Partly Cloudy
2026-09-21 04:00:00,Z05,26.856,75.764,24.1,0.0,73,6.4,Partly Cloudy
2026-09-21 04:00:00,Z06,26.9,75.825,23.9,0.3,70,9.7,Partly Cloudy
2026-09-21 04:00:00,Z07,26.831,75.841,24.5,0.0,73,15.3,Partly Cloudy
2026-09-21 04:00:00,Z08,26.951,75.746,26.2,0.3,76,6.2,Partly Cloudy
2026-09-21 04:00:00,Z09,26.9,75.758,26.3,0.3,81,7.8,Partly Cloudy
2026-09-21 04:00:00,Z10,26.926,75.8,24.2,0.5,75,10.7,Partly Cloudy
2026-09-21 05:00:00,Z01,26.9124,75.7873,24.4,0.7,72,4.1,Partly Cloudy
2026-09-21 05:00:00,Z02,26.85,75.804,26.7,0.1,73,9.8,Partly Cloudy
2026-09-21 05:00:00,Z03,26.912,75.798,26.3,0.0,72,4.5,Partly Cloudy
2026-09-21 05:00:00,Z04,26.912,75.739,26.8,0.2,74,7.4,Partly Cloudy
2026-09-21 05:00:00,Z05,26.856,75.764,26.1,0.6,75,9.6,Partly Cloudy
2026-09-21 05:00:00,Z06,26.9,75.825,26.6,0.0,77,14.9,Partly Cloudy
2026-09-21 05:00:00,Z07,26.831,75.841,26.1,0.0,74,6.1,Partly Cloudy
2026-09-21 05:00:00,Z08,26.951,75.746,25.2,0.4,60,6.5,Partly Cloudy
2026-09-21 05:00:00,Z09,26.9,75.758,25.8,0.1,64,11.2,Partly Cloudy
2026-09-21 05:00:00,Z10,26.926,75.8,27.2,0.1,67,13.1,Partly Cloudy
2026-09-21 06:00:00,Z01,26.9124,75.7873,26.3,0.0,68,11.5,Partly Cloudy
2026-09-21 06:00:00,Z02,26.85,75.804,28.0,0.1,76,4.3,Partly Cloudy
2026-09-21 06:00:00,Z03,26.912,75.798,26.7,0.2,69,9.7,Partly Cloudy
2026-09-21 06:00:00,Z04,26.912,75.739,27.1,0.0,80,10.1,Partly Cloudy
2026-09-21 06:00:00,Z05,26.856,75.764,26.4,0.6,65,11.4,Partly Cloudy
2026-09-21 06:00:00,Z06,26.9,75.825,26.1,0.5,59,9.7,Partly Cloudy
2026-09-21 06:00:00,Z07,26.831,75.841,26.0,0.4,74,7.9,Partly Cloudy
2026-09-21 06:00:00,Z08,26.951,75.746,26.3,0.2,66,12.5,Partly Cloudy
2026-09-21 06:00:00,Z09,26.9,75.758,25.1,0.0,69,6.9,Partly Cloudy
2026-09-21 06:00:00,Z10,26.926,75.8,27.0,0.0,72,14.0,Partly Cloudy
2026-09-21 07:00:00,Z01,26.9124,75.7873,27.3,0.0,74,8.6,Partly Cloudy
2026-09-21 07:00:00,Z02,26.85,75.804,28.2,0.0,61,8.8,Partly Cloudy
2026-09-21 07:00:00,Z03,26.912,75.798,28.6,0.2,69,7.2,Partly Cloudy
2026-09-21 07:00:00,Z04,26.912,75.739,27.2,0.0,76,7.0,Partly Cloudy
2026-09-21 07:00:00,Z05,26.856,75.764,28.5,0.0,68,12.9,Partly Cloudy
2026-09-21 07:00:00,Z06,26.9,75.825,27.7,0.6,75,6.7,Partly Cloudy
2026-09-21 07:00:00,Z07,26.831,75.841,28.9,0.0,79,6.4,Partly Cloudy
2026-09-21 07:00:00,Z08,26.951,75.746,28.7,0.6,82,8.8,Partly Cloudy
2026-09-21 07:00:00,Z09,26.9,75.758,26.1,1.1,68,5.4,Partly Cloudy
2026-09-21 07:00:00,Z10,26.926,75.8,28.4,0.5,60,8.9,Partly Cloudy
2026-09-21 08:00:00,Z01,26.9124,75.7873,30.6,0.3,74,10.7,Partly Cloudy
2026-09-21 08:00:00,Z02,26.85,75.804,30.1,0.0,67,7.7,Partly Cloudy
2026-09-21 08:00:00,Z03,26.912,75.798,28.1,0.6,74,13.6,Partly Cloudy
2026-09-21 08:00:00,Z04,26.912,75.739,31.1,0.9,81,12.2,Partly Cloudy
2026-09-21 08:00:00,Z05,26.856,75.764,30.0,0.0,68,7.8,Partly Cloudy
2026-09-21 08:00:00,Z06,26.9,75.825,30.0,0.0,76,14.1,Partly Cloudy
2026-09-21 08:00:00,Z07,26.831,75.841,30.5,0.3,66,7.5,Partly Cloudy
2026-09-21 08:00:00,Z08,26.951,75.746,27.3,0.5,71,8.7,Partly Cloudy
2026-09-21 08:00:00,Z09,26.9,75.758,29.5,0.0,83,6.2,Partly Cloudy
2026-09-21 08:00:00,Z10,26.926,75.8,30.2,0.6,64,10.6,Partly Cloudy
2026-09-21 09:00:00,Z01,26.9124,75.7873,31.6,0.2,89,5.0,Partly Cloudy
2026-09-21 09:00:00,Z02,26.85,75.804,29.8,0.1,76,11.3,Partly Cloudy
2026-09-21 09:00:00,Z03,26.912,75.798,30.8,0.3,60,11.8,Partly Cloudy
2026-09-21 09:00:00,Z04,26.912,75.739,30.6,0.5,78,11.1,Partly Cloudy
2026-09-21 09:00:00,Z05,26.856,75.764,31.9,0.0,67,13.6,Partly Cloudy
2026-09-21 09:00:00,Z06,26.9,75.825,31.7,0.1,72,7.3,Partly Cloudy
2026-09-21 09:00:00,Z07,26.831,75.841,30.1,0.5,83,7.4,Partly Cloudy
2026-09-21 09:00:00,Z08,26.951,75.746,29.6,0.3,75,9.4,Partly Cloudy
2026-09-21 09:00:00,Z09,26.9,75.758,31.9,0.6,76,7.3,Partly Cloudy
2026-09-21 09:00:00,Z10,26.926,75.8,31.1,0.7,72,10.2,Partly Cloudy
2026-09-21 10:00:00,Z01,26.9124,75.7873,32.4,0.0,72,3.5,Partly Cloudy
2026-09-21 10:00:00,Z02,26.85,75.804,31.3,0.0,81,9.0,Partly Cloudy
2026-09-21 10:00:00,Z03,26.912,75.798,29.0,0.0,70,14.3,Partly Cloudy
2026-09-21 10:00:00,Z04,26.912,75.739,30.5,0.7,74,6.4,Partly Cloudy
2026-09-21 10:00:00,Z05,26.856,75.764,32.7,0.9,66,6.5,Partly Cloudy
2026-09-21 10:00:00,Z06,26.9,75.825,30.5,0.3,66,10.6,Partly Cloudy
2026-09-21 10:00:00,Z07,26.831,75.841,31.9,0.6,78,11.6,Partly Cloudy
2026-09-21 10:00:00,Z08,26.951,75.746,32.0,0.9,71,6.5,Partly Cloudy
2026-09-21 10:00:00,Z09,26.9,75.758,32.0,1.0,65,8.9,Partly Cloudy
2026-09-21 10:00:00,Z10,26.926,75.8,33.9,0.2,66,13.4,Partly Cloudy
2026-09-21 11:00:00,Z01,26.9124,75.7873,32.6,0.3,66,5.4,Partly Cloudy
2026-09-21 11:00:00,Z02,26.85,75.804,31.7,0.6,74,10.0,Partly Cloudy
2026-09-21 11:00:00,Z03,26.912,75.798,30.8,0.0,77,12.7,Partly Cloudy
2026-09-21 11:00:00,Z04,26.912,75.739,31.0,0.8,75,14.2,Partly Cloudy
2026-09-21 11:00:00,Z05,26.856,75.764,34.1,0.0,71,11.5,Partly Cloudy
2026-09-21 11:00:00,Z06,26.9,75.825,33.6,0.5,70,6.9,Partly Cloudy
2026-09-21 11:00:00,Z07,26.831,75.841,33.9,0.0,81,9.1,Partly Cloudy
2026-09-21 11:00:00,Z08,26.951,75.746,32.0,0.5,71,8.4,Partly Cloudy
2026-09-21 11:00:00,Z09,26.9,75.758,32.2,0.4,72,8.2,Partly Cloudy
2026-09-21 11:00:00,Z10,26.926,75.8,31.4,0.2,59,11.4,Partly Cloudy
2026-09-21 12:00:00,Z01,26.9124,75.7873,31.5,0.0,61,4.6,Partly Cloudy
2026-09-21 12:00:00,Z02,26.85,75.804,33.0,0.0,83,8.4,Partly Cloudy
2026-09-21 12:00:00,Z03,26.912,75.798,31.6,0.4,72,9.8,Partly Cloudy
2026-09-21 12:00:00,Z04,26.912,75.739,31.8,0.8,82,5.0,Partly Cloudy
2026-09-21 12:00:00,Z05,26.856,75.764,32.1,0.1,66,11.5,Partly Cloudy
2026-09-21 12:00:00,Z06,26.9,75.825,33.9,1.1,79,10.6,Partly Cloudy
2026-09-21 12:00:00,Z07,26.831,75.841,32.9,0.6,68,7.6,Partly Cloudy
2026-09-21 12:00:00,Z08,26.951,75.746,32.0,0.5,72,5.3,Partly Cloudy
2026-09-21 12:00:00,Z09,26.9,75.758,31.4,0.2,71,15.9,Partly Cloudy
2026-09-21 12:00:00,Z10,26.926,75.8,32.4,0.4,80,16.8,Partly Cloudy
2026-09-21 13:00:00,Z01,26.9124,75.7873,32.9,0.4,75,10.6,Partly Cloudy
2026-09-21 13:00:00,Z02,26.85,75.804,33.1,0.4,56,12.0,Partly Cloudy
2026-09-21 13:00:00,Z03,26.912,75.798,32.6,0.1,84,8.0,Partly Cloudy
2026-09-21 13:00:00,Z04,26.912,75.739,32.9,1.0,67,8.3,Partly Cloudy
2026-09-21 13:00:00,Z05,26.856,75.764,32.5,0.5,73,6.1,Partly Cloudy
2026-09-21 13:00:00,Z06,26.9,75.825,33.4,0.0,71,11.3,Partly Cloudy
2026-09-21 13:00:00,Z07,26.831,75.841,34.4,0.0,78,10.8,Partly Cloudy
2026-09-21 13:00:00,Z08,26.951,75.746,34.3,0.4,78,11.4,Partly Cloudy
2026-09-21 13:00:00,Z09,26.9,75.758,33.9,0.4,71,16.8,Partly Cloudy
2026-09-21 13:00:00,Z10,26.926,75.8,33.3,0.4,64,6.1,Partly Cloudy
2026-09-21 14:00:00,Z01,26.9124,75.7873,34.4,0.3,68,10.4,Partly Cloudy
2026-09-21 14:00:00,Z02,26.85,75.804,32.0,0.5,65,9.7,Partly Cloudy
2026-09-21 14:00:00,Z03,26.912,75.798,31.6,0.0,69,8.6,Partly Cloudy
2026-09-21 14:00:00,Z04,26.912,75.739,34.9,0.1,68,1.2,Partly Cloudy
2026-09-21 14:00:00,Z05,26.856,75.764,31.7,0.6,69,10.1,Partly Cloudy
2026-09-21 14:00:00,Z06,26.9,75.825,33.9,0.9,83,10.5,Partly Cloudy
2026-09-21 14:00:00,Z07,26.831,75.841,33.0,0.3,63,8.8,Partly Cloudy
2026-09-21 14:00:00,Z08,26.951,75.746,32.7,0.0,70,9.7,Partly Cloudy
2026-09-21 14:00:00,Z09,26.9,75.758,31.5,0.2,65,7.8,Partly Cloudy
2026-09-21 14:00:00,Z10,26.926,75.8,34.2,0.6,59,13.5,Partly Cloudy
2026-09-21 15:00:00,Z01,26.9124,75.7873,32.3,0.1,56,8.9,Partly Cloudy
2026-09-21 15:00:00,Z02,26.85,75.804,33.0,0.0,68,14.6,Partly Cloudy
2026-09-21 15:00:00,Z03,26.912,75.798,32.1,0.0,62,9.0,Partly Cloudy
2026-09-21 15:00:00,Z04,26.912,75.739,34.3,0.4,68,11.5,Partly Cloudy
2026-09-21 15:00:00,Z05,26.856,75.764,32.0,0.5,71,9.5,Partly Cloudy
2026-09-21 15:00:00,Z06,26.9,75.825,32.4,0.7,68,10.1,Partly Cloudy
2026-09-21 15:00:00,Z07,26.831,75.841,32.3,0.0,63,11.0,Partly Cloudy
2026-09-21 15:00:00,Z08,26.951,75.746,31.5,0.4,68,13.7,Partly Cloudy
2026-09-21 15:00:00,Z09,26.9,75.758,32.8,0.9,61,11.3,Partly Cloudy
2026-09-21 15:00:00,Z10,26.926,75.8,30.1,0.0,74,13.8,Partly Cloudy
2026-09-21 16:00:00,Z01,26.9124,75.7873,33.2,0.4,57,7.1,Partly Cloudy
2026-09-21 16:00:00,Z02,26.85,75.804,33.6,0.0,64,9.4,Partly Cloudy
2026-09-21 16:00:00,Z03,26.912,75.798,33.4,0.0,65,14.5,Partly Cloudy
2026-09-21 16:00:00,Z04,26.912,75.739,33.1,0.2,64,16.3,Partly Cloudy
2026-09-21 16:00:00,Z05,26.856,75.764,31.4,0.5,67,9.9,Partly Cloudy
2026-09-21 16:00:00,Z06,26.9,75.825,30.5,0.3,80,12.6,Partly Cloudy
2026-09-21 16:00:00,Z07,26.831,75.841,33.0,0.8,73,12.1,Partly Cloudy
2026-09-21 16:00:00,Z08,26.951,75.746,30.0,0.0,71,8.4,Partly Cloudy
2026-09-21 16:00:00,Z09,26.9,75.758,31.5,0.3,87,4.5,Partly Cloudy
2026-09-21 16:00:00,Z10,26.926,75.8,30.2,0.5,72,9.7,Partly Cloudy
2026-09-21 17:00:00,Z01,26.9124,75.7873,31.7,0.3,67,3.4,Partly Cloudy
2026-09-21 17:00:00,Z02,26.85,75.804,31.6,0.6,72,10.7,Partly Cloudy
2026-09-21 17:00:00,Z03,26.912,75.798,31.8,0.3,77,9.1,Partly Cloudy
2026-09-21 17:00:00,Z04,26.912,75.739,30.8,0.3,73,6.2,Partly Cloudy
2026-09-21 17:00:00,Z05,26.856,75.764,29.4,0.0,68,7.6,Partly Cloudy
2026-09-21 17:00:00,Z06,26.9,75.825,29.3,1.0,79,15.8,Partly Cloudy
2026-09-21 17:00:00,Z07,26.831,75.841,29.6,0.2,64,7.9,Partly Cloudy
2026-09-21 17:00:00,Z08,26.951,75.746,31.1,0.7,69,13.2,Partly Cloudy
2026-09-21 17:00:00,Z09,26.9,75.758,31.6,1.1,63,13.8,Partly Cloudy
2026-09-21 17:00:00,Z10,26.926,75.8,30.3,0.0,78,11.0,Partly Cloudy
2026-09-21 18:00:00,Z01,26.9124,75.7873,29.3,0.0,67,16.1,Partly Cloudy
2026-09-21 18:00:00,Z02,26.85,75.804,30.4,0.5,67,7.7,Partly Cloudy
2026-09-21 18:00:00,Z03,26.912,75.798,29.4,0.0,69,10.1,Partly Cloudy
2026-09-21 18:00:00,Z04,26.912,75.739,30.0,0.1,74,12.1,Partly Cloudy
2026-09-21 18:00:00,Z05,26.856,75.764,30.2,0.0,70,13.6,Partly Cloudy
2026-09-21 18:00:00,Z06,26.9,75.825,29.3,0.0,74,4.1,Partly Cloudy
2026-09-21 18:00:00,Z07,26.831,75.841,30.1,1.0,66,7.5,Partly Cloudy
2026-09-21 18:00:00,Z08,26.951,75.746,28.7,0.0,68,11.8,Partly Cloudy
2026-09-21 18:00:00,Z09,26.9,75.758,29.6,0.1,76,11.3,Partly Cloudy
2026-09-21 18:00:00,Z10,26.926,75.8,29.8,0.1,74,9.6,Partly Cloudy
2026-09-21 19:00:00,Z01,26.9124,75.7873,28.0,0.0,70,7.0,Partly Cloudy
2026-09-21 19:00:00,Z02,26.85,75.804,28.2,0.0,65,10.8,Partly Cloudy
2026-09-21 19:00:00,Z03,26.912,75.798,28.6,0.5,69,11.2,Partly Cloudy
2026-09-21 19:00:00,Z04,26.912,75.739,28.4,0.4,67,10.4,Partly Cloudy
2026-09-21 19:00:00,Z05,26.856,75.764,30.2,0.2,59,10.5,Partly Cloudy
2026-09-21 19:00:00,Z06,26.9,75.825,28.3,0.1,67,11.1,Partly Cloudy
2026-09-21 19:00:00,Z07,26.831,75.841,28.6,0.7,64,12.2,Partly Cloudy
2026-09-21 19:00:00,Z08,26.951,75.746,28.9,0.1,74,13.1,Partly Cloudy
2026-09-21 19:00:00,Z09,26.9,75.758,28.1,0.0,76,9.8,Partly Cloudy
2026-09-21 19:00:00,Z10,26.926,75.8,27.9,0.2,71,13.6,Partly Cloudy
2026-09-21 20:00:00,Z01,26.9124,75.7873,27.9,0.0,69,10.5,Partly Cloudy
2026-09-21 20:00:00,Z02,26.85,75.804,27.0,0.4,66,17.5,Partly Cloudy
2026-09-21 20:00:00,Z03,26.912,75.798,27.5,0.7,71,11.6,Partly Cloudy
2026-09-21 20:00:00,Z04,26.912,75.739,26.4,0.7,78,12.6,Partly Cloudy
2026-09-21 20:00:00,Z05,26.856,75.764,26.5,0.0,73,12.8,Partly Cloudy
2026-09-21 20:00:00,Z06,26.9,75.825,25.9,0.6,80,7.3,Partly Cloudy
2026-09-21 20:00:00,Z07,26.831,75.841,28.1,0.1,73,8.4,Partly Cloudy
2026-09-21 20:00:00,Z08,26.951,75.746,25.4,0.4,72,5.7,Partly Cloudy
2026-09-21 20:00:00,Z09,26.9,75.758,26.5,0.3,59,13.0,Partly Cloudy
2026-09-21 20:00:00,Z10,26.926,75.8,26.6,1.5,85,9.5,Partly Cloudy
2026-09-21 21:00:00,Z01,26.9124,75.7873,23.7,0.6,82,5.1,Partly Cloudy
2026-09-21 21:00:00,Z02,26.85,75.804,26.6,0.0,75,11.5,Partly Cloudy
2026-09-21 21:00:00,Z03,26.912,75.798,24.7,0.0,58,12.6,Partly Cloudy
2026-09-21 21:00:00,Z04,26.912,75.739,25.4,0.0,72,12.4,Partly Cloudy
2026-09-21 21:00:00,Z05,26.856,75.764,24.2,0.0,71,8.9,Partly Cloudy
2026-09-21 21:00:00,Z06,26.9,75.825,25.7,0.0,75,11.0,Partly Cloudy
2026-09-21 21:00:00,Z07,26.831,75.841,25.7,0.0,70,3.5,Partly Cloudy
2026-09-21 21:00:00,Z08,26.951,75.746,25.8,0.8,63,8.2,Partly Cloudy
2026-09-21 21:00:00,Z09,26.9,75.758,23.5,0.7,69,7.9,Partly Cloudy
2026-09-21 21:00:00,Z10,26.926,75.8,25.5,0.2,84,10.8,Partly Cloudy
2026-09-21 22:00:00,Z01,26.9124,75.7873,25.3,0.3,71,7.6,Partly Cloudy
2026-09-21 22:00:00,Z02,26.85,75.804,25.8,0.3,72,7.1,Partly Cloudy
2026-09-21 22:00:00,Z03,26.912,75.798,24.0,0.5,68,13.0,Partly Cloudy
2026-09-21 22:00:00,Z04,26.912,75.739,24.9,0.0,67,4.7,Partly Cloudy
2026-09-21 22:00:00,Z05,26.856,75.764,24.4,0.0,64,3.8,Partly Cloudy
2026-09-21 22:00:00,Z06,26.9,75.825,23.3,0.1,70,6.9,Partly Cloudy
2026-09-21 22:00:00,Z07,26.831,75.841,23.6,0.4,68,10.9,Partly Cloudy
2026-09-21 22:00:00,Z08,26.951,75.746,24.1,0.3,79,11.8,Partly Cloudy
2026-09-21 22:00:00,Z09,26.9,75.758,24.1,0.3,70,10.0,Partly Cloudy
2026-09-21 22:00:00,Z10,26.926,75.8,23.4,0.1,73,7.0,Partly Cloudy
2026-09-21 23:00:00,Z01,26.9124,75.7873,23.8,0.0,62,6.3,Partly Cloudy
2026-09-21 23:00:00,Z02,26.85,75.804,21.7,0.0,75,10.1,Partly Cloudy
2026-09-21 23:00:00,Z03,26.912,75.798,24.1,0.5,76,7.0,Partly Cloudy
2026-09-21 23:00:00,Z04,26.912,75.739,21.9,0.0,72,6.2,Partly Cloudy
2026-09-21 23:00:00,Z05,26.856,75.764,22.5,0.0,71,8.8,Partly Cloudy
2026-09-21 23:00:00,Z06,26.9,75.825,23.9,0.0,73,9.9,Partly Cloudy
2026-09-21 23:00:00,Z07,26.831,75.841,24.2,0.0,79,6.5,Partly Cloudy
2026-09-21 23:00:00,Z08,26.951,75.746,23.1,0.7,74,9.4,Partly Cloudy
2026-09-21 23:00:00,Z09,26.9,75.758,23.3,0.6,63,7.1,Partly Cloudy
2026-09-21 23:00:00,Z10,26.926,75.8,23.4,0.7,74,7.1,Partly Cloudy
2026-09-22 00:00:00,Z01,26.9124,75.7873,21.8,0.0,67,12.9,Partly Cloudy
2026-09-22 00:00:00,Z02,26.85,75.804,22.7,0.8,76,13.3,Partly Cloudy
2026-09-22 00:00:00,Z03,26.912,75.798,23.7,0.1,63,8.4,Partly Cloudy
2026-09-22 00:00:00,Z04,26.912,75.739,23.0,0.7,65,8.9,Partly Cloudy
2026-09-22 00:00:00,Z05,26.856,75.764,23.0,0.0,75,7.8,Partly Cloudy
2026-09-22 00:00:00,Z06,26.9,75.825,23.0,0.0,67,10.0,Partly Cloudy
2026-09-22 00:00:00,Z07,26.831,75.841,24.8,0.1,67,11.0,Partly Cloudy
2026-09-22 00:00:00,Z08,26.951,75.746,23.3,0.3,77,5.8,Partly Cloudy
2026-09-22 00:00:00,Z09,26.9,75.758,24.4,0.0,63,7.8,Partly Cloudy
2026-09-22 00:00:00,Z10,26.926,75.8,23.0,0.6,73,5.4,Partly Cloudy
2026-09-22 01:00:00,Z01,26.9124,75.7873,22.1,0.3,73,4.5,Partly Cloudy
2026-09-22 01:00:00,Z02,26.85,75.804,22.8,0.2,75,3.4,Partly Cloudy
2026-09-22 01:00:00,Z03,26.912,75.798,23.6,0.3,77,12.1,Partly Cloudy
2026-09-22 01:00:00,Z04,26.912,75.739,24.0,0.0,60,8.8,Partly Cloudy
2026-09-22 01:00:00,Z05,26.856,75.764,23.4,0.8,76,11.3,Partly Cloudy
2026-09-22 01:00:00,Z06,26.9,75.825,22.1,0.0,71,15.0,Partly Cloudy
2026-09-22 01:00:00,Z07,26.831,75.841,21.6,0.8,70,14.0,Partly Cloudy
2026-09-22 01:00:00,Z08,26.951,75.746,23.2,0.4,67,5.8,Partly Cloudy
2026-09-22 01:00:00,Z09,26.9,75.758,22.9,0.6,66,5.5,Partly Cloudy
2026-09-22 01:00:00,Z10,26.926,75.8,22.9,0.2,75,12.8,Partly Cloudy
2026-09-22 02:00:00,Z01,26.9124,75.7873,21.6,0.9,73,9.0,Partly Cloudy
2026-09-22 02:00:00,Z02,26.85,75.804,23.6,0.1,69,12.9,Partly Cloudy
2026-09-22 02:00:00,Z03,26.912,75.798,24.7,0.0,73,12.0,Partly Cloudy
2026-09-22 02:00:00,Z04,26.912,75.739,23.6,0.6,76,10.2,Partly Cloudy
2026-09-22 02:00:00,Z05,26.856,75.764,22.4,0.7,64,9.0,Partly Cloudy
2026-09-22 02:00:00,Z06,26.9,75.825,20.8,0.4,79,8.2,Partly Cloudy
2026-09-22 02:00:00,Z07,26.831,75.841,23.6,0.0,77,11.6,Partly Cloudy
2026-09-22 02:00:00,Z08,26.951,75.746,22.3,0.1,64,11.5,Partly Cloudy
2026-09-22 02:00:00,Z09,26.9,75.758,22.6,1.1,75,8.3,Partly Cloudy
2026-09-22 02:00:00,Z10,26.926,75.8,23.4,0.2,70,13.4,Partly Cloudy
2026-09-22 03:00:00,Z01,26.9124,75.7873,24.4,0.0,83,10.1,Partly Cloudy
2026-09-22 03:00:00,Z02,26.85,75.804,21.8,0.0,74,10.9,Partly Cloudy
2026-09-22 03:00:00,Z03,26.912,75.798,22.6,1.0,79,8.8,Partly Cloudy
2026-09-22 03:00:00,Z04,26.912,75.739,23.9,0.3,72,11.1,Partly Cloudy
2026-09-22 03:00:00,Z05,26.856,75.764,22.6,0.4,80,11.7,Partly Cloudy
2026-09-22 03:00:00,Z06,26.9,75.825,22.5,0.7,81,19.5,Partly Cloudy
2026-09-22 03:00:00,Z07,26.831,75.841,23.1,0.3,59,11.7,Partly Cloudy
2026-09-22 03:00:00,Z08,26.951,75.746,23.2,1.0,67,4.9,Partly Cloudy
2026-09-22 03:00:00,Z09,26.9,75.758,23.7,0.0,76,3.8,Partly Cloudy
2026-09-22 03:00:00,Z10,26.926,75.8,24.0,0.0,70,14.9,Partly Cloudy
2026-09-22 04:00:00,Z01,26.9124,75.7873,24.9,0.0,71,10.1,Partly Cloudy
2026-09-22 04:00:00,Z02,26.85,75.804,23.8,0.0,75,1.9,Partly Cloudy
2026-09-22 04:00:00,Z03,26.912,75.798,23.1,0.0,75,10.1,Partly Cloudy
2026-09-22 04:00:00,Z04,26.912,75.739,23.9,0.0,73,9.8,Partly Cloudy
2026-09-22 04:00:00,Z05,26.856,75.764,24.4,0.0,76,8.4,Partly Cloudy
2026-09-22 04:00:00,Z06,26.9,75.825,25.2,1.1,63,4.4,Partly Cloudy
2026-09-22 04:00:00,Z07,26.831,75.841,24.2,0.0,70,7.7,Partly Cloudy
2026-09-22 04:00:00,Z08,26.951,75.746,23.0,0.8,76,12.6,Partly Cloudy
2026-09-22 04:00:00,Z09,26.9,75.758,25.4,0.0,54,7.6,Partly Cloudy
2026-09-22 04:00:00,Z10,26.926,75.8,23.8,0.4,70,9.9,Partly Cloudy
2026-09-22 05:00:00,Z01,26.9124,75.7873,25.8,0.3,76,5.2,Partly Cloudy
2026-09-22 05:00:00,Z02,26.85,75.804,28.3,0.6,69,12.1,Partly Cloudy
2026-09-22 05:00:00,Z03,26.912,75.798,25.7,0.2,74,7.8,Partly Cloudy
2026-09-22 05:00:00,Z04,26.912,75.739,25.7,0.4,73,6.9,Partly Cloudy
2026-09-22 05:00:00,Z05,26.856,75.764,25.3,0.8,74,12.9,Partly Cloudy
2026-09-22 05:00:00,Z06,26.9,75.825,25.8,0.5,73,7.1,Partly Cloudy
2026-09-22 05:00:00,Z07,26.831,75.841,25.8,0.0,68,10.6,Partly Cloudy
2026-09-22 05:00:00,Z08,26.951,75.746,24.8,0.0,78,11.7,Partly Cloudy
2026-09-22 05:00:00,Z09,26.9,75.758,25.6,0.0,71,8.7,Partly Cloudy
2026-09-22 05:00:00,Z10,26.926,75.8,25.2,0.1,59,8.8,Partly Cloudy
2026-09-22 06:00:00,Z01,26.9124,75.7873,24.8,0.5,67,15.0,Partly Cloudy
2026-09-22 06:00:00,Z02,26.85,75.804,26.8,0.7,70,12.6,Partly Cloudy
2026-09-22 06:00:00,Z03,26.912,75.798,28.1,0.7,69,6.7,Partly Cloudy
2026-09-22 06:00:00,Z04,26.912,75.739,25.7,0.2,73,13.7,Partly Cloudy
2026-09-22 06:00:00,Z05,26.856,75.764,26.8,0.4,68,9.6,Partly Cloudy
2026-09-22 06:00:00,Z06,26.9,75.825,27.6,0.0,67,14.1,Partly Cloudy
2026-09-22 06:00:00,Z07,26.831,75.841,28.1,0.2,73,9.1,Partly Cloudy
2026-09-22 06:00:00,Z08,26.951,75.746,25.9,0.1,73,13.4,Partly Cloudy
2026-09-22 06:00:00,Z09,26.9,75.758,26.3,0.8,62,14.9,Partly Cloudy
2026-09-22 06:00:00,Z10,26.926,75.8,25.7,0.1,60,8.6,Partly Cloudy
2026-09-22 07:00:00,Z01,26.9124,75.7873,28.2,0.0,71,12.9,Partly Cloudy
2026-09-22 07:00:00,Z02,26.85,75.804,29.8,0.3,65,7.4,Partly Cloudy
2026-09-22 07:00:00,Z03,26.912,75.798,28.0,0.0,81,9.3,Partly Cloudy
2026-09-22 07:00:00,Z04,26.912,75.739,27.6,0.6,79,9.7,Partly Cloudy
2026-09-22 07:00:00,Z05,26.856,75.764,28.0,0.2,74,12.7,Partly Cloudy
2026-09-22 07:00:00,Z06,26.9,75.825,28.3,0.4,81,11.1,Partly Cloudy
2026-09-22 07:00:00,Z07,26.831,75.841,27.9,0.0,56,11.2,Partly Cloudy
2026-09-22 07:00:00,Z08,26.951,75.746,29.1,0.0,73,9.8,Partly Cloudy
2026-09-22 07:00:00,Z09,26.9,75.758,27.8,0.2,67,13.0,Partly Cloudy
2026-09-22 07:00:00,Z10,26.926,75.8,28.1,0.4,69,8.1,Partly Cloudy
2026-09-22 08:00:00,Z01,26.9124,75.7873,27.5,0.2,74,9.2,Partly Cloudy
2026-09-22 08:00:00,Z02,26.85,75.804,29.0,0.0,76,9.1,Partly Cloudy
2026-09-22 08:00:00,Z03,26.912,75.798,29.1,0.6,67,5.4,Partly Cloudy
2026-09-22 08:00:00,Z04,26.912,75.739,29.8,0.0,66,9.5,Partly Cloudy
2026-09-22 08:00:00,Z05,26.856,75.764,29.0,0.2,73,15.4,Partly Cloudy
2026-09-22 08:00:00,Z06,26.9,75.825,28.7,0.3,68,7.5,Partly Cloudy
2026-09-22 08:00:00,Z07,26.831,75.841,28.6,0.0,74,17.0,Partly Cloudy
2026-09-22 08:00:00,Z08,26.951,75.746,29.6,0.0,71,11.2,Partly Cloudy
2026-09-22 08:00:00,Z09,26.9,75.758,28.8,0.7,57,2.8,Partly Cloudy
2026-09-22 08:00:00,Z10,26.926,75.8,29.9,0.6,62,1.0,Partly Cloudy
2026-09-22 09:00:00,Z01,26.9124,75.7873,29.5,0.3,65,7.0,Partly Cloudy
2026-09-22 09:00:00,Z02,26.85,75.804,27.6,0.2,68,11.5,Partly Cloudy
2026-09-22 09:00:00,Z03,26.912,75.798,30.0,0.0,65,9.2,Partly Cloudy
2026-09-22 09:00:00,Z04,26.912,75.739,31.1,0.5,60,10.1,Partly Cloudy
2026-09-22 09:00:00,Z05,26.856,75.764,28.7,0.9,69,11.0,Partly Cloudy
2026-09-22 09:00:00,Z06,26.9,75.825,31.7,0.0,77,10.0,Partly Cloudy
2026-09-22 09:00:00,Z07,26.831,75.841,30.9,0.0,75,15.6,Partly Cloudy
2026-09-22 09:00:00,Z08,26.951,75.746,31.9,0.3,72,5.3,Partly Cloudy
2026-09-22 09:00:00,Z09,26.9,75.758,29.3,0.0,75,5.3,Partly Cloudy
2026-09-22 09:00:00,Z10,26.926,75.8,30.4,0.8,69,14.4,Partly Cloudy
2026-09-22 10:00:00,Z01,26.9124,75.7873,32.2,0.0,77,8.2,Partly Cloudy
2026-09-22 10:00:00,Z02,26.85,75.804,33.7,0.2,62,10.5,Partly Cloudy
2026-09-22 10:00:00,Z03,26.912,75.798,31.7,0.4,71,13.2,Partly Cloudy
2026-09-22 10:00:00,Z04,26.912,75.739,32.6,0.3,65,10.7,Partly Cloudy
2026-09-22 10:00:00,Z05,26.856,75.764,30.6,0.0,80,9.7,Partly Cloudy
2026-09-22 10:00:00,Z06,26.9,75.825,31.2,0.6,70,12.3,Partly Cloudy
2026-09-22 10:00:00,Z07,26.831,75.841,29.5,0.2,74,10.9,Partly Cloudy
2026-09-22 10:00:00,Z08,26.951,75.746,31.0,0.0,77,9.6,Partly Cloudy
2026-09-22 10:00:00,Z09,26.9,75.758,31.4,0.0,65,3.9,Partly Cloudy
2026-09-22 10:00:00,Z10,26.926,75.8,31.9,0.0,66,9.8,Partly Cloudy
2026-09-22 11:00:00,Z01,26.9124,75.7873,33.3,1.0,62,13.5,Partly Cloudy
2026-09-22 11:00:00,Z02,26.85,75.804,32.5,0.0,73,8.6,Partly Cloudy
2026-09-22 11:00:00,Z03,26.912,75.798,31.9,0.8,75,11.5,Partly Cloudy
2026-09-22 11:00:00,Z04,26.912,75.739,30.8,0.0,70,13.6,Partly Cloudy
2026-09-22 11:00:00,Z05,26.856,75.764,31.5,0.0,72,7.0,Partly Cloudy
2026-09-22 11:00:00,Z06,26.9,75.825,33.0,0.0,63,7.1,Partly Cloudy
2026-09-22 11:00:00,Z07,26.831,75.841,33.1,0.0,62,8.1,Partly Cloudy
2026-09-22 11:00:00,Z08,26.951,75.746,30.6,0.1,69,10.1,Partly Cloudy
2026-09-22 11:00:00,Z09,26.9,75.758,33.3,0.4,74,8.8,Partly Cloudy
2026-09-22 11:00:00,Z10,26.926,75.8,32.0,0.0,78,10.5,Partly Cloudy
2026-09-22 12:00:00,Z01,26.9124,75.7873,31.8,0.2,71,13.7,Partly Cloudy
2026-09-22 12:00:00,Z02,26.85,75.804,33.7,0.0,78,8.2,Partly Cloudy
2026-09-22 12:00:00,Z03,26.912,75.798,31.7,0.9,69,12.0,Partly Cloudy
2026-09-22 12:00:00,Z04,26.912,75.739,32.2,0.5,73,11.4,Partly Cloudy
2026-09-22 12:00:00,Z05,26.856,75.764,32.5,0.0,75,3.8,Partly Cloudy
2026-09-22 12:00:00,Z06,26.9,75.825,33.9,0.6,73,15.8,Partly Cloudy
2026-09-22 12:00:00,Z07,26.831,75.841,31.2,0.0,72,9.9,Partly Cloudy
2026-09-22 12:00:00,Z08,26.951,75.746,32.9,0.0,68,3.9,Partly Cloudy
2026-09-22 12:00:00,Z09,26.9,75.758,33.5,0.1,61,11.2,Partly Cloudy
2026-09-22 12:00:00,Z10,26.926,75.8,33.5,0.3,70,11.8,Partly Cloudy
2026-09-22 13:00:00,Z01,26.9124,75.7873,34.2,0.3,67,10.8,Partly Cloudy
2026-09-22 13:00:00,Z02,26.85,75.804,33.0,0.0,84,8.4,Partly Cloudy
2026-09-22 13:00:00,Z03,26.912,75.798,32.5,0.0,73,4.8,Partly Cloudy
2026-09-22 13:00:00,Z04,26.912,75.739,33.6,0.0,72,13.0,Partly Cloudy
2026-09-22 13:00:00,Z05,26.856,75.764,32.2,0.0,84,10.9,Partly Cloudy
2026-09-22 13:00:00,Z06,26.9,75.825,33.2,0.3,73,8.0,Partly Cloudy
2026-09-22 13:00:00,Z07,26.831,75.841,31.6,0.0,69,7.9,Partly Cloudy
2026-09-22 13:00:00,Z08,26.951,75.746,33.8,0.3,75,11.5,Partly Cloudy
2026-09-22 13:00:00,Z09,26.9,75.758,31.6,0.3,68,12.5,Partly Cloudy
2026-09-22 13:00:00,Z10,26.926,75.8,33.9,0.0,66,13.2,Partly Cloudy
2026-09-22 14:00:00,Z01,26.9124,75.7873,33.2,0.4,78,7.4,Partly Cloudy
2026-09-22 14:00:00,Z02,26.85,75.804,32.4,0.1,77,9.7,Partly Cloudy
2026-09-22 14:00:00,Z03,26.912,75.798,32.8,0.4,77,8.0,Partly Cloudy
2026-09-22 14:00:00,Z04,26.912,75.739,33.4,0.0,57,10.6,Partly Cloudy
2026-09-22 14:00:00,Z05,26.856,75.764,30.6,0.3,60,8.9,Partly Cloudy
2026-09-22 14:00:00,Z06,26.9,75.825,33.8,0.7,65,13.8,Partly Cloudy
2026-09-22 14:00:00,Z07,26.831,75.841,32.0,0.0,65,11.1,Partly Cloudy
2026-09-22 14:00:00,Z08,26.951,75.746,30.6,0.2,69,4.7,Partly Cloudy
2026-09-22 14:00:00,Z09,26.9,75.758,33.5,0.3,68,8.3,Partly Cloudy
2026-09-22 14:00:00,Z10,26.926,75.8,33.3,0.7,70,9.0,Partly Cloudy
2026-09-22 15:00:00,Z01,26.9124,75.7873,33.0,0.0,73,11.7,Partly Cloudy
2026-09-22 15:00:00,Z02,26.85,75.804,32.4,0.0,67,7.4,Partly Cloudy
2026-09-22 15:00:00,Z03,26.912,75.798,31.8,0.4,80,8.5,Partly Cloudy
2026-09-22 15:00:00,Z04,26.912,75.739,32.6,0.7,73,13.8,Partly Cloudy
2026-09-22 15:00:00,Z05,26.856,75.764,33.0,0.0,64,5.3,Partly Cloudy
2026-09-22 15:00:00,Z06,26.9,75.825,33.5,0.7,83,12.5,Partly Cloudy
2026-09-22 15:00:00,Z07,26.831,75.841,32.7,0.0,65,12.6,Partly Cloudy
2026-09-22 15:00:00,Z08,26.951,75.746,33.6,0.2,74,11.0,Partly Cloudy
2026-09-22 15:00:00,Z09,26.9,75.758,32.8,0.7,75,12.5,Partly Cloudy
2026-09-22 15:00:00,Z10,26.926,75.8,33.4,0.0,76,5.8,Partly Cloudy
2026-09-22 16:00:00,Z01,26.9124,75.7873,32.1,0.0,73,7.5,Partly Cloudy
2026-09-22 16:00:00,Z02,26.85,75.804,31.0,0.2,62,11.3,Partly Cloudy
2026-09-22 16:00:00,Z03,26.912,75.798,30.6,0.6,72,11.2,Partly Cloudy
2026-09-22 16:00:00,Z04,26.912,75.739,33.2,0.0,69,12.6,Partly Cloudy
2026-09-22 16:00:00,Z05,26.856,75.764,30.3,0.0,78,3.5,Partly Cloudy
2026-09-22 16:00:00,Z06,26.9,75.825,31.9,0.0,63,5.2,Partly Cloudy
2026-09-22 16:00:00,Z07,26.831,75.841,31.8,0.1,74,12.1,Partly Cloudy
2026-09-22 16:00:00,Z08,26.951,75.746,32.6,0.5,71,6.4,Partly Cloudy
2026-09-22 16:00:00,Z09,26.9,75.758,30.6,0.0,66,9.5,Partly Cloudy
2026-09-22 16:00:00,Z10,26.926,75.8,30.6,0.0,74,11.0,Partly Cloudy
2026-09-22 17:00:00,Z01,26.9124,75.7873,32.6,0.0,78,11.5,Partly Cloudy
2026-09-22 17:00:00,Z02,26.85,75.804,31.3,0.7,78,5.8,Partly Cloudy
2026-09-22 17:00:00,Z03,26.912,75.798,31.4,0.2,68,10.5,Partly Cloudy
2026-09-22 17:00:00,Z04,26.912,75.739,29.9,0.4,66,12.2,Partly Cloudy
2026-09-22 17:00:00,Z05,26.856,75.764,31.3,0.3,70,9.3,Partly Cloudy
2026-09-22 17:00:00,Z06,26.9,75.825,29.9,0.0,83,4.5,Partly Cloudy
2026-09-22 17:00:00,Z07,26.831,75.841,30.4,0.3,75,9.7,Partly Cloudy
2026-09-22 17:00:00,Z08,26.951,75.746,31.3,0.4,70,14.2,Partly Cloudy
2026-09-22 17:00:00,Z09,26.9,75.758,30.2,0.5,66,9.8,Partly Cloudy
2026-09-22 17:00:00,Z10,26.926,75.8,31.2,0.0,74,8.4,Partly Cloudy
2026-09-22 18:00:00,Z01,26.9124,75.7873,29.5,0.0,82,7.3,Partly Cloudy
2026-09-22 18:00:00,Z02,26.85,75.804,28.1,0.5,68,12.6,Partly Cloudy
2026-09-22 18:00:00,Z03,26.912,75.798,29.0,0.8,72,8.2,Partly Cloudy
2026-09-22 18:00:00,Z04,26.912,75.739,29.1,0.5,68,7.8,Partly Cloudy
2026-09-22 18:00:00,Z05,26.856,75.764,30.1,0.0,82,8.3,Partly Cloudy
2026-09-22 18:00:00,Z06,26.9,75.825,30.1,0.3,66,10.0,Partly Cloudy
2026-09-22 18:00:00,Z07,26.831,75.841,30.2,0.1,79,13.1,Partly Cloudy
2026-09-22 18:00:00,Z08,26.951,75.746,29.5,0.0,65,8.2,Partly Cloudy
2026-09-22 18:00:00,Z09,26.9,75.758,29.5,0.4,58,10.0,Partly Cloudy
2026-09-22 18:00:00,Z10,26.926,75.8,30.6,0.1,79,11.3,Partly Cloudy
2026-09-22 19:00:00,Z01,26.9124,75.7873,29.3,0.1,77,14.9,Partly Cloudy
2026-09-22 19:00:00,Z02,26.85,75.804,28.5,0.0,70,9.0,Partly Cloudy
2026-09-22 19:00:00,Z03,26.912,75.798,26.0,0.5,66,10.2,Partly Cloudy
2026-09-22 19:00:00,Z04,26.912,75.739,27.7,0.8,68,10.2,Partly Cloudy
2026-09-22 19:00:00,Z05,26.856,75.764,27.9,0.7,54,10.0,Partly Cloudy
2026-09-22 19:00:00,Z06,26.9,75.825,28.8,0.0,82,7.3,Partly Cloudy
2026-09-22 19:00:00,Z07,26.831,75.841,27.3,0.3,79,8.0,Partly Cloudy
2026-09-22 19:00:00,Z08,26.951,75.746,27.5,0.6,74,5.4,Partly Cloudy
2026-09-22 19:00:00,Z09,26.9,75.758,25.1,0.4,77,8.0,Partly Cloudy
2026-09-22 19:00:00,Z10,26.926,75.8,25.2,0.4,64,3.9,Partly Cloudy
2026-09-22 20:00:00,Z01,26.9124,75.7873,28.1,0.5,72,9.3,Partly Cloudy
2026-09-22 20:00:00,Z02,26.85,75.804,26.7,0.5,81,5.8,Partly Cloudy
2026-09-22 20:00:00,Z03,26.912,75.798,27.3,0.0,70,9.3,Partly Cloudy
2026-09-22 20:00:00,Z04,26.912,75.739,28.9,0.2,75,12.1,Partly Cloudy
2026-09-22 20:00:00,Z05,26.856,75.764,25.9,0.1,66,10.7,Partly Cloudy
2026-09-22 20:00:00,Z06,26.9,75.825,26.2,0.8,70,8.3,Partly Cloudy
2026-09-22 20:00:00,Z07,26.831,75.841,28.4,0.5,71,8.1,Partly Cloudy
2026-09-22 20:00:00,Z08,26.951,75.746,25.1,0.0,72,12.0,Partly Cloudy
2026-09-22 20:00:00,Z09,26.9,75.758,25.7,0.4,65,12.5,Partly Cloudy
2026-09-22 20:00:00,Z10,26.926,75.8,27.0,0.5,78,12.6,Partly Cloudy
2026-09-22 21:00:00,Z01,26.9124,75.7873,24.8,0.1,68,14.4,Partly Cloudy
2026-09-22 21:00:00,Z02,26.85,75.804,24.5,0.0,75,7.6,Partly Cloudy
2026-09-22 21:00:00,Z03,26.912,75.798,25.7,0.0,69,9.8,Partly Cloudy
2026-09-22 21:00:00,Z04,26.912,75.739,25.3,0.6,75,9.4,Partly Cloudy
2026-09-22 21:00:00,Z05,26.856,75.764,25.0,0.4,79,10.4,Partly Cloudy
2026-09-22 21:00:00,Z06,26.9,75.825,26.1,0.0,63,12.0,Partly Cloudy
2026-09-22 21:00:00,Z07,26.831,75.841,25.0,0.4,71,14.2,Partly Cloudy
2026-09-22 21:00:00,Z08,26.951,75.746,26.1,0.6,71,8.2,Partly Cloudy
2026-09-22 21:00:00,Z09,26.9,75.758,25.5,0.4,74,10.2,Partly Cloudy
2026-09-22 21:00:00,Z10,26.926,75.8,25.6,1.2,79,12.2,Partly Cloudy
2026-09-22 22:00:00,Z01,26.9124,75.7873,24.2,0.6,75,10.1,Partly Cloudy
2026-09-22 22:00:00,Z02,26.85,75.804,24.0,0.2,52,10.6,Partly Cloudy
2026-09-22 22:00:00,Z03,26.912,75.798,24.4,0.8,72,6.4,Partly Cloudy
2026-09-22 22:00:00,Z04,26.912,75.739,25.4,0.0,74,10.9,Partly Cloudy
2026-09-22 22:00:00,Z05,26.856,75.764,25.2,0.0,72,5.9,Partly Cloudy
2026-09-22 22:00:00,Z06,26.9,75.825,24.9,0.4,74,10.0,Partly Cloudy
2026-09-22 22:00:00,Z07,26.831,75.841,23.4,0.8,70,10.4,Partly Cloudy
2026-09-22 22:00:00,Z08,26.951,75.746,24.2,0.0,72,13.3,Partly Cloudy
2026-09-22 22:00:00,Z09,26.9,75.758,24.8,0.1,69,8.4,Partly Cloudy
2026-09-22 22:00:00,Z10,26.926,75.8,25.2,0.0,79,8.0,Partly Cloudy
2026-09-22 23:00:00,Z01,26.9124,75.7873,24.1,0.0,76,12.0,Partly Cloudy
2026-09-22 23:00:00,Z02,26.85,75.804,23.4,0.0,73,6.5,Partly Cloudy
2026-09-22 23:00:00,Z03,26.912,75.798,22.7,0.6,76,10.0,Partly Cloudy
2026-09-22 23:00:00,Z04,26.912,75.739,24.5,0.5,72,3.0,Partly Cloudy
2026-09-22 23:00:00,Z05,26.856,75.764,20.5,0.2,79,6.7,Partly Cloudy
2026-09-22 23:00:00,Z06,26.9,75.825,22.7,0.3,73,4.9,Partly Cloudy
2026-09-22 23:00:00,Z07,26.831,75.841,23.0,1.3,70,12.2,Partly Cloudy
2026-09-22 23:00:00,Z08,26.951,75.746,23.3,0.0,70,9.2,Partly Cloudy
2026-09-22 23:00:00,Z09,26.9,75.758,22.4,0.2,73,9.5,Partly Cloudy
2026-09-22 23:00:00,Z10,26.926,75.8,24.4,0.4,60,3.8,Partly Cloudy
2026-09-23 00:00:00,Z01,26.9124,75.7873,22.5,0.4,71,5.8,Partly Cloudy
2026-09-23 00:00:00,Z02,26.85,75.804,23.8,0.1,62,7.8,Partly Cloudy
2026-09-23 00:00:00,Z03,26.912,75.798,21.3,0.8,69,12.3,Partly Cloudy
2026-09-23 00:00:00,Z04,26.912,75.739,22.9,0.5,67,10.9,Partly Cloudy
2026-09-23 00:00:00,Z05,26.856,75.764,22.9,0.7,66,11.9,Partly Cloudy
2026-09-23 00:00:00,Z06,26.9,75.825,23.2,0.1,70,7.5,Partly Cloudy
2026-09-23 00:00:00,Z07,26.831,75.841,24.0,0.2,73,10.3,Partly Cloudy
2026-09-23 00:00:00,Z08,26.951,75.746,22.0,0.6,65,12.6,Partly Cloudy
2026-09-23 00:00:00,Z09,26.9,75.758,23.3,0.4,75,4.3,Partly Cloudy
2026-09-23 00:00:00,Z10,26.926,75.8,22.5,0.0,67,14.1,Partly Cloudy
2026-09-23 01:00:00,Z01,26.9124,75.7873,22.9,0.0,72,12.1,Partly Cloudy
2026-09-23 01:00:00,Z02,26.85,75.804,22.5,0.7,75,3.5,Partly Cloudy
2026-09-23 01:00:00,Z03,26.912,75.798,25.5,0.0,74,2.1,Partly Cloudy
2026-09-23 01:00:00,Z04,26.912,75.739,25.3,0.4,72,13.5,Partly Cloudy
2026-09-23 01:00:00,Z05,26.856,75.764,22.9,0.5,77,10.4,Partly Cloudy
2026-09-23 01:00:00,Z06,26.9,75.825,21.6,0.0,67,7.9,Partly Cloudy
2026-09-23 01:00:00,Z07,26.831,75.841,23.0,0.2,61,10.6,Partly Cloudy
2026-09-23 01:00:00,Z08,26.951,75.746,24.4,0.3,68,19.2,Partly Cloudy
2026-09-23 01:00:00,Z09,26.9,75.758,22.0,0.0,73,8.2,Partly Cloudy
2026-09-23 01:00:00,Z10,26.926,75.8,24.0,0.0,74,8.0,Partly Cloudy
2026-09-23 02:00:00,Z01,26.9124,75.7873,23.6,0.6,80,7.4,Partly Cloudy
2026-09-23 02:00:00,Z02,26.85,75.804,24.8,0.5,69,7.7,Partly Cloudy
2026-09-23 02:00:00,Z03,26.912,75.798,22.0,0.3,75,7.5,Partly Cloudy
2026-09-23 02:00:00,Z04,26.912,75.739,23.2,0.0,71,6.8,Partly Cloudy
2026-09-23 02:00:00,Z05,26.856,75.764,23.8,0.0,65,12.0,Partly Cloudy
2026-09-23 02:00:00,Z06,26.9,75.825,22.8,0.0,65,6.9,Partly Cloudy
2026-09-23 02:00:00,Z07,26.831,75.841,22.0,0.5,77,8.5,Partly Cloudy
2026-09-23 02:00:00,Z08,26.951,75.746,24.5,0.3,67,8.4,Partly Cloudy
2026-09-23 02:00:00,Z09,26.9,75.758,23.4,0.5,72,6.2,Partly Cloudy
2026-09-23 02:00:00,Z10,26.926,75.8,24.5,0.6,69,14.1,Partly Cloudy
2026-09-23 03:00:00,Z01,26.9124,75.7873,25.1,0.9,73,11.8,Partly Cloudy
2026-09-23 03:00:00,Z02,26.85,75.804,23.9,0.4,68,8.7,Partly Cloudy
2026-09-23 03:00:00,Z03,26.912,75.798,21.5,0.0,71,13.3,Partly Cloudy
2026-09-23 03:00:00,Z04,26.912,75.739,24.2,0.8,78,8.6,Partly Cloudy
2026-09-23 03:00:00,Z05,26.856,75.764,22.3,0.2,79,12.9,Partly Cloudy
2026-09-23 03:00:00,Z06,26.9,75.825,22.9,0.4,70,10.2,Partly Cloudy
2026-09-23 03:00:00,Z07,26.831,75.841,22.3,0.9,78,7.8,Partly Cloudy
2026-09-23 03:00:00,Z08,26.951,75.746,24.9,0.0,74,10.7,Partly Cloudy
2026-09-23 03:00:00,Z09,26.9,75.758,22.3,0.5,77,11.0,Partly Cloudy
2026-09-23 03:00:00,Z10,26.926,75.8,24.2,0.1,78,9.8,Partly Cloudy
2026-09-23 04:00:00,Z01,26.9124,75.7873,24.8,0.1,65,9.6,Partly Cloudy
2026-09-23 04:00:00,Z02,26.85,75.804,25.6,0.0,70,7.2,Partly Cloudy
2026-09-23 04:00:00,Z03,26.912,75.798,24.4,0.1,80,14.6,Partly Cloudy
2026-09-23 04:00:00,Z04,26.912,75.739,23.1,0.0,59,5.6,Partly Cloudy
2026-09-23 04:00:00,Z05,26.856,75.764,22.2,0.8,72,11.2,Partly Cloudy
2026-09-23 04:00:00,Z06,26.9,75.825,24.3,0.0,77,10.9,Partly Cloudy
2026-09-23 04:00:00,Z07,26.831,75.841,24.5,0.4,81,9.3,Partly Cloudy
2026-09-23 04:00:00,Z08,26.951,75.746,25.1,0.3,86,3.7,Partly Cloudy
2026-09-23 04:00:00,Z09,26.9,75.758,24.4,0.2,75,8.0,Partly Cloudy
2026-09-23 04:00:00,Z10,26.926,75.8,23.6,0.5,90,12.4,Partly Cloudy
2026-09-23 05:00:00,Z01,26.9124,75.7873,25.2,0.0,69,4.6,Partly Cloudy
2026-09-23 05:00:00,Z02,26.85,75.804,26.0,0.5,64,13.1,Partly Cloudy
2026-09-23 05:00:00,Z03,26.912,75.798,26.2,0.0,71,14.8,Partly Cloudy
2026-09-23 05:00:00,Z04,26.912,75.739,25.0,0.2,70,10.2,Partly Cloudy
2026-09-23 05:00:00,Z05,26.856,75.764,25.9,0.0,84,10.5,Partly Cloudy
2026-09-23 05:00:00,Z06,26.9,75.825,23.9,0.2,67,9.4,Partly Cloudy
2026-09-23 05:00:00,Z07,26.831,75.841,25.1,1.1,64,6.9,Partly Cloudy
2026-09-23 05:00:00,Z08,26.951,75.746,26.8,0.7,72,6.3,Partly Cloudy
2026-09-23 05:00:00,Z09,26.9,75.758,27.9,0.5,75,12.1,Partly Cloudy
2026-09-23 05:00:00,Z10,26.926,75.8,25.9,1.1,67,14.9,Partly Cloudy
2026-09-23 06:00:00,Z01,26.9124,75.7873,25.9,0.4,61,9.5,Partly Cloudy
2026-09-23 06:00:00,Z02,26.85,75.804,26.7,0.5,78,3.8,Partly Cloudy
2026-09-23 06:00:00,Z03,26.912,75.798,27.1,0.6,70,12.2,Partly Cloudy
2026-09-23 06:00:00,Z04,26.912,75.739,25.6,0.3,70,6.4,Partly Cloudy
2026-09-23 06:00:00,Z05,26.856,75.764,26.3,0.5,72,9.6,Partly Cloudy
2026-09-23 06:00:00,Z06,26.9,75.825,25.4,0.1,78,9.0,Partly Cloudy
2026-09-23 06:00:00,Z07,26.831,75.841,28.3,0.5,70,10.1,Partly Cloudy
2026-09-23 06:00:00,Z08,26.951,75.746,26.5,0.2,73,6.5,Partly Cloudy
2026-09-23 06:00:00,Z09,26.9,75.758,26.8,0.4,62,10.6,Partly Cloudy
2026-09-23 06:00:00,Z10,26.926,75.8,28.2,0.2,78,11.0,Partly Cloudy
2026-09-23 07:00:00,Z01,26.9124,75.7873,26.9,0.0,72,10.3,Partly Cloudy
2026-09-23 07:00:00,Z02,26.85,75.804,28.5,0.6,85,9.9,Partly Cloudy
2026-09-23 07:00:00,Z03,26.912,75.798,27.3,0.2,67,4.5,Partly Cloudy
2026-09-23 07:00:00,Z04,26.912,75.739,27.7,0.0,82,9.7,Partly Cloudy
2026-09-23 07:00:00,Z05,26.856,75.764,28.1,0.6,65,7.7,Partly Cloudy
2026-09-23 07:00:00,Z06,26.9,75.825,28.1,0.6,75,10.7,Partly Cloudy
2026-09-23 07:00:00,Z07,26.831,75.841,28.0,0.4,73,6.9,Partly Cloudy
2026-09-23 07:00:00,Z08,26.951,75.746,30.5,0.0,72,8.6,Partly Cloudy
2026-09-23 07:00:00,Z09,26.9,75.758,28.5,0.2,63,9.6,Partly Cloudy
2026-09-23 07:00:00,Z10,26.926,75.8,28.8,0.9,68,5.3,Partly Cloudy
2026-09-23 08:00:00,Z01,26.9124,75.7873,29.2,0.0,69,9.2,Partly Cloudy
2026-09-23 08:00:00,Z02,26.85,75.804,29.3,0.5,67,9.2,Partly Cloudy
2026-09-23 08:00:00,Z03,26.912,75.798,30.1,0.3,72,11.3,Partly Cloudy
2026-09-23 08:00:00,Z04,26.912,75.739,29.3,0.4,74,5.3,Partly Cloudy
2026-09-23 08:00:00,Z05,26.856,75.764,28.6,0.4,76,7.9,Partly Cloudy
2026-09-23 08:00:00,Z06,26.9,75.825,28.9,0.0,75,13.1,Partly Cloudy
2026-09-23 08:00:00,Z07,26.831,75.841,29.1,0.6,72,9.6,Partly Cloudy
2026-09-23 08:00:00,Z08,26.951,75.746,28.4,0.5,73,16.8,Partly Cloudy
2026-09-23 08:00:00,Z09,26.9,75.758,29.3,0.4,68,7.4,Partly Cloudy
2026-09-23 08:00:00,Z10,26.926,75.8,28.2,0.3,89,9.4,Partly Cloudy
2026-09-23 09:00:00,Z01,26.9124,75.7873,30.5,0.3,59,9.7,Partly Cloudy
2026-09-23 09:00:00,Z02,26.85,75.804,30.3,0.5,77,8.5,Partly Cloudy
2026-09-23 09:00:00,Z03,26.912,75.798,29.2,0.0,65,10.9,Partly Cloudy
2026-09-23 09:00:00,Z04,26.912,75.739,32.3,0.0,66,11.6,Partly Cloudy
2026-09-23 09:00:00,Z05,26.856,75.764,30.5,0.0,60,9.6,Partly Cloudy
2026-09-23 09:00:00,Z06,26.9,75.825,30.9,0.3,69,9.4,Partly Cloudy
2026-09-23 09:00:00,Z07,26.831,75.841,30.7,0.6,60,8.9,Partly Cloudy
2026-09-23 09:00:00,Z08,26.951,75.746,30.5,0.0,82,8.1,Partly Cloudy
2026-09-23 09:00:00,Z09,26.9,75.758,30.1,0.4,68,4.5,Partly Cloudy
2026-09-23 09:00:00,Z10,26.926,75.8,31.4,0.6,69,7.5,Partly Cloudy
2026-09-23 10:00:00,Z01,26.9124,75.7873,32.3,0.1,68,10.4,Partly Cloudy
2026-09-23 10:00:00,Z02,26.85,75.804,31.0,1.2,76,13.5,Partly Cloudy
2026-09-23 10:00:00,Z03,26.912,75.798,30.5,0.0,72,10.3,Partly Cloudy
2026-09-23 10:00:00,Z04,26.912,75.739,32.0,0.1,74,11.1,Partly Cloudy
2026-09-23 10:00:00,Z05,26.856,75.764,30.3,0.3,68,8.5,Partly Cloudy
2026-09-23 10:00:00,Z06,26.9,75.825,30.6,0.9,72,9.3,Partly Cloudy
2026-09-23 10:00:00,Z07,26.831,75.841,32.0,1.4,65,8.7,Partly Cloudy
2026-09-23 10:00:00,Z08,26.951,75.746,32.0,0.4,77,15.4,Partly Cloudy
2026-09-23 10:00:00,Z09,26.9,75.758,33.6,0.0,70,10.9,Partly Cloudy
2026-09-23 10:00:00,Z10,26.926,75.8,32.4,0.0,79,10.5,Partly Cloudy
2026-09-23 11:00:00,Z01,26.9124,75.7873,33.0,0.2,66,12.3,Partly Cloudy
2026-09-23 11:00:00,Z02,26.85,75.804,30.8,0.6,71,8.2,Partly Cloudy
2026-09-23 11:00:00,Z03,26.912,75.798,31.8,0.5,74,7.1,Partly Cloudy
2026-09-23 11:00:00,Z04,26.912,75.739,31.2,0.0,63,7.5,Partly Cloudy
2026-09-23 11:00:00,Z05,26.856,75.764,34.4,0.0,67,5.1,Partly Cloudy
2026-09-23 11:00:00,Z06,26.9,75.825,32.7,0.7,67,10.8,Partly Cloudy
2026-09-23 11:00:00,Z07,26.831,75.841,31.8,0.7,67,13.3,Partly Cloudy
2026-09-23 11:00:00,Z08,26.951,75.746,34.9,0.0,76,13.9,Partly Cloudy
2026-09-23 11:00:00,Z09,26.9,75.758,33.1,0.0,76,8.8,Partly Cloudy
2026-09-23 11:00:00,Z10,26.926,75.8,32.4,0.0,64,7.7,Partly Cloudy
2026-09-23 12:00:00,Z01,26.9124,75.7873,33.4,0.0,75,13.1,Partly Cloudy
2026-09-23 12:00:00,Z02,26.85,75.804,34.2,0.8,74,6.3,Partly Cloudy
2026-09-23 12:00:00,Z03,26.912,75.798,33.3,0.0,77,14.7,Partly Cloudy
2026-09-23 12:00:00,Z04,26.912,75.739,32.7,0.0,66,14.0,Partly Cloudy
2026-09-23 12:00:00,Z05,26.856,75.764,33.1,0.2,76,12.1,Partly Cloudy
2026-09-23 12:00:00,Z06,26.9,75.825,33.4,0.1,70,12.6,Partly Cloudy
2026-09-23 12:00:00,Z07,26.831,75.841,32.0,0.1,78,9.6,Partly Cloudy
2026-09-23 12:00:00,Z08,26.951,75.746,34.1,0.0,66,9.2,Partly Cloudy
2026-09-23 12:00:00,Z09,26.9,75.758,32.6,0.0,73,8.0,Partly Cloudy
2026-09-23 12:00:00,Z10,26.926,75.8,33.4,0.0,70,9.4,Partly Cloudy
2026-09-23 13:00:00,Z01,26.9124,75.7873,33.2,0.3,64,13.3,Partly Cloudy
2026-09-23 13:00:00,Z02,26.85,75.804,33.2,0.3,71,8.4,Partly Cloudy
2026-09-23 13:00:00,Z03,26.912,75.798,32.7,0.4,61,8.4,Partly Cloudy
2026-09-23 13:00:00,Z04,26.912,75.739,32.5,0.3,79,7.7,Partly Cloudy
2026-09-23 13:00:00,Z05,26.856,75.764,33.8,0.0,67,9.0,Partly Cloudy
2026-09-23 13:00:00,Z06,26.9,75.825,32.4,0.0,74,4.9,Partly Cloudy
2026-09-23 13:00:00,Z07,26.831,75.841,30.8,0.1,82,9.2,Partly Cloudy
2026-09-23 13:00:00,Z08,26.951,75.746,33.4,0.0,72,11.8,Partly Cloudy
2026-09-23 13:00:00,Z09,26.9,75.758,33.9,0.3,78,8.4,Partly Cloudy
2026-09-23 13:00:00,Z10,26.926,75.8,32.7,0.0,66,4.6,Partly Cloudy
2026-09-23 14:00:00,Z01,26.9124,75.7873,31.9,0.2,72,10.2,Partly Cloudy
2026-09-23 14:00:00,Z02,26.85,75.804,32.5,0.1,63,14.1,Partly Cloudy
2026-09-23 14:00:00,Z03,26.912,75.798,31.7,0.0,81,6.3,Partly Cloudy
2026-09-23 14:00:00,Z04,26.912,75.739,33.6,0.0,71,11.3,Partly Cloudy
2026-09-23 14:00:00,Z05,26.856,75.764,32.3,1.2,58,11.8,Partly Cloudy
2026-09-23 14:00:00,Z06,26.9,75.825,34.5,0.0,68,7.3,Partly Cloudy
2026-09-23 14:00:00,Z07,26.831,75.841,31.3,0.5,72,14.1,Partly Cloudy
2026-09-23 14:00:00,Z08,26.951,75.746,33.0,0.0,58,7.9,Partly Cloudy
2026-09-23 14:00:00,Z09,26.9,75.758,33.6,0.2,72,5.8,Partly Cloudy
2026-09-23 14:00:00,Z10,26.926,75.8,33.1,0.3,76,4.3,Partly Cloudy
2026-09-23 15:00:00,Z01,26.9124,75.7873,32.4,17.2,84,15.6,Rain
2026-09-23 15:00:00,Z02,26.85,75.804,33.5,18.6,87,9.4,Rain
2026-09-23 15:00:00,Z03,26.912,75.798,31.8,21.2,93,12.4,Heavy Rain
2026-09-23 15:00:00,Z04,26.912,75.739,33.0,18.9,92,11.9,Rain
2026-09-23 15:00:00,Z05,26.856,75.764,31.2,20.5,75,12.3,Heavy Rain
2026-09-23 15:00:00,Z06,26.9,75.825,32.2,22.1,79,16.8,Heavy Rain
2026-09-23 15:00:00,Z07,26.831,75.841,32.3,21.3,90,16.9,Heavy Rain
2026-09-23 15:00:00,Z08,26.951,75.746,31.7,18.9,76,11.9,Rain
2026-09-23 15:00:00,Z09,26.9,75.758,31.7,22.4,84,16.1,Heavy Rain
2026-09-23 15:00:00,Z10,26.926,75.8,32.3,21.8,94,15.0,Heavy Rain
2026-09-23 16:00:00,Z01,26.9124,75.7873,31.0,26.6,83,11.4,Heavy Rain
2026-09-23 16:00:00,Z02,26.85,75.804,33.3,32.0,85,10.0,Heavy Rain
2026-09-23 16:00:00,Z03,26.912,75.798,31.6,30.3,78,12.7,Heavy Rain
2026-09-23 16:00:00,Z04,26.912,75.739,32.9,35.8,80,16.9,Heavy Rain
2026-09-23 16:00:00,Z05,26.856,75.764,31.3,26.5,85,10.9,Heavy Rain
2026-09-23 16:00:00,Z06,26.9,75.825,30.8,28.9,90,17.3,Heavy Rain
2026-09-23 16:00:00,Z07,26.831,75.841,31.8,21.1,86,14.9,Heavy Rain
2026-09-23 16:00:00,Z08,26.951,75.746,31.9,27.7,87,18.5,Heavy Rain
2026-09-23 16:00:00,Z09,26.9,75.758,33.2,27.5,83,13.5,Heavy Rain
2026-09-23 16:00:00,Z10,26.926,75.8,32.6,28.3,86,12.6,Heavy Rain
2026-09-23 17:00:00,Z01,26.9124,75.7873,30.5,43.8,89,14.2,Heavy Rain
2026-09-23 17:00:00,Z02,26.85,75.804,30.9,26.5,91,14.4,Heavy Rain
2026-09-23 17:00:00,Z03,26.912,75.798,31.5,33.2,84,12.8,Heavy Rain
2026-09-23 17:00:00,Z04,26.912,75.739,29.2,34.5,98,15.3,Heavy Rain
2026-09-23 17:00:00,Z05,26.856,75.764,32.1,35.5,83,7.4,Heavy Rain
2026-09-23 17:00:00,Z06,26.9,75.825,29.1,38.8,90,14.5,Heavy Rain
2026-09-23 17:00:00,Z07,26.831,75.841,28.0,34.1,92,10.8,Heavy Rain
2026-09-23 17:00:00,Z08,26.951,75.746,31.2,35.1,86,14.4,Heavy Rain
2026-09-23 17:00:00,Z09,26.9,75.758,29.0,38.6,88,17.6,Heavy Rain
2026-09-23 17:00:00,Z10,26.926,75.8,29.0,38.0,90,10.3,Heavy Rain
2026-09-23 18:00:00,Z01,26.9124,75.7873,28.7,26.0,83,16.3,Heavy Rain
2026-09-23 18:00:00,Z02,26.85,75.804,29.3,25.6,83,17.4,Heavy Rain
2026-09-23 18:00:00,Z03,26.912,75.798,28.5,28.3,86,17.9,Heavy Rain
2026-09-23 18:00:00,Z04,26.912,75.739,31.8,34.3,88,13.5,Heavy Rain
2026-09-23 18:00:00,Z05,26.856,75.764,30.2,24.8,84,10.3,Heavy Rain
2026-09-23 18:00:00,Z06,26.9,75.825,29.1,35.8,97,17.7,Heavy Rain
2026-09-23 18:00:00,Z07,26.831,75.841,29.8,27.5,76,20.1,Heavy Rain
2026-09-23 18:00:00,Z08,26.951,75.746,29.7,27.0,94,11.1,Heavy Rain
2026-09-23 18:00:00,Z09,26.9,75.758,27.8,28.3,90,13.8,Heavy Rain
2026-09-23 18:00:00,Z10,26.926,75.8,30.1,29.3,93,13.9,Heavy Rain
2026-09-23 19:00:00,Z01,26.9124,75.7873,28.7,17.8,86,12.1,Rain
2026-09-23 19:00:00,Z02,26.85,75.804,28.7,22.1,91,17.3,Heavy Rain
2026-09-23 19:00:00,Z03,26.912,75.798,27.5,23.1,81,14.0,Heavy Rain
2026-09-23 19:00:00,Z04,26.912,75.739,26.0,20.6,84,11.1,Heavy Rain
2026-09-23 19:00:00,Z05,26.856,75.764,28.0,19.3,88,10.0,Rain
2026-09-23 19:00:00,Z06,26.9,75.825,28.4,29.6,93,18.9,Heavy Rain
2026-09-23 19:00:00,Z07,26.831,75.841,25.3,26.7,82,12.1,Heavy Rain
2026-09-23 19:00:00,Z08,26.951,75.746,27.7,26.7,96,12.3,Heavy Rain
2026-09-23 19:00:00,Z09,26.9,75.758,26.3,19.0,89,17.4,Rain
2026-09-23 19:00:00,Z10,26.926,75.8,28.5,23.6,85,14.3,Heavy Rain
2026-09-23 20:00:00,Z01,26.9124,75.7873,27.7,14.2,86,13.4,Rain
2026-09-23 20:00:00,Z02,26.85,75.804,26.3,16.7,88,10.2,Rain
2026-09-23 20:00:00,Z03,26.912,75.798,28.5,18.6,87,16.0,Rain
2026-09-23 20:00:00,Z04,26.912,75.739,24.2,19.2,87,12.5,Rain
2026-09-23 20:00:00,Z05,26.856,75.764,26.6,14.3,85,15.2,Rain
2026-09-23 20:00:00,Z06,26.9,75.825,27.2,13.7,76,11.2,Rain
2026-09-23 20:00:00,Z07,26.831,75.841,27.7,21.9,86,15.0,Heavy Rain
2026-09-23 20:00:00,Z08,26.951,75.746,27.6,11.8,89,11.8,Rain
2026-09-23 20:00:00,Z09,26.9,75.758,27.4,15.6,88,11.7,Rain
2026-09-23 20:00:00,Z10,26.926,75.8,26.9,23.3,80,13.0,Heavy Rain
2026-09-23 21:00:00,Z01,26.9124,75.7873,26.9,0.5,68,1.5,Partly Cloudy
2026-09-23 21:00:00,Z02,26.85,75.804,27.1,0.5,61,8.2,Partly Cloudy
2026-09-23 21:00:00,Z03,26.912,75.798,25.6,0.8,77,9.5,Partly Cloudy
2026-09-23 21:00:00,Z04,26.912,75.739,24.7,0.1,78,7.4,Partly Cloudy
2026-09-23 21:00:00,Z05,26.856,75.764,24.8,0.6,71,14.1,Partly Cloudy
2026-09-23 21:00:00,Z06,26.9,75.825,24.0,0.2,66,10.0,Partly Cloudy
2026-09-23 21:00:00,Z07,26.831,75.841,26.2,0.0,63,12.1,Partly Cloudy
2026-09-23 21:00:00,Z08,26.951,75.746,25.5,0.0,80,17.5,Partly Cloudy
2026-09-23 21:00:00,Z09,26.9,75.758,25.5,0.0,88,6.0,Partly Cloudy
2026-09-23 21:00:00,Z10,26.926,75.8,25.0,0.3,80,11.1,Partly Cloudy
2026-09-23 22:00:00,Z01,26.9124,75.7873,24.5,0.0,69,7.0,Partly Cloudy
2026-09-23 22:00:00,Z02,26.85,75.804,24.0,0.0,63,13.8,Partly Cloudy
2026-09-23 22:00:00,Z03,26.912,75.798,22.7,0.0,70,10.2,Partly Cloudy
2026-09-23 22:00:00,Z04,26.912,75.739,25.0,0.3,65,15.1,Partly Cloudy
2026-09-23 22:00:00,Z05,26.856,75.764,25.1,0.0,67,9.7,Partly Cloudy
2026-09-23 22:00:00,Z06,26.9,75.825,23.9,0.2,70,10.2,Partly Cloudy
2026-09-23 22:00:00,Z07,26.831,75.841,24.8,0.1,59,12.9,Partly Cloudy
2026-09-23 22:00:00,Z08,26.951,75.746,23.4,0.0,83,10.3,Partly Cloudy
2026-09-23 22:00:00,Z09,26.9,75.758,24.0,0.5,74,11.2,Partly Cloudy
2026-09-23 22:00:00,Z10,26.926,75.8,22.6,0.4,70,11.7,Partly Cloudy
2026-09-23 23:00:00,Z01,26.9124,75.7873,23.1,0.0,82,7.7,Partly Cloudy
2026-09-23 23:00:00,Z02,26.85,75.804,23.4,0.0,64,3.4,Partly Cloudy
2026-09-23 23:00:00,Z03,26.912,75.798,23.7,0.3,71,9.6,Partly Cloudy
2026-09-23 23:00:00,Z04,26.912,75.739,23.4,0.6,70,8.3,Partly Cloudy
2026-09-23 23:00:00,Z05,26.856,75.764,23.8,0.4,80,8.1,Partly Cloudy
2026-09-23 23:00:00,Z06,26.9,75.825,22.2,0.3,66,10.1,Partly Cloudy
2026-09-23 23:00:00,Z07,26.831,75.841,23.9,0.0,74,8.8,Partly Cloudy
2026-09-23 23:00:00,Z08,26.951,75.746,22.4,0.2,66,9.9,Partly Cloudy
2026-09-23 23:00:00,Z09,26.9,75.758,22.6,0.8,63,9.4,Partly Cloudy
2026-09-23 23:00:00,Z10,26.926,75.8,24.5,0.4,70,8.4,Partly Cloudy
2026-09-24 00:00:00,Z01,26.9124,75.7873,21.8,0.2,75,7.1,Partly Cloudy
2026-09-24 00:00:00,Z02,26.85,75.804,23.1,0.2,70,11.9,Partly Cloudy
2026-09-24 00:00:00,Z03,26.912,75.798,23.0,0.3,62,15.7,Partly Cloudy
2026-09-24 00:00:00,Z04,26.912,75.739,21.9,0.5,66,10.9,Partly Cloudy
2026-09-24 00:00:00,Z05,26.856,75.764,23.9,0.4,69,10.1,Partly Cloudy
2026-09-24 00:00:00,Z06,26.9,75.825,25.3,0.0,67,11.4,Partly Cloudy
2026-09-24 00:00:00,Z07,26.831,75.841,25.1,0.1,75,9.7,Partly Cloudy
2026-09-24 00:00:00,Z08,26.951,75.746,20.7,0.0,72,5.1,Partly Cloudy
2026-09-24 00:00:00,Z09,26.9,75.758,23.1,0.3,72,9.1,Partly Cloudy
2026-09-24 00:00:00,Z10,26.926,75.8,22.5,1.4,70,11.5,Partly Cloudy
2026-09-24 01:00:00,Z01,26.9124,75.7873,24.8,0.3,70,8.8,Partly Cloudy
2026-09-24 01:00:00,Z02,26.85,75.804,22.6,0.7,72,3.1,Partly Cloudy
2026-09-24 01:00:00,Z03,26.912,75.798,24.4,1.3,70,13.3,Partly Cloudy
2026-09-24 01:00:00,Z04,26.912,75.739,23.7,0.3,66,2.7,Partly Cloudy
2026-09-24 01:00:00,Z05,26.856,75.764,22.7,0.0,73,6.3,Partly Cloudy
2026-09-24 01:00:00,Z06,26.9,75.825,24.2,0.2,73,6.7,Partly Cloudy
2026-09-24 01:00:00,Z07,26.831,75.841,23.0,0.0,61,9.7,Partly Cloudy
2026-09-24 01:00:00,Z08,26.951,75.746,22.9,0.3,80,9.3,Partly Cloudy
2026-09-24 01:00:00,Z09,26.9,75.758,22.6,0.0,76,10.6,Partly Cloudy
2026-09-24 01:00:00,Z10,26.926,75.8,22.4,0.0,80,6.3,Partly Cloudy
2026-09-24 02:00:00,Z01,26.9124,75.7873,21.0,0.3,64,5.5,Partly Cloudy
2026-09-24 02:00:00,Z02,26.85,75.804,22.2,0.5,68,18.8,Partly Cloudy
2026-09-24 02:00:00,Z03,26.912,75.798,22.7,0.0,68,10.7,Partly Cloudy
2026-09-24 02:00:00,Z04,26.912,75.739,21.4,0.4,66,5.9,Partly Cloudy
2026-09-24 02:00:00,Z05,26.856,75.764,22.5,0.0,68,9.1,Partly Cloudy
2026-09-24 02:00:00,Z06,26.9,75.825,21.4,0.7,79,9.0,Partly Cloudy
2026-09-24 02:00:00,Z07,26.831,75.841,22.5,0.0,68,8.0,Partly Cloudy
2026-09-24 02:00:00,Z08,26.951,75.746,23.4,0.0,69,8.1,Partly Cloudy
2026-09-24 02:00:00,Z09,26.9,75.758,22.2,0.3,66,13.8,Partly Cloudy
2026-09-24 02:00:00,Z10,26.926,75.8,23.5,0.0,74,7.5,Partly Cloudy
2026-09-24 03:00:00,Z01,26.9124,75.7873,22.2,0.0,80,12.0,Partly Cloudy
2026-09-24 03:00:00,Z02,26.85,75.804,22.8,0.0,82,7.8,Partly Cloudy
2026-09-24 03:00:00,Z03,26.912,75.798,24.4,0.0,69,9.3,Partly Cloudy
2026-09-24 03:00:00,Z04,26.912,75.739,24.7,0.0,62,11.4,Partly Cloudy
2026-09-24 03:00:00,Z05,26.856,75.764,24.8,0.0,78,10.1,Partly Cloudy
2026-09-24 03:00:00,Z06,26.9,75.825,24.7,0.2,56,9.5,Partly Cloudy
2026-09-24 03:00:00,Z07,26.831,75.841,20.8,0.0,69,9.5,Partly Cloudy
2026-09-24 03:00:00,Z08,26.951,75.746,23.6,0.9,66,11.5,Partly Cloudy
2026-09-24 03:00:00,Z09,26.9,75.758,22.8,0.7,74,9.3,Partly Cloudy
2026-09-24 03:00:00,Z10,26.926,75.8,22.6,0.5,60,11.9,Partly Cloudy
2026-09-24 04:00:00,Z01,26.9124,75.7873,24.5,0.7,72,11.9,Partly Cloudy
2026-09-24 04:00:00,Z02,26.85,75.804,24.6,0.0,66,12.0,Partly Cloudy
2026-09-24 04:00:00,Z03,26.912,75.798,23.7,0.7,74,7.1,Partly Cloudy
2026-09-24 04:00:00,Z04,26.912,75.739,24.9,0.2,58,15.0,Partly Cloudy
2026-09-24 04:00:00,Z05,26.856,75.764,26.7,0.7,62,13.7,Partly Cloudy
2026-09-24 04:00:00,Z06,26.9,75.825,22.9,0.0,76,10.0,Partly Cloudy
2026-09-24 04:00:00,Z07,26.831,75.841,25.6,0.4,77,8.2,Partly Cloudy
2026-09-24 04:00:00,Z08,26.951,75.746,24.5,0.0,63,10.4,Partly Cloudy
2026-09-24 04:00:00,Z09,26.9,75.758,25.3,0.0,76,11.6,Partly Cloudy
2026-09-24 04:00:00,Z10,26.926,75.8,26.5,0.2,75,8.7,Partly Cloudy
2026-09-24 05:00:00,Z01,26.9124,75.7873,24.1,0.0,84,10.1,Partly Cloudy
2026-09-24 05:00:00,Z02,26.85,75.804,26.7,0.7,72,12.6,Partly Cloudy
2026-09-24 05:00:00,Z03,26.912,75.798,25.5,0.3,68,12.9,Partly Cloudy
2026-09-24 05:00:00,Z04,26.912,75.739,24.9,0.5,59,11.3,Partly Cloudy
2026-09-24 05:00:00,Z05,26.856,75.764,26.0,0.9,75,10.7,Partly Cloudy
2026-09-24 05:00:00,Z06,26.9,75.825,25.9,0.0,81,16.0,Partly Cloudy
2026-09-24 05:00:00,Z07,26.831,75.841,25.5,0.8,68,7.6,Partly Cloudy
2026-09-24 05:00:00,Z08,26.951,75.746,25.8,0.4,69,11.6,Partly Cloudy
2026-09-24 05:00:00,Z09,26.9,75.758,25.7,0.0,75,12.6,Partly Cloudy
2026-09-24 05:00:00,Z10,26.926,75.8,24.3,0.7,64,11.4,Partly Cloudy
2026-09-24 06:00:00,Z01,26.9124,75.7873,26.2,0.0,68,7.2,Partly Cloudy
2026-09-24 06:00:00,Z02,26.85,75.804,25.1,0.1,77,9.0,Partly Cloudy
2026-09-24 06:00:00,Z03,26.912,75.798,27.2,0.7,66,9.8,Partly Cloudy
2026-09-24 06:00:00,Z04,26.912,75.739,25.8,0.3,78,11.4,Partly Cloudy
2026-09-24 06:00:00,Z05,26.856,75.764,27.7,1.1,73,9.6,Partly Cloudy
2026-09-24 06:00:00,Z06,26.9,75.825,26.4,0.3,74,17.5,Partly Cloudy
2026-09-24 06:00:00,Z07,26.831,75.841,25.2,0.1,72,13.2,Partly Cloudy
2026-09-24 06:00:00,Z08,26.951,75.746,26.3,0.0,68,5.1,Partly Cloudy
2026-09-24 06:00:00,Z09,26.9,75.758,26.8,0.4,66,5.7,Partly Cloudy
2026-09-24 06:00:00,Z10,26.926,75.8,27.5,0.5,61,12.5,Partly Cloudy
2026-09-24 07:00:00,Z01,26.9124,75.7873,27.6,0.6,79,16.6,Partly Cloudy
2026-09-24 07:00:00,Z02,26.85,75.804,29.5,0.2,69,10.0,Partly Cloudy
2026-09-24 07:00:00,Z03,26.912,75.798,29.0,0.0,66,14.1,Partly Cloudy
2026-09-24 07:00:00,Z04,26.912,75.739,29.5,0.1,77,11.0,Partly Cloudy
2026-09-24 07:00:00,Z05,26.856,75.764,28.6,0.2,78,17.9,Partly Cloudy
2026-09-24 07:00:00,Z06,26.9,75.825,30.4,0.2,76,8.9,Partly Cloudy
2026-09-24 07:00:00,Z07,26.831,75.841,29.1,0.3,70,7.5,Partly Cloudy
2026-09-24 07:00:00,Z08,26.951,75.746,26.5,0.5,69,11.7,Partly Cloudy
2026-09-24 07:00:00,Z09,26.9,75.758,27.2,0.3,74,15.1,Partly Cloudy
2026-09-24 07:00:00,Z10,26.926,75.8,29.3,0.0,66,6.0,Partly Cloudy
2026-09-24 08:00:00,Z01,26.9124,75.7873,29.4,0.8,73,13.7,Partly Cloudy
2026-09-24 08:00:00,Z02,26.85,75.804,27.7,0.2,70,9.1,Partly Cloudy
2026-09-24 08:00:00,Z03,26.912,75.798,29.4,0.3,71,12.2,Partly Cloudy
2026-09-24 08:00:00,Z04,26.912,75.739,30.0,0.1,66,10.2,Partly Cloudy
2026-09-24 08:00:00,Z05,26.856,75.764,28.6,0.0,72,10.7,Partly Cloudy
2026-09-24 08:00:00,Z06,26.9,75.825,29.6,0.0,73,6.6,Partly Cloudy
2026-09-24 08:00:00,Z07,26.831,75.841,28.4,0.0,78,17.0,Partly Cloudy
2026-09-24 08:00:00,Z08,26.951,75.746,28.0,0.4,67,13.1,Partly Cloudy
2026-09-24 08:00:00,Z09,26.9,75.758,28.3,0.4,66,9.4,Partly Cloudy
2026-09-24 08:00:00,Z10,26.926,75.8,28.9,0.5,66,11.7,Partly Cloudy
2026-09-24 09:00:00,Z01,26.9124,75.7873,30.7,0.2,72,7.7,Partly Cloudy
2026-09-24 09:00:00,Z02,26.85,75.804,32.0,0.8,67,13.5,Partly Cloudy
2026-09-24 09:00:00,Z03,26.912,75.798,30.0,0.0,63,10.9,Partly Cloudy
2026-09-24 09:00:00,Z04,26.912,75.739,29.4,0.9,72,7.6,Partly Cloudy
2026-09-24 09:00:00,Z05,26.856,75.764,31.5,0.6,68,10.1,Partly Cloudy
2026-09-24 09:00:00,Z06,26.9,75.825,31.2,0.0,71,10.0,Partly Cloudy
2026-09-24 09:00:00,Z07,26.831,75.841,30.1,0.4,70,10.2,Partly Cloudy
2026-09-24 09:00:00,Z08,26.951,75.746,29.6,0.0,73,15.7,Partly Cloudy
2026-09-24 09:00:00,Z09,26.9,75.758,30.9,0.0,66,12.2,Partly Cloudy
2026-09-24 09:00:00,Z10,26.926,75.8,28.9,0.1,66,10.3,Partly Cloudy
2026-09-24 10:00:00,Z01,26.9124,75.7873,30.0,0.3,77,6.2,Partly Cloudy
2026-09-24 10:00:00,Z02,26.85,75.804,31.4,0.8,68,13.4,Partly Cloudy
2026-09-24 10:00:00,Z03,26.912,75.798,31.7,0.1,74,7.3,Partly Cloudy
2026-09-24 10:00:00,Z04,26.912,75.739,31.3,0.0,64,11.0,Partly Cloudy
2026-09-24 10:00:00,Z05,26.856,75.764,32.4,0.1,64,14.8,Partly Cloudy
2026-09-24 10:00:00,Z06,26.9,75.825,33.5,0.6,70,4.8,Partly Cloudy
2026-09-24 10:00:00,Z07,26.831,75.841,32.7,0.2,67,11.3,Partly Cloudy
2026-09-24 10:00:00,Z08,26.951,75.746,30.5,0.2,79,13.2,Partly Cloudy
2026-09-24 10:00:00,Z09,26.9,75.758,31.4,0.0,77,1.9,Partly Cloudy
2026-09-24 10:00:00,Z10,26.926,75.8,31.2,0.0,69,9.1,Partly Cloudy
2026-09-24 11:00:00,Z01,26.9124,75.7873,34.2,0.0,65,16.9,Partly Cloudy
2026-09-24 11:00:00,Z02,26.85,75.804,32.5,0.0,81,8.8,Partly Cloudy
2026-09-24 11:00:00,Z03,26.912,75.798,32.5,0.2,68,13.0,Partly Cloudy
2026-09-24 11:00:00,Z04,26.912,75.739,30.7,0.0,64,7.3,Partly Cloudy
2026-09-24 11:00:00,Z05,26.856,75.764,33.7,0.2,64,9.2,Partly Cloudy
2026-09-24 11:00:00,Z06,26.9,75.825,34.2,0.7,71,9.7,Partly Cloudy
2026-09-24 11:00:00,Z07,26.831,75.841,32.7,0.4,70,5.7,Partly Cloudy
2026-09-24 11:00:00,Z08,26.951,75.746,32.0,0.5,68,10.9,Partly Cloudy
2026-09-24 11:00:00,Z09,26.9,75.758,33.3,0.1,57,9.3,Partly Cloudy
2026-09-24 11:00:00,Z10,26.926,75.8,32.7,0.0,72,7.7,Partly Cloudy
2026-09-24 12:00:00,Z01,26.9124,75.7873,33.8,0.1,66,14.0,Partly Cloudy
2026-09-24 12:00:00,Z02,26.85,75.804,33.5,0.0,74,11.6,Partly Cloudy
2026-09-24 12:00:00,Z03,26.912,75.798,32.5,0.0,78,8.3,Partly Cloudy
2026-09-24 12:00:00,Z04,26.912,75.739,30.6,1.3,73,8.8,Partly Cloudy
2026-09-24 12:00:00,Z05,26.856,75.764,32.5,0.8,63,7.0,Partly Cloudy
2026-09-24 12:00:00,Z06,26.9,75.825,33.1,0.8,76,9.5,Partly Cloudy
2026-09-24 12:00:00,Z07,26.831,75.841,33.8,0.0,72,10.2,Partly Cloudy
2026-09-24 12:00:00,Z08,26.951,75.746,33.6,0.6,74,8.9,Partly Cloudy
2026-09-24 12:00:00,Z09,26.9,75.758,32.9,0.2,65,8.8,Partly Cloudy
2026-09-24 12:00:00,Z10,26.926,75.8,32.9,0.6,70,6.4,Partly Cloudy
2026-09-24 13:00:00,Z01,26.9124,75.7873,34.0,0.2,73,12.8,Partly Cloudy
2026-09-24 13:00:00,Z02,26.85,75.804,33.7,0.0,68,6.9,Partly Cloudy
2026-09-24 13:00:00,Z03,26.912,75.798,34.5,0.8,70,9.3,Partly Cloudy
2026-09-24 13:00:00,Z04,26.912,75.739,33.7,0.4,74,6.4,Partly Cloudy
2026-09-24 13:00:00,Z05,26.856,75.764,32.4,0.0,65,9.0,Partly Cloudy
2026-09-24 13:00:00,Z06,26.9,75.825,34.1,0.1,63,12.9,Partly Cloudy
2026-09-24 13:00:00,Z07,26.831,75.841,33.9,0.0,77,7.6,Partly Cloudy
2026-09-24 13:00:00,Z08,26.951,75.746,34.2,0.2,72,9.4,Partly Cloudy
2026-09-24 13:00:00,Z09,26.9,75.758,33.7,0.0,75,13.3,Partly Cloudy
2026-09-24 13:00:00,Z10,26.926,75.8,32.9,1.1,68,12.9,Partly Cloudy
2026-09-24 14:00:00,Z01,26.9124,75.7873,34.1,0.7,71,8.8,Partly Cloudy
2026-09-24 14:00:00,Z02,26.85,75.804,33.4,0.0,63,8.4,Partly Cloudy
2026-09-24 14:00:00,Z03,26.912,75.798,31.5,0.8,72,14.0,Partly Cloudy
2026-09-24 14:00:00,Z04,26.912,75.739,32.9,0.0,70,9.7,Partly Cloudy
2026-09-24 14:00:00,Z05,26.856,75.764,32.8,0.5,69,10.4,Partly Cloudy
2026-09-24 14:00:00,Z06,26.9,75.825,32.7,0.0,71,9.6,Partly Cloudy
2026-09-24 14:00:00,Z07,26.831,75.841,34.1,0.2,72,8.7,Partly Cloudy
2026-09-24 14:00:00,Z08,26.951,75.746,31.8,0.0,67,18.3,Partly Cloudy
2026-09-24 14:00:00,Z09,26.9,75.758,32.6,0.0,76,3.8,Partly Cloudy
2026-09-24 14:00:00,Z10,26.926,75.8,31.3,1.1,62,4.1,Partly Cloudy
2026-09-24 15:00:00,Z01,26.9124,75.7873,33.0,0.6,78,8.5,Partly Cloudy
2026-09-24 15:00:00,Z02,26.85,75.804,30.0,0.8,82,9.3,Partly Cloudy
2026-09-24 15:00:00,Z03,26.912,75.798,32.1,0.0,69,9.2,Partly Cloudy
2026-09-24 15:00:00,Z04,26.912,75.739,33.4,0.6,79,9.5,Partly Cloudy
2026-09-24 15:00:00,Z05,26.856,75.764,32.4,0.3,72,12.7,Partly Cloudy
2026-09-24 15:00:00,Z06,26.9,75.825,32.2,1.0,63,8.5,Partly Cloudy
2026-09-24 15:00:00,Z07,26.831,75.841,30.9,0.4,79,9.9,Partly Cloudy
2026-09-24 15:00:00,Z08,26.951,75.746,32.3,0.5,76,4.2,Partly Cloudy
2026-09-24 15:00:00,Z09,26.9,75.758,33.1,0.0,68,7.3,Partly Cloudy
2026-09-24 15:00:00,Z10,26.926,75.8,30.9,0.2,64,12.6,Partly Cloudy
2026-09-24 16:00:00,Z01,26.9124,75.7873,32.0,0.3,67,8.9,Partly Cloudy
2026-09-24 16:00:00,Z02,26.85,75.804,31.8,0.4,80,9.8,Partly Cloudy
2026-09-24 16:00:00,Z03,26.912,75.798,31.4,0.0,73,11.3,Partly Cloudy
2026-09-24 16:00:00,Z04,26.912,75.739,30.9,0.0,73,11.1,Partly Cloudy
2026-09-24 16:00:00,Z05,26.856,75.764,31.3,0.0,80,11.5,Partly Cloudy
2026-09-24 16:00:00,Z06,26.9,75.825,31.7,0.0,67,13.9,Partly Cloudy
2026-09-24 16:00:00,Z07,26.831,75.841,33.0,0.0,75,7.6,Partly Cloudy
2026-09-24 16:00:00,Z08,26.951,75.746,28.9,0.7,69,8.1,Partly Cloudy
2026-09-24 16:00:00,Z09,26.9,75.758,31.2,0.0,63,10.4,Partly Cloudy
2026-09-24 16:00:00,Z10,26.926,75.8,32.1,0.0,70,11.5,Partly Cloudy
2026-09-24 17:00:00,Z01,26.9124,75.7873,31.4,0.0,71,5.8,Partly Cloudy
2026-09-24 17:00:00,Z02,26.85,75.804,30.0,0.5,66,7.7,Partly Cloudy
2026-09-24 17:00:00,Z03,26.912,75.798,31.5,0.0,74,9.2,Partly Cloudy
2026-09-24 17:00:00,Z04,26.912,75.739,29.5,0.0,68,5.5,Partly Cloudy
2026-09-24 17:00:00,Z05,26.856,75.764,30.6,0.0,77,7.9,Partly Cloudy
2026-09-24 17:00:00,Z06,26.9,75.825,31.1,0.0,64,9.5,Partly Cloudy
2026-09-24 17:00:00,Z07,26.831,75.841,30.0,0.0,76,7.5,Partly Cloudy
2026-09-24 17:00:00,Z08,26.951,75.746,30.2,0.4,68,10.1,Partly Cloudy
2026-09-24 17:00:00,Z09,26.9,75.758,31.1,0.3,57,4.5,Partly Cloudy
2026-09-24 17:00:00,Z10,26.926,75.8,30.8,0.6,66,9.3,Partly Cloudy
2026-09-24 18:00:00,Z01,26.9124,75.7873,29.0,0.5,59,7.3,Partly Cloudy
2026-09-24 18:00:00,Z02,26.85,75.804,27.9,0.5,86,9.3,Partly Cloudy
2026-09-24 18:00:00,Z03,26.912,75.798,28.4,0.4,79,10.3,Partly Cloudy
2026-09-24 18:00:00,Z04,26.912,75.739,29.7,0.6,75,6.9,Partly Cloudy
2026-09-24 18:00:00,Z05,26.856,75.764,28.9,0.6,79,9.8,Partly Cloudy
2026-09-24 18:00:00,Z06,26.9,75.825,27.9,0.7,64,11.3,Partly Cloudy
2026-09-24 18:00:00,Z07,26.831,75.841,29.8,0.6,70,13.8,Partly Cloudy
2026-09-24 18:00:00,Z08,26.951,75.746,30.2,0.0,80,14.7,Partly Cloudy
2026-09-24 18:00:00,Z09,26.9,75.758,28.6,0.0,70,10.4,Partly Cloudy
2026-09-24 18:00:00,Z10,26.926,75.8,29.6,0.9,72,1.9,Partly Cloudy
2026-09-24 19:00:00,Z01,26.9124,75.7873,28.8,0.1,71,8.9,Partly Cloudy
2026-09-24 19:00:00,Z02,26.85,75.804,28.0,0.6,73,9.0,Partly Cloudy
2026-09-24 19:00:00,Z03,26.912,75.798,28.5,0.2,67,11.7,Partly Cloudy
2026-09-24 19:00:00,Z04,26.912,75.739,28.8,0.8,79,7.9,Partly Cloudy
2026-09-24 19:00:00,Z05,26.856,75.764,27.0,0.0,76,8.5,Partly Cloudy
2026-09-24 19:00:00,Z06,26.9,75.825,27.8,0.3,55,4.7,Partly Cloudy
2026-09-24 19:00:00,Z07,26.831,75.841,27.2,0.2,69,5.3,Partly Cloudy
2026-09-24 19:00:00,Z08,26.951,75.746,29.2,0.4,75,10.0,Partly Cloudy
2026-09-24 19:00:00,Z09,26.9,75.758,26.6,0.4,67,9.2,Partly Cloudy
2026-09-24 19:00:00,Z10,26.926,75.8,29.4,0.2,78,12.1,Partly Cloudy
2026-09-24 20:00:00,Z01,26.9124,75.7873,28.2,0.1,80,9.4,Partly Cloudy
2026-09-24 20:00:00,Z02,26.85,75.804,26.5,0.2,76,14.4,Partly Cloudy
2026-09-24 20:00:00,Z03,26.912,75.798,25.4,0.3,79,9.6,Partly Cloudy
2026-09-24 20:00:00,Z04,26.912,75.739,27.9,1.1,69,10.5,Partly Cloudy
2026-09-24 20:00:00,Z05,26.856,75.764,24.9,0.0,65,10.8,Partly Cloudy
2026-09-24 20:00:00,Z06,26.9,75.825,25.2,0.1,73,9.2,Partly Cloudy
2026-09-24 20:00:00,Z07,26.831,75.841,26.4,0.8,72,14.3,Partly Cloudy
2026-09-24 20:00:00,Z08,26.951,75.746,25.5,0.0,73,9.4,Partly Cloudy
2026-09-24 20:00:00,Z09,26.9,75.758,28.0,0.8,68,4.5,Partly Cloudy
2026-09-24 20:00:00,Z10,26.926,75.8,28.4,0.0,68,4.7,Partly Cloudy
2026-09-24 21:00:00,Z01,26.9124,75.7873,25.9,0.0,72,12.7,Partly Cloudy
2026-09-24 21:00:00,Z02,26.85,75.804,25.7,0.2,61,7.6,Partly Cloudy
2026-09-24 21:00:00,Z03,26.912,75.798,26.5,0.0,73,12.0,Partly Cloudy
2026-09-24 21:00:00,Z04,26.912,75.739,25.5,0.0,85,12.3,Partly Cloudy
2026-09-24 21:00:00,Z05,26.856,75.764,25.3,0.6,86,5.7,Partly Cloudy
2026-09-24 21:00:00,Z06,26.9,75.825,25.5,0.0,73,11.1,Partly Cloudy
2026-09-24 21:00:00,Z07,26.831,75.841,27.0,0.0,59,11.1,Partly Cloudy
2026-09-24 21:00:00,Z08,26.951,75.746,26.0,0.0,74,5.3,Partly Cloudy
2026-09-24 21:00:00,Z09,26.9,75.758,25.1,0.0,67,7.7,Partly Cloudy
2026-09-24 21:00:00,Z10,26.926,75.8,25.5,0.4,64,8.8,Partly Cloudy
2026-09-24 22:00:00,Z01,26.9124,75.7873,23.8,0.0,82,7.4,Partly Cloudy
2026-09-24 22:00:00,Z02,26.85,75.804,23.5,0.0,82,11.7,Partly Cloudy
2026-09-24 22:00:00,Z03,26.912,75.798,24.1,0.6,73,10.8,Partly Cloudy
2026-09-24 22:00:00,Z04,26.912,75.739,26.3,0.0,74,8.4,Partly Cloudy
2026-09-24 22:00:00,Z05,26.856,75.764,24.8,0.0,81,9.7,Partly Cloudy
2026-09-24 22:00:00,Z06,26.9,75.825,21.8,0.5,68,12.6,Partly Cloudy
2026-09-24 22:00:00,Z07,26.831,75.841,24.2,0.0,66,6.2,Partly Cloudy
2026-09-24 22:00:00,Z08,26.951,75.746,23.8,0.4,76,10.7,Partly Cloudy
2026-09-24 22:00:00,Z09,26.9,75.758,25.2,0.3,72,12.8,Partly Cloudy
2026-09-24 22:00:00,Z10,26.926,75.8,23.9,0.2,66,8.0,Partly Cloudy
2026-09-24 23:00:00,Z01,26.9124,75.7873,23.6,0.1,73,12.1,Partly Cloudy
2026-09-24 23:00:00,Z02,26.85,75.804,22.7,0.2,72,8.5,Partly Cloudy
2026-09-24 23:00:00,Z03,26.912,75.798,23.0,0.0,67,11.4,Partly Cloudy
2026-09-24 23:00:00,Z04,26.912,75.739,22.6,0.1,74,11.6,Partly Cloudy
2026-09-24 23:00:00,Z05,26.856,75.764,22.8,0.6,78,6.6,Partly Cloudy
2026-09-24 23:00:00,Z06,26.9,75.825,22.3,0.7,71,3.3,Partly Cloudy
2026-09-24 23:00:00,Z07,26.831,75.841,23.7,0.1,65,8.8,Partly Cloudy
2026-09-24 23:00:00,Z08,26.951,75.746,25.1,0.8,70,13.2,Partly Cloudy
2026-09-24 23:00:00,Z09,26.9,75.758,24.1,0.8,73,4.1,Partly Cloudy
2026-09-24 23:00:00,Z10,26.926,75.8,24.5,0.6,71,15.2,Partly Cloudy
