timestamp,zone_id,latitude,longitude,vehicle_count,avg_speed_kmph,congestion_level,road_name
2026-09-18 00:00:00,Z01,26.9124,75.7873,426,43.1,LOW,Tonk Road
2026-09-18 00:00:00,Z02,26.85,75.804,175,42.7,LOW,Malviya Nagar
2026-09-18 00:00:00,Z03,26.912,75.798,433,41.0,LOW,C-Scheme
2026-09-18 00:00:00,Z04,26.912,75.739,334,40.4,LOW,Vaishali Nagar
2026-09-18 00:00:00,Z05,26.856,75.764,474,39.9,LOW,Mansarovar
2026-09-18 00:00:00,Z06,26.9,75.825,288,45.4,LOW,Raja Park
2026-09-18 00:00:00,Z07,26.831,75.841,302,42.3,LOW,Jagatpura
2026-09-18 00:00:00,Z08,26.951,75.746,385,43.2,LOW,Jhotwara
2026-09-18 00:00:00,Z09,26.9,75.758,373,43.6,LOW,Sodala
2026-09-18 00:00:00,Z10,26.926,75.8,278,47.9,LOW,Bani Park
2026-09-18 00:30:00,Z01,26.9124,75.7873,322,38.6,LOW,Tonk Road
2026-09-18 00:30:00,Z02,26.85,75.804,245,38.9,LOW,Malviya Nagar
2026-09-18 00:30:00,Z03,26.912,75.798,285,40.0,LOW,C-Scheme
2026-09-18 00:30:00,Z04,26.912,75.739,386,40.1,LOW,Vaishali Nagar
2026-09-18 00:30:00,Z05,26.856,75.764,337,41.0,LOW,Mansarovar
2026-09-18 00:30:00,Z06,26.9,75.825,296,43.8,LOW,Raja Park
2026-09-18 00:30:00,Z07,26.831,75.841,375,41.5,LOW,Jagatpura
2026-09-18 00:30:00,Z08,26.951,75.746,183,38.1,LOW,Jhotwara
2026-09-18 00:30:00,Z09,26.9,75.758,384,42.7,LOW,Sodala
2026-09-18 00:30:00,Z10,26.926,75.8,361,46.1,LOW,Bani Park
2026-09-18 01:00:00,Z01,26.9124,75.7873,336,43.6,LOW,Tonk Road
2026-09-18 01:00:00,Z02,26.85,75.804,466,42.6,LOW,Malviya Nagar
2026-09-18 01:00:00,Z03,26.912,75.798,378,37.8,LOW,C-Scheme
2026-09-18 01:00:00,Z04,26.912,75.739,369,46.3,LOW,Vaishali Nagar
2026-09-18 01:00:00,Z05,26.856,75.764,305,45.3,LOW,Mansarovar
2026-09-18 01:00:00,Z06,26.9,75.825,352,41.9,LOW,Raja Park
2026-09-18 01:00:00,Z07,26.831,75.841,268,37.6,LOW,Jagatpura
2026-09-18 01:00:00,Z08,26.951,75.746,407,39.8,LOW,Jhotwara
2026-09-18 01:00:00,Z09,26.9,75.758,372,43.7,LOW,Sodala
2026-09-18 01:00:00,Z10,26.926,75.8,338,43.6,LOW,Bani Park
2026-09-18 01:30:00,Z01,26.9124,75.7873,350,44.4,LOW,Tonk Road
2026-09-18 01:30:00,Z02,26.85,75.804,331,42.1,LOW,Malviya Nagar
2026-09-18 01:30:00,Z03,26.912,75.798,320,43.4,LOW,C-Scheme
2026-09-18 01:30:00,Z04,26.912,75.739,270,44.0,LOW,Vaishali Nagar
2026-09-18 01:30:00,Z05,26.856,75.764,398,39.8,LOW,Mansarovar
2026-09-18 01:30:00,Z06,26.9,75.825,318,41.8,LOW,Raja Park
2026-09-18 01:30:00,Z07,26.831,75.841,307,43.8,LOW,Jagatpura
2026-09-18 01:30:00,Z08,26.951,75.746,447,41.6,LOW,Jhotwara
2026-09-18 01:30:00,Z09,26.9,75.758,460,45.1,LOW,Sodala
2026-09-18 01:30:00,Z10,26.926,75.8,436,41.4,LOW,Bani Park
2026-09-18 02:00:00,Z01,26.9124,75.7873,286,40.1,LOW,Tonk Road
2026-09-18 02:00:00,Z02,26.85,75.804,467,37.3,LOW,Malviya Nagar
2026-09-18 02:00:00,Z03,26.912,75.798,341,40.3,LOW,C-Scheme
2026-09-18 02:00:00,Z04,26.912,75.739,398,40.2,LOW,Vaishali Nagar
2026-09-18 02:00:00,Z05,26.856,75.764,258,41.2,LOW,Mansarovar
2026-09-18 02:00:00,Z06,26.9,75.825,249,42.9,LOW,Raja Park
2026-09-18 02:00:00,Z07,26.831,75.841,202,40.3,LOW,Jagatpura
2026-09-18 02:00:00,Z08,26.951,75.746,362,39.2,LOW,Jhotwara
2026-09-18 02:00:00,Z09,26.9,75.758,246,38.1,LOW,Sodala
2026-09-18 02:00:00,Z10,26.926,75.8,311,42.0,LOW,Bani Park
2026-09-18 02:30:00,Z01,26.9124,75.7873,478,46.0,LOW,Tonk Road
2026-09-18 02:30:00,Z02,26.85,75.804,388,40.3,LOW,Malviya Nagar
2026-09-18 02:30:00,Z03,26.912,75.798,308,43.5,LOW,C-Scheme
2026-09-18 02:30:00,Z04,26.912,75.739,349,39.0,LOW,Vaishali Nagar
2026-09-18 02:30:00,Z05,26.856,75.764,319,41.7,LOW,Mansarovar
2026-09-18 02:30:00,Z06,26.9,75.825,297,42.9,LOW,Raja Park
2026-09-18 02:30:00,Z07,26.831,75.841,357,39.7,LOW,Jagatpura
2026-09-18 02:30:00,Z08,26.951,75.746,267,42.8,LOW,Jhotwara
2026-09-18 02:30:00,Z09,26.9,75.758,226,43.9,LOW,Sodala
2026-09-18 02:30:00,Z10,26.926,75.8,331,40.8,LOW,Bani Park
2026-09-18 03:00:00,Z01,26.9124,75.7873,310,40.7,LOW,Tonk Road
2026-09-18 03:00:00,Z02,26.85,75.804,290,45.7,LOW,Malviya Nagar
2026-09-18 03:00:00,Z03,26.912,75.798,380,46.9,LOW,C-Scheme
2026-09-18 03:00:00,Z04,26.912,75.739,383,42.2,LOW,Vaishali Nagar
2026-09-18 03:00:00,Z05,26.856,75.764,280,47.1,LOW,Mansarovar
2026-09-18 03:00:00,Z06,26.9,75.825,297,39.8,LOW,Raja Park
2026-09-18 03:00:00,Z07,26.831,75.841,229,42.1,LOW,Jagatpura
2026-09-18 03:00:00,Z08,26.951,75.746,468,42.0,LOW,Jhotwara
2026-09-18 03:00:00,Z09,26.9,75.758,329,42.3,LOW,Sodala
2026-09-18 03:00:00,Z10,26.926,75.8,412,40.8,LOW,Bani Park
2026-09-18 03:30:00,Z01,26.9124,75.7873,479,40.3,LOW,Tonk Road
2026-09-18 03:30:00,Z02,26.85,75.804,367,45.9,LOW,Malviya Nagar
2026-09-18 03:30:00,Z03,26.912,75.798,422,42.0,LOW,C-Scheme
2026-09-18 03:30:00,Z04,26.912,75.739,293,44.2,LOW,Vaishali Nagar
2026-09-18 03:30:00,Z05,26.856,75.764,257,40.9,LOW,Mansarovar
2026-09-18 03:30:00,Z06,26.9,75.825,396,42.8,LOW,Raja Park
2026-09-18 03:30:00,Z07,26.831,75.841,318,39.3,LOW,Jagatpura
2026-09-18 03:30:00,Z08,26.951,75.746,287,39.3,LOW,Jhotwara
2026-09-18 03:30:00,Z09,26.9,75.758,298,43.1,LOW,Sodala
2026-09-18 03:30:00,Z10,26.926,75.8,236,41.4,LOW,Bani Park
2026-09-18 04:00:00,Z01,26.9124,75.7873,346,42.4,LOW,Tonk Road
2026-09-18 04:00:00,Z02,26.85,75.804,336,40.5,LOW,Malviya Nagar
2026-09-18 04:00:00,Z03,26.912,75.798,292,42.4,LOW,C-Scheme
2026-09-18 04:00:00,Z04,26.912,75.739,476,39.0,LOW,Vaishali Nagar
2026-09-18 04:00:00,Z05,26.856,75.764,343,40.7,LOW,Mansarovar
2026-09-18 04:00:00,Z06,26.9,75.825,597,44.0,LOW,Raja Park
2026-09-18 04:00:00,Z07,26.831,75.841,381,39.5,LOW,Jagatpura
2026-09-18 04:00:00,Z08,26.951,75.746,312,40.6,LOW,Jhotwara
2026-09-18 04:00:00,Z09,26.9,75.758,271,40.6,LOW,Sodala
2026-09-18 04:00:00,Z10,26.926,75.8,246,41.9,LOW,Bani Park
2026-09-18 04:30:00,Z01,26.9124,75.7873,353,43.9,LOW,Tonk Road
2026-09-18 04:30:00,Z02,26.85,75.804,317,42.8,LOW,Malviya Nagar
2026-09-18 04:30:00,Z03,26.912,75.798,370,41.3,LOW,C-Scheme
2026-09-18 04:30:00,Z04,26.912,75.739,324,39.7,LOW,Vaishali Nagar
2026-09-18 04:30:00,Z05,26.856,75.764,287,40.3,LOW,Mansarovar
2026-09-18 04:30:00,Z06,26.9,75.825,443,37.8,LOW,Raja Park
2026-09-18 04:30:00,Z07,26.831,75.841,431,40.6,LOW,Jagatpura
2026-09-18 04:30:00,Z08,26.951,75.746,259,44.1,LOW,Jhotwara
2026-09-18 04:30:00,Z09,26.9,75.758,529,39.8,LOW,Sodala
2026-09-18 04:30:00,Z10,26.926,75.8,347,45.5,LOW,Bani Park
2026-09-18 05:00:00,Z01,26.9124,75.7873,305,42.5,LOW,Tonk Road
2026-09-18 05:00:00,Z02,26.85,75.804,299,42.9,LOW,Malviya Nagar
2026-09-18 05:00:00,Z03,26.912,75.798,257,37.9,LOW,C-Scheme
2026-09-18 05:00:00,Z04,26.912,75.739,270,42.0,LOW,Vaishali Nagar
2026-09-18 05:00:00,Z05,26.856,75.764,274,41.9,LOW,Mansarovar
2026-09-18 05:00:00,Z06,26.9,75.825,409,40.4,LOW,Raja Park
2026-09-18 05:00:00,Z07,26.831,75.841,349,42.5,LOW,Jagatpura
2026-09-18 05:00:00,Z08,26.951,75.746,383,43.8,LOW,Jhotwara
2026-09-18 05:00:00,Z09,26.9,75.758,317,44.9,LOW,Sodala
2026-09-18 05:00:00,Z10,26.926,75.8,258,41.1,LOW,Bani Park
2026-09-18 05:30:00,Z01,26.9124,75.7873,417,41.1,LOW,Tonk Road
2026-09-18 05:30:00,Z02,26.85,75.804,417,44.6,LOW,Malviya Nagar
2026-09-18 05:30:00,Z03,26.912,75.798,425,38.4,LOW,C-Scheme
2026-09-18 05:30:00,Z04,26.912,75.739,412,38.3,LOW,Vaishali Nagar
2026-09-18 05:30:00,Z05,26.856,75.764,399,41.3,LOW,Mansarovar
2026-09-18 05:30:00,Z06,26.9,75.825,431,39.3,LOW,Raja Park
2026-09-18 05:30:00,Z07,26.831,75.841,303,39.1,LOW,Jagatpura
2026-09-18 05:30:00,Z08,26.951,75.746,227,40.0,LOW,Jhotwara
2026-09-18 05:30:00,Z09,26.9,75.758,476,42.2,LOW,Sodala
2026-09-18 05:30:00,Z10,26.926,75.8,356,47.3,LOW,Bani Park
2026-09-18 06:00:00,Z01,26.9124,75.7873,366,44.2,LOW,Tonk Road
2026-09-18 06:00:00,Z02,26.85,75.804,326,43.0,LOW,Malviya Nagar
2026-09-18 06:00:00,Z03,26.912,75.798,387,42.4,LOW,C-Scheme
2026-09-18 06:00:00,Z04,26.912,75.739,344,40.8,LOW,Vaishali Nagar
2026-09-18 06:00:00,Z05,26.856,75.764,407,41.9,LOW,Mansarovar
2026-09-18 06:00:00,Z06,26.9,75.825,346,39.9,LOW,Raja Park
2026-09-18 06:00:00,Z07,26.831,75.841,431,45.8,LOW,Jagatpura
2026-09-18 06:00:00,Z08,26.951,75.746,351,44.7,LOW,Jhotwara
2026-09-18 06:00:00,Z09,26.9,75.758,420,42.6,LOW,Sodala
2026-09-18 06:00:00,Z10,26.926,75.8,213,45.1,LOW,Bani Park
2026-09-18 06:30:00,Z01,26.9124,75.7873,441,39.4,LOW,Tonk Road
2026-09-18 06:30:00,Z02,26.85,75.804,302,41.4,LOW,Malviya Nagar
2026-09-18 06:30:00,Z03,26.912,75.798,311,39.5,LOW,C-Scheme
2026-09-18 06:30:00,Z04,26.912,75.739,496,39.2,LOW,Vaishali Nagar
2026-09-18 06:30:00,Z05,26.856,75.764,345,42.0,LOW,Mansarovar
2026-09-18 06:30:00,Z06,26.9,75.825,417,43.2,LOW,Raja Park
2026-09-18 06:30:00,Z07,26.831,75.841,425,43.9,LOW,Jagatpura
2026-09-18 06:30:00,Z08,26.951,75.746,329,40.7,LOW,Jhotwara
2026-09-18 06:30:00,Z09,26.9,75.758,313,43.5,LOW,Sodala
2026-09-18 06:30:00,Z10,26.926,75.8,377,42.0,LOW,Bani Park
2026-09-18 07:00:00,Z01,26.9124,75.7873,525,35.6,LOW,Tonk Road
2026-09-18 07:00:00,Z02,26.85,75.804,633,35.4,LOW,Malviya Nagar
2026-09-18 07:00:00,Z03,26.912,75.798,704,35.4,LOW,C-Scheme
2026-09-18 07:00:00,Z04,26.912,75.739,744,37.2,LOW,Vaishali Nagar
2026-09-18 07:00:00,Z05,26.856,75.764,751,36.7,LOW,Mansarovar
2026-09-18 07:00:00,Z06,26.9,75.825,652,34.6,LOW,Raja Park
2026-09-18 07:00:00,Z07,26.831,75.841,701,35.7,LOW,Jagatpura
2026-09-18 07:00:00,Z08,26.951,75.746,678,33.4,LOW,Jhotwara
2026-09-18 07:00:00,Z09,26.9,75.758,590,33.9,LOW,Sodala
2026-09-18 07:00:00,Z10,26.926,75.8,653,36.6,LOW,Bani Park
2026-09-18 07:30:00,Z01,26.9124,75.7873,536,38.1,LOW,Tonk Road
2026-09-18 07:30:00,Z02,26.85,75.804,652,32.9,LOW,Malviya Nagar
2026-09-18 07:30:00,Z03,26.912,75.798,677,36.3,LOW,C-Scheme
2026-09-18 07:30:00,Z04,26.912,75.739,571,34.6,LOW,Vaishali Nagar
2026-09-18 07:30:00,Z05,26.856,75.764,672,31.7,MEDIUM,Mansarovar
2026-09-18 07:30:00,Z06,26.9,75.825,612,31.3,MEDIUM,Raja Park
2026-09-18 07:30:00,Z07,26.831,75.841,581,35.0,LOW,Jagatpura
2026-09-18 07:30:00,Z08,26.951,75.746,735,37.2,LOW,Jhotwara
2026-09-18 07:30:00,Z09,26.9,75.758,584,30.9,MEDIUM,Sodala
2026-09-18 07:30:00,Z10,26.926,75.8,595,29.4,MEDIUM,Bani Park
2026-09-18 08:00:00,Z01,26.9124,75.7873,621,35.5,LOW,Tonk Road
2026-09-18 08:00:00,Z02,26.85,75.804,543,34.9,LOW,Malviya Nagar
2026-09-18 08:00:00,Z03,26.912,75.798,611,35.6,LOW,C-Scheme
2026-09-18 08:00:00,Z04,26.912,75.739,643,34.0,LOW,Vaishali Nagar
2026-09-18 08:00:00,Z05,26.856,75.764,569,31.5,MEDIUM,Mansarovar
2026-09-18 08:00:00,Z06,26.9,75.825,677,35.9,LOW,Raja Park
2026-09-18 08:00:00,Z07,26.831,75.841,672,36.1,LOW,Jagatpura
2026-09-18 08:00:00,Z08,26.951,75.746,529,34.3,LOW,Jhotwara
2026-09-18 08:00:00,Z09,26.9,75.758,648,33.5,LOW,Sodala
2026-09-18 08:00:00,Z10,26.926,75.8,698,37.9,LOW,Bani Park
2026-09-18 08:30:00,Z01,26.9124,75.7873,691,37.1,LOW,Tonk Road
2026-09-18 08:30:00,Z02,26.85,75.804,658,32.6,LOW,Malviya Nagar
2026-09-18 08:30:00,Z03,26.912,75.798,584,34.5,LOW,C-Scheme
2026-09-18 08:30:00,Z04,26.912,75.739,635,33.2,LOW,Vaishali Nagar
2026-09-18 08:30:00,Z05,26.856,75.764,504,37.2,LOW,Mansarovar
2026-09-18 08:30:00,Z06,26.9,75.825,584,36.4,LOW,Raja Park
2026-09-18 08:30:00,Z07,26.831,75.841,732,31.3,MEDIUM,Jagatpura
2026-09-18 08:30:00,Z08,26.951,75.746,737,35.5,LOW,Jhotwara
2026-09-18 08:30:00,Z09,26.9,75.758,794,35.6,LOW,Sodala
2026-09-18 08:30:00,Z10,26.926,75.8,639,35.1,LOW,Bani Park
2026-09-18 09:00:00,Z01,26.9124,75.7873,737,34.7,LOW,Tonk Road
2026-09-18 09:00:00,Z02,26.85,75.804,604,32.4,LOW,Malviya Nagar
2026-09-18 09:00:00,Z03,26.912,75.798,502,33.4,LOW,C-Scheme
2026-09-18 09:00:00,Z04,26.912,75.739,517,34.3,LOW,Vaishali Nagar
2026-09-18 09:00:00,Z05,26.856,75.764,710,34.1,LOW,Mansarovar
2026-09-18 09:00:00,Z06,26.9,75.825,767,33.0,LOW,Raja Park
2026-09-18 09:00:00,Z07,26.831,75.841,733,31.1,MEDIUM,Jagatpura
2026-09-18 09:00:00,Z08,26.951,75.746,529,35.4,LOW,Jhotwara
2026-09-18 09:00:00,Z09,26.9,75.758,645,39.4,LOW,Sodala
2026-09-18 09:00:00,Z10,26.926,75.8,551,32.2,LOW,Bani Park
2026-09-18 09:30:00,Z01,26.9124,75.7873,641,33.6,LOW,Tonk Road
2026-09-18 09:30:00,Z02,26.85,75.804,629,34.2,LOW,Malviya Nagar
2026-09-18 09:30:00,Z03,26.912,75.798,622,35.3,LOW,C-Scheme
2026-09-18 09:30:00,Z04,26.912,75.739,639,30.1,MEDIUM,Vaishali Nagar
2026-09-18 09:30:00,Z05,26.856,75.764,674,29.3,MEDIUM,Mansarovar
2026-09-18 09:30:00,Z06,26.9,75.825,661,32.0,LOW,Raja Park
2026-09-18 09:30:00,Z07,26.831,75.841,583,36.6,LOW,Jagatpura
2026-09-18 09:30:00,Z08,26.951,75.746,619,36.1,LOW,Jhotwara
2026-09-18 09:30:00,Z09,26.9,75.758,624,37.5,LOW,Sodala
2026-09-18 09:30:00,Z10,26.926,75.8,698,32.3,LOW,Bani Park
2026-09-18 10:00:00,Z01,26.9124,75.7873,591,33.1,LOW,Tonk Road
2026-09-18 10:00:00,Z02,26.85,75.804,646,33.0,LOW,Malviya Nagar
2026-09-18 10:00:00,Z03,26.912,75.798,514,36.7,LOW,C-Scheme
2026-09-18 10:00:00,Z04,26.912,75.739,693,34.0,LOW,Vaishali Nagar
2026-09-18 10:00:00,Z05,26.856,75.764,741,34.4,LOW,Mansarovar
2026-09-18 10:00:00,Z06,26.9,75.825,637,33.9,LOW,Raja Park
2026-09-18 10:00:00,Z07,26.831,75.841,656,35.2,LOW,Jagatpura
2026-09-18 10:00:00,Z08,26.951,75.746,686,33.2,LOW,Jhotwara
2026-09-18 10:00:00,Z09,26.9,75.758,607,32.7,LOW,Sodala
2026-09-18 10:00:00,Z10,26.926,75.8,744,32.9,LOW,Bani Park
2026-09-18 10:30:00,Z01,26.9124,75.7873,677,27.6,MEDIUM,Tonk Road
2026-09-18 10:30:00,Z02,26.85,75.804,532,34.1,LOW,Malviya Nagar
2026-09-18 10:30:00,Z03,26.912,75.798,683,34.6,LOW,C-Scheme
2026-09-18 10:30:00,Z04,26.912,75.739,464,35.2,LOW,Vaishali Nagar
2026-09-18 10:30:00,Z05,26.856,75.764,598,36.7,LOW,Mansarovar
2026-09-18 10:30:00,Z06,26.9,75.825,701,35.4,LOW,Raja Park
2026-09-18 10:30:00,Z07,26.831,75.841,696,32.2,LOW,Jagatpura
2026-09-18 10:30:00,Z08,26.951,75.746,505,33.2,LOW,Jhotwara
2026-09-18 10:30:00,Z09,26.9,75.758,595,36.3,LOW,Sodala
2026-09-18 10:30:00,Z10,26.926,75.8,621,32.3,LOW,Bani Park
2026-09-18 11:00:00,Z01,26.9124,75.7873,345,42.5,LOW,Tonk Road
2026-09-18 11:00:00,Z02,26.85,75.804,256,43.1,LOW,Malviya Nagar
2026-09-18 11:00:00,Z03,26.912,75.798,341,40.5,LOW,C-Scheme
2026-09-18 11:00:00,Z04,26.912,75.739,342,45.8,LOW,Vaishali Nagar
2026-09-18 11:00:00,Z05,26.856,75.764,352,44.2,LOW,Mansarovar
2026-09-18 11:00:00,Z06,26.9,75.825,332,41.0,LOW,Raja Park
2026-09-18 11:00:00,Z07,26.831,75.841,392,41.7,LOW,Jagatpura
2026-09-18 11:00:00,Z08,26.951,75.746,375,44.7,LOW,Jhotwara
2026-09-18 11:00:00,Z09,26.9,75.758,282,44.4,LOW,Sodala
2026-09-18 11:00:00,Z10,26.926,75.8,299,41.2,LOW,Bani Park
2026-09-18 11:30:00,Z01,26.9124,75.7873,324,42.6,LOW,Tonk Road
2026-09-18 11:30:00,Z02,26.85,75.804,284,43.5,LOW,Malviya Nagar
2026-09-18 11:30:00,Z03,26.912,75.798,398,42.1,LOW,C-Scheme
2026-09-18 11:30:00,Z04,26.912,75.739,498,37.9,LOW,Vaishali Nagar
2026-09-18 11:30:00,Z05,26.856,75.764,208,41.4,LOW,Mansarovar
2026-09-18 11:30:00,Z06,26.9,75.825,352,42.3,LOW,Raja Park
2026-09-18 11:30:00,Z07,26.831,75.841,419,41.8,LOW,Jagatpura
2026-09-18 11:30:00,Z08,26.951,75.746,370,43.5,LOW,Jhotwara
2026-09-18 11:30:00,Z09,26.9,75.758,342,42.9,LOW,Sodala
2026-09-18 11:30:00,Z10,26.926,75.8,246,45.6,LOW,Bani Park
2026-09-18 12:00:00,Z01,26.9124,75.7873,354,42.3,LOW,Tonk Road
2026-09-18 12:00:00,Z02,26.85,75.804,290,43.6,LOW,Malviya Nagar
2026-09-18 12:00:00,Z03,26.912,75.798,360,38.5,LOW,C-Scheme
2026-09-18 12:00:00,Z04,26.912,75.739,454,42.6,LOW,Vaishali Nagar
2026-09-18 12:00:00,Z05,26.856,75.764,430,39.5,LOW,Mansarovar
2026-09-18 12:00:00,Z06,26.9,75.825,323,46.7,LOW,Raja Park
2026-09-18 12:00:00,Z07,26.831,75.841,321,39.4,LOW,Jagatpura
2026-09-18 12:00:00,Z08,26.951,75.746,389,42.0,LOW,Jhotwara
2026-09-18 12:00:00,Z09,26.9,75.758,458,40.8,LOW,Sodala
2026-09-18 12:00:00,Z10,26.926,75.8,228,39.8,LOW,Bani Park
2026-09-18 12:30:00,Z01,26.9124,75.7873,190,44.2,LOW,Tonk Road
2026-09-18 12:30:00,Z02,26.85,75.804,568,41.6,LOW,Malviya Nagar
2026-09-18 12:30:00,Z03,26.912,75.798,271,42.0,LOW,C-Scheme
2026-09-18 12:30:00,Z04,26.912,75.739,346,41.9,LOW,Vaishali Nagar
2026-09-18 12:30:00,Z05,26.856,75.764,396,42.3,LOW,Mansarovar
2026-09-18 12:30:00,Z06,26.9,75.825,468,39.9,LOW,Raja Park
2026-09-18 12:30:00,Z07,26.831,75.841,400,42.5,LOW,Jagatpura
2026-09-18 12:30:00,Z08,26.951,75.746,440,40.7,LOW,Jhotwara
2026-09-18 12:30:00,Z09,26.9,75.758,369,41.5,LOW,Sodala
2026-09-18 12:30:00,Z10,26.926,75.8,280,40.1,LOW,Bani Park
2026-09-18 13:00:00,Z01,26.9124,75.7873,318,43.4,LOW,Tonk Road
2026-09-18 13:00:00,Z02,26.85,75.804,304,40.3,LOW,Malviya Nagar
2026-09-18 13:00:00,Z03,26.912,75.798,305,43.4,LOW,C-Scheme
2026-09-18 13:00:00,Z04,26.912,75.739,351,41.8,LOW,Vaishali Nagar
2026-09-18 13:00:00,Z05,26.856,75.764,247,38.2,LOW,Mansarovar
2026-09-18 13:00:00,Z06,26.9,75.825,298,42.7,LOW,Raja Park
2026-09-18 13:00:00,Z07,26.831,75.841,417,44.1,LOW,Jagatpura
2026-09-18 13:00:00,Z08,26.951,75.746,477,43.4,LOW,Jhotwara
2026-09-18 13:00:00,Z09,26.9,75.758,395,41.8,LOW,Sodala
2026-09-18 13:00:00,Z10,26.926,75.8,521,40.8,LOW,Bani Park
2026-09-18 13:30:00,Z01,26.9124,75.7873,350,46.0,LOW,Tonk Road
2026-09-18 13:30:00,Z02,26.85,75.804,445,42.8,LOW,Malviya Nagar
2026-09-18 13:30:00,Z03,26.912,75.798,304,41.7,LOW,C-Scheme
2026-09-18 13:30:00,Z04,26.912,75.739,355,43.7,LOW,Vaishali Nagar
2026-09-18 13:30:00,Z05,26.856,75.764,291,42.4,LOW,Mansarovar
2026-09-18 13:30:00,Z06,26.9,75.825,366,38.6,LOW,Raja Park
2026-09-18 13:30:00,Z07,26.831,75.841,334,43.8,LOW,Jagatpura
2026-09-18 13:30:00,Z08,26.951,75.746,300,44.9,LOW,Jhotwara
2026-09-18 13:30:00,Z09,26.9,75.758,345,39.9,LOW,Sodala
2026-09-18 13:30:00,Z10,26.926,75.8,403,41.8,LOW,Bani Park
2026-09-18 14:00:00,Z01,26.9124,75.7873,445,40.5,LOW,Tonk Road
2026-09-18 14:00:00,Z02,26.85,75.804,347,45.9,LOW,Malviya Nagar
2026-09-18 14:00:00,Z03,26.912,75.798,276,44.5,LOW,C-Scheme
2026-09-18 14:00:00,Z04,26.912,75.739,423,44.2,LOW,Vaishali Nagar
2026-09-18 14:00:00,Z05,26.856,75.764,348,43.7,LOW,Mansarovar
2026-09-18 14:00:00,Z06,26.9,75.825,305,36.1,LOW,Raja Park
2026-09-18 14:00:00,Z07,26.831,75.841,281,40.7,LOW,Jagatpura
2026-09-18 14:00:00,Z08,26.951,75.746,320,42.2,LOW,Jhotwara
2026-09-18 14:00:00,Z09,26.9,75.758,275,40.4,LOW,Sodala
2026-09-18 14:00:00,Z10,26.926,75.8,428,40.6,LOW,Bani Park
2026-09-18 14:30:00,Z01,26.9124,75.7873,313,40.7,LOW,Tonk Road
2026-09-18 14:30:00,Z02,26.85,75.804,373,41.1,LOW,Malviya Nagar
2026-09-18 14:30:00,Z03,26.912,75.798,136,42.9,LOW,C-Scheme
2026-09-18 14:30:00,Z04,26.912,75.739,450,44.0,LOW,Vaishali Nagar
2026-09-18 14:30:00,Z05,26.856,75.764,281,39.9,LOW,Mansarovar
2026-09-18 14:30:00,Z06,26.9,75.825,297,41.1,LOW,Raja Park
2026-09-18 14:30:00,Z07,26.831,75.841,213,42.4,LOW,Jagatpura
2026-09-18 14:30:00,Z08,26.951,75.746,457,39.8,LOW,Jhotwara
2026-09-18 14:30:00,Z09,26.9,75.758,437,40.1,LOW,Sodala
2026-09-18 14:30:00,Z10,26.926,75.8,223,42.7,LOW,Bani Park
2026-09-18 15:00:00,Z01,26.9124,75.7873,341,43.3,LOW,Tonk Road
2026-09-18 15:00:00,Z02,26.85,75.804,367,41.1,LOW,Malviya Nagar
2026-09-18 15:00:00,Z03,26.912,75.798,399,42.9,LOW,C-Scheme
2026-09-18 15:00:00,Z04,26.912,75.739,378,44.4,LOW,Vaishali Nagar
2026-09-18 15:00:00,Z05,26.856,75.764,316,39.2,LOW,Mansarovar
2026-09-18 15:00:00,Z06,26.9,75.825,400,47.9,LOW,Raja Park
2026-09-18 15:00:00,Z07,26.831,75.841,447,46.7,LOW,Jagatpura
2026-09-18 15:00:00,Z08,26.951,75.746,371,42.5,LOW,Jhotwara
2026-09-18 15:00:00,Z09,26.9,75.758,228,41.9,LOW,Sodala
2026-09-18 15:00:00,Z10,26.926,75.8,434,42.0,LOW,Bani Park
2026-09-18 15:30:00,Z01,26.9124,75.7873,378,40.8,LOW,Tonk Road
2026-09-18 15:30:00,Z02,26.85,75.804,286,43.7,LOW,Malviya Nagar
2026-09-18 15:30:00,Z03,26.912,75.798,278,41.1,LOW,C-Scheme
2026-09-18 15:30:00,Z04,26.912,75.739,259,40.4,LOW,Vaishali Nagar
2026-09-18 15:30:00,Z05,26.856,75.764,449,40.2,LOW,Mansarovar
2026-09-18 15:30:00,Z06,26.9,75.825,358,40.2,LOW,Raja Park
2026-09-18 15:30:00,Z07,26.831,75.841,432,41.0,LOW,Jagatpura
2026-09-18 15:30:00,Z08,26.951,75.746,410,44.6,LOW,Jhotwara
2026-09-18 15:30:00,Z09,26.9,75.758,333,42.6,LOW,Sodala
2026-09-18 15:30:00,Z10,26.926,75.8,486,39.6,LOW,Bani Park
2026-09-18 16:00:00,Z01,26.9124,75.7873,396,40.5,LOW,Tonk Road
2026-09-18 16:00:00,Z02,26.85,75.804,311,44.1,LOW,Malviya Nagar
2026-09-18 16:00:00,Z03,26.912,75.798,403,44.1,LOW,C-Scheme
2026-09-18 16:00:00,Z04,26.912,75.739,317,45.5,LOW,Vaishali Nagar
2026-09-18 16:00:00,Z05,26.856,75.764,314,39.4,LOW,Mansarovar
2026-09-18 16:00:00,Z06,26.9,75.825,354,42.4,LOW,Raja Park
2026-09-18 16:00:00,Z07,26.831,75.841,216,41.2,LOW,Jagatpura
2026-09-18 16:00:00,Z08,26.951,75.746,488,42.9,LOW,Jhotwara
2026-09-18 16:00:00,Z09,26.9,75.758,392,42.9,LOW,Sodala
2026-09-18 16:00:00,Z10,26.926,75.8,377,43.1,LOW,Bani Park
2026-09-18 16:30:00,Z01,26.9124,75.7873,377,43.9,LOW,Tonk Road
2026-09-18 16:30:00,Z02,26.85,75.804,294,41.4,LOW,Malviya Nagar
2026-09-18 16:30:00,Z03,26.912,75.798,371,41.5,LOW,C-Scheme
2026-09-18 16:30:00,Z04,26.912,75.739,372,41.4,LOW,Vaishali Nagar
2026-09-18 16:30:00,Z05,26.856,75.764,408,42.9,LOW,Mansarovar
2026-09-18 16:30:00,Z06,26.9,75.825,355,44.6,LOW,Raja Park
2026-09-18 16:30:00,Z07,26.831,75.841,325,39.4,LOW,Jagatpura
2026-09-18 16:30:00,Z08,26.951,75.746,221,42.1,LOW,Jhotwara
2026-09-18 16:30:00,Z09,26.9,75.758,359,44.8,LOW,Sodala
2026-09-18 16:30:00,Z10,26.926,75.8,445,42.8,LOW,Bani Park
2026-09-18 17:00:00,Z01,26.9124,75.7873,690,32.7,LOW,Tonk Road
2026-09-18 17:00:00,Z02,26.85,75.804,637,33.8,LOW,Malviya Nagar
2026-09-18 17:00:00,Z03,26.912,75.798,766,32.5,LOW,C-Scheme
2026-09-18 17:00:00,Z04,26.912,75.739,698,33.2,LOW,Vaishali Nagar
2026-09-18 17:00:00,Z05,26.856,75.764,732,30.2,MEDIUM,Mansarovar
2026-09-18 17:00:00,Z06,26.9,75.825,656,36.1,LOW,Raja Park
2026-09-18 17:00:00,Z07,26.831,75.841,678,33.5,LOW,Jagatpura
2026-09-18 17:00:00,Z08,26.951,75.746,526,38.6,LOW,Jhotwara
2026-09-18 17:00:00,Z09,26.9,75.758,586,35.6,LOW,Sodala
2026-09-18 17:00:00,Z10,26.926,75.8,632,34.0,LOW,Bani Park
2026-09-18 17:30:00,Z01,26.9124,75.7873,649,33.1,LOW,Tonk Road
2026-09-18 17:30:00,Z02,26.85,75.804,722,31.7,MEDIUM,Malviya Nagar
2026-09-18 17:30:00,Z03,26.912,75.798,687,30.4,MEDIUM,C-Scheme
2026-09-18 17:30:00,Z04,26.912,75.739,568,33.3,LOW,Vaishali Nagar
2026-09-18 17:30:00,Z05,26.856,75.764,541,34.4,LOW,Mansarovar
2026-09-18 17:30:00,Z06,26.9,75.825,550,34.1,LOW,Raja Park
2026-09-18 17:30:00,Z07,26.831,75.841,585,34.9,LOW,Jagatpura
2026-09-18 17:30:00,Z08,26.951,75.746,670,33.1,LOW,Jhotwara
2026-09-18 17:30:00,Z09,26.9,75.758,645,32.5,LOW,Sodala
2026-09-18 17:30:00,Z10,26.926,75.8,694,31.0,MEDIUM,Bani Park
2026-09-18 18:00:00,Z01,26.9124,75.7873,845,37.5,LOW,Tonk Road
2026-09-18 18:00:00,Z02,26.85,75.804,705,34.2,LOW,Malviya Nagar
2026-09-18 18:00:00,Z03,26.912,75.798,755,30.4,MEDIUM,C-Scheme
2026-09-18 18:00:00,Z04,26.912,75.739,616,35.6,LOW,Vaishali Nagar
2026-09-18 18:00:00,Z05,26.856,75.764,632,36.5,LOW,Mansarovar
2026-09-18 18:00:00,Z06,26.9,75.825,683,33.1,LOW,Raja Park
2026-09-18 18:00:00,Z07,26.831,75.841,721,31.9,MEDIUM,Jagatpura
2026-09-18 18:00:00,Z08,26.951,75.746,576,31.9,MEDIUM,Jhotwara
2026-09-18 18:00:00,Z09,26.9,75.758,703,32.2,LOW,Sodala
2026-09-18 18:00:00,Z10,26.926,75.8,555,32.8,LOW,Bani Park
2026-09-18 18:30:00,Z01,26.9124,75.7873,647,32.8,LOW,Tonk Road
2026-09-18 18:30:00,Z02,26.85,75.804,569,31.6,MEDIUM,Malviya Nagar
2026-09-18 18:30:00,Z03,26.912,75.798,589,38.2,LOW,C-Scheme
2026-09-18 18:30:00,Z04,26.912,75.739,624,33.4,LOW,Vaishali Nagar
2026-09-18 18:30:00,Z05,26.856,75.764,693,33.2,LOW,Mansarovar
2026-09-18 18:30:00,Z06,26.9,75.825,628,35.9,LOW,Raja Park
2026-09-18 18:30:00,Z07,26.831,75.841,739,31.5,MEDIUM,Jagatpura
2026-09-18 18:30:00,Z08,26.951,75.746,771,33.8,LOW,Jhotwara
2026-09-18 18:30:00,Z09,26.9,75.758,663,29.5,MEDIUM,Sodala
2026-09-18 18:30:00,Z10,26.926,75.8,625,37.8,LOW,Bani Park
2026-09-18 19:00:00,Z01,26.9124,75.7873,670,33.5,LOW,Tonk Road
2026-09-18 19:00:00,Z02,26.85,75.804,628,32.9,LOW,Malviya Nagar
2026-09-18 19:00:00,Z03,26.912,75.798,606,33.3,LOW,C-Scheme
2026-09-18 19:00:00,Z04,26.912,75.739,682,36.5,LOW,Vaishali Nagar
2026-09-18 19:00:00,Z05,26.856,75.764,706,34.5,LOW,Mansarovar
2026-09-18 19:00:00,Z06,26.9,75.825,595,33.5,LOW,Raja Park
2026-09-18 19:00:00,Z07,26.831,75.841,650,32.8,LOW,Jagatpura
2026-09-18 19:00:00,Z08,26.951,75.746,614,31.9,MEDIUM,Jhotwara
2026-09-18 19:00:00,Z09,26.9,75.758,798,33.0,LOW,Sodala
2026-09-18 19:00:00,Z10,26.926,75.8,637,28.5,MEDIUM,Bani Park
2026-09-18 19:30:00,Z01,26.9124,75.7873,658,37.5,LOW,Tonk Road
2026-09-18 19:30:00,Z02,26.85,75.804,656,35.5,LOW,Malviya Nagar
2026-09-18 19:30:00,Z03,26.912,75.798,493,32.7,LOW,C-Scheme
2026-09-18 19:30:00,Z04,26.912,75.739,595,34.4,LOW,Vaishali Nagar
2026-09-18 19:30:00,Z05,26.856,75.764,615,32.4,LOW,Mansarovar
2026-09-18 19:30:00,Z06,26.9,75.825,818,37.5,LOW,Raja Park
2026-09-18 19:30:00,Z07,26.831,75.841,617,34.4,LOW,Jagatpura
2026-09-18 19:30:00,Z08,26.951,75.746,682,31.6,MEDIUM,Jhotwara
2026-09-18 19:30:00,Z09,26.9,75.758,632,37.6,LOW,Sodala
2026-09-18 19:30:00,Z10,26.926,75.8,696,29.2,MEDIUM,Bani Park
2026-09-18 20:00:00,Z01,26.9124,75.7873,538,36.0,LOW,Tonk Road
2026-09-18 20:00:00,Z02,26.85,75.804,681,34.4,LOW,Malviya Nagar
2026-09-18 20:00:00,Z03,26.912,75.798,594,33.9,LOW,C-Scheme
2026-09-18 20:00:00,Z04,26.912,75.739,621,36.0,LOW,Vaishali Nagar
2026-09-18 20:00:00,Z05,26.856,75.764,506,31.0,MEDIUM,Mansarovar
2026-09-18 20:00:00,Z06,26.9,75.825,693,36.5,LOW,Raja Park
2026-09-18 20:00:00,Z07,26.831,75.841,619,34.2,LOW,Jagatpura
2026-09-18 20:00:00,Z08,26.951,75.746,574,32.9,LOW,Jhotwara
2026-09-18 20:00:00,Z09,26.9,75.758,501,33.1,LOW,Sodala
2026-09-18 20:00:00,Z10,26.926,75.8,628,32.5,LOW,Bani Park
2026-09-18 20:30:00,Z01,26.9124,75.7873,647,35.2,LOW,Tonk Road
2026-09-18 20:30:00,Z02,26.85,75.804,744,35.6,LOW,Malviya Nagar
2026-09-18 20:30:00,Z03,26.912,75.798,682,36.1,LOW,C-Scheme
2026-09-18 20:30:00,Z04,26.912,75.739,581,34.0,LOW,Vaishali Nagar
2026-09-18 20:30:00,Z05,26.856,75.764,767,35.5,LOW,Mansarovar
2026-09-18 20:30:00,Z06,26.9,75.825,784,34.7,LOW,Raja Park
2026-09-18 20:30:00,Z07,26.831,75.841,569,30.9,MEDIUM,Jagatpura
2026-09-18 20:30:00,Z08,26.951,75.746,668,35.7,LOW,Jhotwara
2026-09-18 20:30:00,Z09,26.9,75.758,648,36.6,LOW,Sodala
2026-09-18 20:30:00,Z10,26.926,75.8,635,32.3,LOW,Bani Park
2026-09-18 21:00:00,Z01,26.9124,75.7873,270,38.9,LOW,Tonk Road
2026-09-18 21:00:00,Z02,26.85,75.804,411,43.9,LOW,Malviya Nagar
2026-09-18 21:00:00,Z03,26.912,75.798,229,42.7,LOW,C-Scheme
2026-09-18 21:00:00,Z04,26.912,75.739,264,41.3,LOW,Vaishali Nagar
2026-09-18 21:00:00,Z05,26.856,75.764,309,44.4,LOW,Mansarovar
2026-09-18 21:00:00,Z06,26.9,75.825,352,39.8,LOW,Raja Park
2026-09-18 21:00:00,Z07,26.831,75.841,453,40.7,LOW,Jagatpura
2026-09-18 21:00:00,Z08,26.951,75.746,252,40.5,LOW,Jhotwara
2026-09-18 21:00:00,Z09,26.9,75.758,347,37.7,LOW,Sodala
2026-09-18 21:00:00,Z10,26.926,75.8,249,40.9,LOW,Bani Park
2026-09-18 21:30:00,Z01,26.9124,75.7873,396,44.4,LOW,Tonk Road
2026-09-18 21:30:00,Z02,26.85,75.804,445,41.9,LOW,Malviya Nagar
2026-09-18 21:30:00,Z03,26.912,75.798,292,43.3,LOW,C-Scheme
2026-09-18 21:30:00,Z04,26.912,75.739,407,39.9,LOW,Vaishali Nagar
2026-09-18 21:30:00,Z05,26.856,75.764,361,42.8,LOW,Mansarovar
2026-09-18 21:30:00,Z06,26.9,75.825,392,40.3,LOW,Raja Park
2026-09-18 21:30:00,Z07,26.831,75.841,342,40.5,LOW,Jagatpura
2026-09-18 21:30:00,Z08,26.951,75.746,303,44.9,LOW,Jhotwara
2026-09-18 21:30:00,Z09,26.9,75.758,276,38.9,LOW,Sodala
2026-09-18 21:30:00,Z10,26.926,75.8,367,44.0,LOW,Bani Park
2026-09-18 22:00:00,Z01,26.9124,75.7873,314,41.7,LOW,Tonk Road
2026-09-18 22:00:00,Z02,26.85,75.804,290,43.0,LOW,Malviya Nagar
2026-09-18 22:00:00,Z03,26.912,75.798,298,42.6,LOW,C-Scheme
2026-09-18 22:00:00,Z04,26.912,75.739,305,40.2,LOW,Vaishali Nagar
2026-09-18 22:00:00,Z05,26.856,75.764,346,41.2,LOW,Mansarovar
2026-09-18 22:00:00,Z06,26.9,75.825,91,42.5,LOW,Raja Park
2026-09-18 22:00:00,Z07,26.831,75.841,322,40.4,LOW,Jagatpura
2026-09-18 22:00:00,Z08,26.951,75.746,274,45.0,LOW,Jhotwara
2026-09-18 22:00:00,Z09,26.9,75.758,454,42.3,LOW,Sodala
2026-09-18 22:00:00,Z10,26.926,75.8,377,39.4,LOW,Bani Park
2026-09-18 22:30:00,Z01,26.9124,75.7873,314,40.4,LOW,Tonk Road
2026-09-18 22:30:00,Z02,26.85,75.804,298,40.4,LOW,Malviya Nagar
2026-09-18 22:30:00,Z03,26.912,75.798,409,47.4,LOW,C-Scheme
2026-09-18 22:30:00,Z04,26.912,75.739,384,44.2,LOW,Vaishali Nagar
2026-09-18 22:30:00,Z05,26.856,75.764,377,38.8,LOW,Mansarovar
2026-09-18 22:30:00,Z06,26.9,75.825,290,44.1,LOW,Raja Park
2026-09-18 22:30:00,Z07,26.831,75.841,399,43.9,LOW,Jagatpura
2026-09-18 22:30:00,Z08,26.951,75.746,320,45.7,LOW,Jhotwara
2026-09-18 22:30:00,Z09,26.9,75.758,324,39.8,LOW,Sodala
2026-09-18 22:30:00,Z10,26.926,75.8,222,44.9,LOW,Bani Park
2026-09-18 23:00:00,Z01,26.9124,75.7873,356,37.9,LOW,Tonk Road
2026-09-18 23:00:00,Z02,26.85,75.804,350,41.1,LOW,Malviya Nagar
2026-09-18 23:00:00,Z03,26.912,75.798,311,43.9,LOW,C-Scheme
2026-09-18 23:00:00,Z04,26.912,75.739,493,38.3,LOW,Vaishali Nagar
2026-09-18 23:00:00,Z05,26.856,75.764,275,40.0,LOW,Mansarovar
2026-09-18 23:00:00,Z06,26.9,75.825,323,44.2,LOW,Raja Park
2026-09-18 23:00:00,Z07,26.831,75.841,383,41.9,LOW,Jagatpura
2026-09-18 23:00:00,Z08,26.951,75.746,326,44.2,LOW,Jhotwara
2026-09-18 23:00:00,Z09,26.9,75.758,200,45.0,LOW,Sodala
2026-09-18 23:00:00,Z10,26.926,75.8,291,43.5,LOW,Bani Park
2026-09-18 23:30:00,Z01,26.9124,75.7873,359,44.7,LOW,Tonk Road
2026-09-18 23:30:00,Z02,26.85,75.804,396,40.7,LOW,Malviya Nagar
2026-09-18 23:30:00,Z03,26.912,75.798,394,43.8,LOW,C-Scheme
2026-09-18 23:30:00,Z04,26.912,75.739,316,39.9,LOW,Vaishali Nagar
2026-09-18 23:30:00,Z05,26.856,75.764,347,42.0,LOW,Mansarovar
2026-09-18 23:30:00,Z06,26.9,75.825,208,43.5,LOW,Raja Park
2026-09-18 23:30:00,Z07,26.831,75.841,329,42.7,LOW,Jagatpura
2026-09-18 23:30:00,Z08,26.951,75.746,298,40.3,LOW,Jhotwara
2026-09-18 23:30:00,Z09,26.9,75.758,97,41.6,LOW,Sodala
2026-09-18 23:30:00,Z10,26.926,75.8,288,40.6,LOW,Bani Park
2026-09-19 00:00:00,Z01,26.9124,75.7873,293,43.1,LOW,Tonk Road
2026-09-19 00:00:00,Z02,26.85,75.804,457,41.6,LOW,Malviya Nagar
2026-09-19 00:00:00,Z03,26.912,75.798,413,44.0,LOW,C-Scheme
2026-09-19 00:00:00,Z04,26.912,75.739,388,41.0,LOW,Vaishali Nagar
2026-09-19 00:00:00,Z05,26.856,75.764,336,41.5,LOW,Mansarovar
2026-09-19 00:00:00,Z06,26.9,75.825,308,42.8,LOW,Raja Park
2026-09-19 00:00:00,Z07,26.831,75.841,338,45.0,LOW,Jagatpura
2026-09-19 00:00:00,Z08,26.951,75.746,451,43.2,LOW,Jhotwara
2026-09-19 00:00:00,Z09,26.9,75.758,251,44.1,LOW,Sodala
2026-09-19 00:00:00,Z10,26.926,75.8,409,42.9,LOW,Bani Park
2026-09-19 00:30:00,Z01,26.9124,75.7873,272,43.8,LOW,Tonk Road
2026-09-19 00:30:00,Z02,26.85,75.804,419,40.7,LOW,Malviya Nagar
2026-09-19 00:30:00,Z03,26.912,75.798,329,40.5,LOW,C-Scheme
2026-09-19 00:30:00,Z04,26.912,75.739,346,45.2,LOW,Vaishali Nagar
2026-09-19 00:30:00,Z05,26.856,75.764,288,40.5,LOW,Mansarovar
2026-09-19 00:30:00,Z06,26.9,75.825,256,42.7,LOW,Raja Park
2026-09-19 00:30:00,Z07,26.831,75.841,373,41.5,LOW,Jagatpura
2026-09-19 00:30:00,Z08,26.951,75.746,396,44.6,LOW,Jhotwara
2026-09-19 00:30:00,Z09,26.9,75.758,432,40.6,LOW,Sodala
2026-09-19 00:30:00,Z10,26.926,75.8,263,41.4,LOW,Bani Park
2026-09-19 01:00:00,Z01,26.9124,75.7873,450,41.7,LOW,Tonk Road
2026-09-19 01:00:00,Z02,26.85,75.804,350,42.3,LOW,Malviya Nagar
2026-09-19 01:00:00,Z03,26.912,75.798,249,45.3,LOW,C-Scheme
2026-09-19 01:00:00,Z04,26.912,75.739,236,39.4,LOW,Vaishali Nagar
2026-09-19 01:00:00,Z05,26.856,75.764,361,42.7,LOW,Mansarovar
2026-09-19 01:00:00,Z06,26.9,75.825,367,45.1,LOW,Raja Park
2026-09-19 01:00:00,Z07,26.831,75.841,350,41.2,LOW,Jagatpura
2026-09-19 01:00:00,Z08,26.951,75.746,232,42.2,LOW,Jhotwara
2026-09-19 01:00:00,Z09,26.9,75.758,386,47.4,LOW,Sodala
2026-09-19 01:00:00,Z10,26.926,75.8,393,42.4,LOW,Bani Park
2026-09-19 01:30:00,Z01,26.9124,75.7873,340,43.4,LOW,Tonk Road
2026-09-19 01:30:00,Z02,26.85,75.804,391,40.7,LOW,Malviya Nagar
2026-09-19 01:30:00,Z03,26.912,75.798,293,42.8,LOW,C-Scheme
2026-09-19 01:30:00,Z04,26.912,75.739,370,44.8,LOW,Vaishali Nagar
2026-09-19 01:30:00,Z05,26.856,75.764,447,43.5,LOW,Mansarovar
2026-09-19 01:30:00,Z06,26.9,75.825,372,42.0,LOW,Raja Park
2026-09-19 01:30:00,Z07,26.831,75.841,299,43.6,LOW,Jagatpura
2026-09-19 01:30:00,Z08,26.951,75.746,358,42.1,LOW,Jhotwara
2026-09-19 01:30:00,Z09,26.9,75.758,512,40.1,LOW,Sodala
2026-09-19 01:30:00,Z10,26.926,75.8,259,39.2,LOW,Bani Park
2026-09-19 02:00:00,Z01,26.9124,75.7873,399,44.6,LOW,Tonk Road
2026-09-19 02:00:00,Z02,26.85,75.804,392,39.9,LOW,Malviya Nagar
2026-09-19 02:00:00,Z03,26.912,75.798,347,44.9,LOW,C-Scheme
2026-09-19 02:00:00,Z04,26.912,75.739,229,47.2,LOW,Vaishali Nagar
2026-09-19 02:00:00,Z05,26.856,75.764,431,43.4,LOW,Mansarovar
2026-09-19 02:00:00,Z06,26.9,75.825,335,43.8,LOW,Raja Park
2026-09-19 02:00:00,Z07,26.831,75.841,381,41.4,LOW,Jagatpura
2026-09-19 02:00:00,Z08,26.951,75.746,392,43.6,LOW,Jhotwara
2026-09-19 02:00:00,Z09,26.9,75.758,278,44.1,LOW,Sodala
2026-09-19 02:00:00,Z10,26.926,75.8,284,41.5,LOW,Bani Park
2026-09-19 02:30:00,Z01,26.9124,75.7873,421,41.2,LOW,Tonk Road
2026-09-19 02:30:00,Z02,26.85,75.804,532,42.2,LOW,Malviya Nagar
2026-09-19 02:30:00,Z03,26.912,75.798,354,42.4,LOW,C-Scheme
2026-09-19 02:30:00,Z04,26.912,75.739,305,42.2,LOW,Vaishali Nagar
2026-09-19 02:30:00,Z05,26.856,75.764,428,41.9,LOW,Mansarovar
2026-09-19 02:30:00,Z06,26.9,75.825,294,42.2,LOW,Raja Park
2026-09-19 02:30:00,Z07,26.831,75.841,318,40.1,LOW,Jagatpura
2026-09-19 02:30:00,Z08,26.951,75.746,433,42.1,LOW,Jhotwara
2026-09-19 02:30:00,Z09,26.9,75.758,327,39.3,LOW,Sodala
2026-09-19 02:30:00,Z10,26.926,75.8,221,42.3,LOW,Bani Park
2026-09-19 03:00:00,Z01,26.9124,75.7873,302,40.3,LOW,Tonk Road
2026-09-19 03:00:00,Z02,26.85,75.804,363,40.4,LOW,Malviya Nagar
2026-09-19 03:00:00,Z03,26.912,75.798,311,41.7,LOW,C-Scheme
2026-09-19 03:00:00,Z04,26.912,75.739,470,42.9,LOW,Vaishali Nagar
2026-09-19 03:00:00,Z05,26.856,75.764,215,45.3,LOW,Mansarovar
2026-09-19 03:00:00,Z06,26.9,75.825,337,43.2,LOW,Raja Park
2026-09-19 03:00:00,Z07,26.831,75.841,322,42.3,LOW,Jagatpura
2026-09-19 03:00:00,Z08,26.951,75.746,360,42.2,LOW,Jhotwara
2026-09-19 03:00:00,Z09,26.9,75.758,287,40.8,LOW,Sodala
2026-09-19 03:00:00,Z10,26.926,75.8,366,41.1,LOW,Bani Park
2026-09-19 03:30:00,Z01,26.9124,75.7873,409,43.2,LOW,Tonk Road
2026-09-19 03:30:00,Z02,26.85,75.804,369,41.0,LOW,Malviya Nagar
2026-09-19 03:30:00,Z03,26.912,75.798,431,43.9,LOW,C-Scheme
2026-09-19 03:30:00,Z04,26.912,75.739,334,41.9,LOW,Vaishali Nagar
2026-09-19 03:30:00,Z05,26.856,75.764,269,42.4,LOW,Mansarovar
2026-09-19 03:30:00,Z06,26.9,75.825,402,41.6,LOW,Raja Park
2026-09-19 03:30:00,Z07,26.831,75.841,331,43.3,LOW,Jagatpura
2026-09-19 03:30:00,Z08,26.951,75.746,292,42.4,LOW,Jhotwara
2026-09-19 03:30:00,Z09,26.9,75.758,344,43.4,LOW,Sodala
2026-09-19 03:30:00,Z10,26.926,75.8,324,41.4,LOW,Bani Park
2026-09-19 04:00:00,Z01,26.9124,75.7873,318,41.9,LOW,Tonk Road
2026-09-19 04:00:00,Z02,26.85,75.804,322,43.3,LOW,Malviya Nagar
2026-09-19 04:00:00,Z03,26.912,75.798,452,45.2,LOW,C-Scheme
2026-09-19 04:00:00,Z04,26.912,75.739,354,40.2,LOW,Vaishali Nagar
2026-09-19 04:00:00,Z05,26.856,75.764,327,40.7,LOW,Mansarovar
2026-09-19 04:00:00,Z06,26.9,75.825,328,46.0,LOW,Raja Park
2026-09-19 04:00:00,Z07,26.831,75.841,387,42.7,LOW,Jagatpura
2026-09-19 04:00:00,Z08,26.951,75.746,290,40.0,LOW,Jhotwara
2026-09-19 04:00:00,Z09,26.9,75.758,287,39.6,LOW,Sodala
2026-09-19 04:00:00,Z10,26.926,75.8,388,36.3,LOW,Bani Park
2026-09-19 04:30:00,Z01,26.9124,75.7873,360,46.1,LOW,Tonk Road
2026-09-19 04:30:00,Z02,26.85,75.804,305,39.2,LOW,Malviya Nagar
2026-09-19 04:30:00,Z03,26.912,75.798,278,41.1,LOW,C-Scheme
2026-09-19 04:30:00,Z04,26.912,75.739,406,43.7,LOW,Vaishali Nagar
2026-09-19 04:30:00,Z05,26.856,75.764,400,39.7,LOW,Mansarovar
2026-09-19 04:30:00,Z06,26.9,75.825,483,45.1,LOW,Raja Park
2026-09-19 04:30:00,Z07,26.831,75.841,286,47.7,LOW,Jagatpura
2026-09-19 04:30:00,Z08,26.951,75.746,325,47.6,LOW,Jhotwara
2026-09-19 04:30:00,Z09,26.9,75.758,372,40.8,LOW,Sodala
2026-09-19 04:30:00,Z10,26.926,75.8,377,40.8,LOW,Bani Park
2026-09-19 05:00:00,Z01,26.9124,75.7873,333,39.4,LOW,Tonk Road
2026-09-19 05:00:00,Z02,26.85,75.804,346,44.6,LOW,Malviya Nagar
2026-09-19 05:00:00,Z03,26.912,75.798,383,42.3,LOW,C-Scheme
2026-09-19 05:00:00,Z04,26.912,75.739,234,44.3,LOW,Vaishali Nagar
2026-09-19 05:00:00,Z05,26.856,75.764,331,43.2,LOW,Mansarovar
2026-09-19 05:00:00,Z06,26.9,75.825,424,42.3,LOW,Raja Park
2026-09-19 05:00:00,Z07,26.831,75.841,279,39.6,LOW,Jagatpura
2026-09-19 05:00:00,Z08,26.951,75.746,311,38.1,LOW,Jhotwara
2026-09-19 05:00:00,Z09,26.9,75.758,341,44.7,LOW,Sodala
2026-09-19 05:00:00,Z10,26.926,75.8,316,39.3,LOW,Bani Park
2026-09-19 05:30:00,Z01,26.9124,75.7873,271,39.0,LOW,Tonk Road
2026-09-19 05:30:00,Z02,26.85,75.804,267,42.8,LOW,Malviya Nagar
2026-09-19 05:30:00,Z03,26.912,75.798,345,44.2,LOW,C-Scheme
2026-09-19 05:30:00,Z04,26.912,75.739,330,42.2,LOW,Vaishali Nagar
2026-09-19 05:30:00,Z05,26.856,75.764,404,43.5,LOW,Mansarovar
2026-09-19 05:30:00,Z06,26.9,75.825,389,42.7,LOW,Raja Park
2026-09-19 05:30:00,Z07,26.831,75.841,387,41.6,LOW,Jagatpura
2026-09-19 05:30:00,Z08,26.951,75.746,350,41.3,LOW,Jhotwara
2026-09-19 05:30:00,Z09,26.9,75.758,317,41.5,LOW,Sodala
2026-09-19 05:30:00,Z10,26.926,75.8,382,40.6,LOW,Bani Park
2026-09-19 06:00:00,Z01,26.9124,75.7873,431,44.6,LOW,Tonk Road
2026-09-19 06:00:00,Z02,26.85,75.804,440,39.5,LOW,Malviya Nagar
2026-09-19 06:00:00,Z03,26.912,75.798,392,41.4,LOW,C-Scheme
2026-09-19 06:00:00,Z04,26.912,75.739,359,40.2,LOW,Vaishali Nagar
2026-09-19 06:00:00,Z05,26.856,75.764,246,42.6,LOW,Mansarovar
2026-09-19 06:00:00,Z06,26.9,75.825,444,43.2,LOW,Raja Park
2026-09-19 06:00:00,Z07,26.831,75.841,445,41.7,LOW,Jagatpura
2026-09-19 06:00:00,Z08,26.951,75.746,409,41.6,LOW,Jhotwara
2026-09-19 06:00:00,Z09,26.9,75.758,519,37.6,LOW,Sodala
2026-09-19 06:00:00,Z10,26.926,75.8,330,45.0,LOW,Bani Park
2026-09-19 06:30:00,Z01,26.9124,75.7873,370,38.1,LOW,Tonk Road
2026-09-19 06:30:00,Z02,26.85,75.804,381,39.1,LOW,Malviya Nagar
2026-09-19 06:30:00,Z03,26.912,75.798,284,42.8,LOW,C-Scheme
2026-09-19 06:30:00,Z04,26.912,75.739,406,44.2,LOW,Vaishali Nagar
2026-09-19 06:30:00,Z05,26.856,75.764,350,44.0,LOW,Mansarovar
2026-09-19 06:30:00,Z06,26.9,75.825,418,39.2,LOW,Raja Park
2026-09-19 06:30:00,Z07,26.831,75.841,252,41.5,LOW,Jagatpura
2026-09-19 06:30:00,Z08,26.951,75.746,496,44.7,LOW,Jhotwara
2026-09-19 06:30:00,Z09,26.9,75.758,501,41.9,LOW,Sodala
2026-09-19 06:30:00,Z10,26.926,75.8,323,42.2,LOW,Bani Park
2026-09-19 07:00:00,Z01,26.9124,75.7873,764,32.7,LOW,Tonk Road
2026-09-19 07:00:00,Z02,26.85,75.804,701,32.4,LOW,Malviya Nagar
2026-09-19 07:00:00,Z03,26.912,75.798,617,32.9,LOW,C-Scheme
2026-09-19 07:00:00,Z04,26.912,75.739,623,36.1,LOW,Vaishali Nagar
2026-09-19 07:00:00,Z05,26.856,75.764,729,33.2,LOW,Mansarovar
2026-09-19 07:00:00,Z06,26.9,75.825,695,37.2,LOW,Raja Park
2026-09-19 07:00:00,Z07,26.831,75.841,614,32.7,LOW,Jagatpura
2026-09-19 07:00:00,Z08,26.951,75.746,672,34.2,LOW,Jhotwara
2026-09-19 07:00:00,Z09,26.9,75.758,700,32.0,LOW,Sodala
2026-09-19 07:00:00,Z10,26.926,75.8,529,34.2,LOW,Bani Park
2026-09-19 07:30:00,Z01,26.9124,75.7873,614,32.1,LOW,Tonk Road
2026-09-19 07:30:00,Z02,26.85,75.804,782,33.9,LOW,Malviya Nagar
2026-09-19 07:30:00,Z03,26.912,75.798,591,34.5,LOW,C-Scheme
2026-09-19 07:30:00,Z04,26.912,75.739,625,34.4,LOW,Vaishali Nagar
2026-09-19 07:30:00,Z05,26.856,75.764,690,34.6,LOW,Mansarovar
2026-09-19 07:30:00,Z06,26.9,75.825,648,36.4,LOW,Raja Park
2026-09-19 07:30:00,Z07,26.831,75.841,713,37.3,LOW,Jagatpura
2026-09-19 07:30:00,Z08,26.951,75.746,804,32.6,LOW,Jhotwara
2026-09-19 07:30:00,Z09,26.9,75.758,591,34.7,LOW,Sodala
2026-09-19 07:30:00,Z10,26.926,75.8,795,37.3,LOW,Bani Park
2026-09-19 08:00:00,Z01,26.9124,75.7873,614,33.9,LOW,Tonk Road
2026-09-19 08:00:00,Z02,26.85,75.804,700,33.7,LOW,Malviya Nagar
2026-09-19 08:00:00,Z03,26.912,75.798,689,36.6,LOW,C-Scheme
2026-09-19 08:00:00,Z04,26.912,75.739,754,34.2,LOW,Vaishali Nagar
2026-09-19 08:00:00,Z05,26.856,75.764,722,33.4,LOW,Mansarovar
2026-09-19 08:00:00,Z06,26.9,75.825,680,33.4,LOW,Raja Park
2026-09-19 08:00:00,Z07,26.831,75.841,646,33.8,LOW,Jagatpura
2026-09-19 08:00:00,Z08,26.951,75.746,744,33.2,LOW,Jhotwara
2026-09-19 08:00:00,Z09,26.9,75.758,598,32.5,LOW,Sodala
2026-09-19 08:00:00,Z10,26.926,75.8,718,38.2,LOW,Bani Park
2026-09-19 08:30:00,Z01,26.9124,75.7873,610,29.2,MEDIUM,Tonk Road
2026-09-19 08:30:00,Z02,26.85,75.804,583,30.4,MEDIUM,Malviya Nagar
2026-09-19 08:30:00,Z03,26.912,75.798,640,27.7,MEDIUM,C-Scheme
2026-09-19 08:30:00,Z04,26.912,75.739,654,31.7,MEDIUM,Vaishali Nagar
2026-09-19 08:30:00,Z05,26.856,75.764,655,30.7,MEDIUM,Mansarovar
2026-09-19 08:30:00,Z06,26.9,75.825,755,33.2,LOW,Raja Park
2026-09-19 08:30:00,Z07,26.831,75.841,704,36.8,LOW,Jagatpura
2026-09-19 08:30:00,Z08,26.951,75.746,788,33.3,LOW,Jhotwara
2026-09-19 08:30:00,Z09,26.9,75.758,551,30.9,MEDIUM,Sodala
2026-09-19 08:30:00,Z10,26.926,75.8,807,33.8,LOW,Bani Park
2026-09-19 09:00:00,Z01,26.9124,75.7873,637,33.6,LOW,Tonk Road
2026-09-19 09:00:00,Z02,26.85,75.804,716,31.1,MEDIUM,Malviya Nagar
2026-09-19 09:00:00,Z03,26.912,75.798,705,35.9,LOW,C-Scheme
2026-09-19 09:00:00,Z04,26.912,75.739,600,32.7,LOW,Vaishali Nagar
2026-09-19 09:00:00,Z05,26.856,75.764,655,31.4,MEDIUM,Mansarovar
2026-09-19 09:00:00,Z06,26.9,75.825,567,31.8,MEDIUM,Raja Park
2026-09-19 09:00:00,Z07,26.831,75.841,615,33.2,LOW,Jagatpura
2026-09-19 09:00:00,Z08,26.951,75.746,682,32.9,LOW,Jhotwara
2026-09-19 09:00:00,Z09,26.9,75.758,629,34.2,LOW,Sodala
2026-09-19 09:00:00,Z10,26.926,75.8,580,34.4,LOW,Bani Park
2026-09-19 09:30:00,Z01,26.9124,75.7873,660,34.2,LOW,Tonk Road
2026-09-19 09:30:00,Z02,26.85,75.804,719,31.0,MEDIUM,Malviya Nagar
2026-09-19 09:30:00,Z03,26.912,75.798,656,32.2,LOW,C-Scheme
2026-09-19 09:30:00,Z04,26.912,75.739,714,36.3,LOW,Vaishali Nagar
2026-09-19 09:30:00,Z05,26.856,75.764,624,34.1,LOW,Mansarovar
2026-09-19 09:30:00,Z06,26.9,75.825,697,35.9,LOW,Raja Park
2026-09-19 09:30:00,Z07,26.831,75.841,594,32.8,LOW,Jagatpura
2026-09-19 09:30:00,Z08,26.951,75.746,660,29.9,MEDIUM,Jhotwara
2026-09-19 09:30:00,Z09,26.9,75.758,729,33.8,LOW,Sodala
2026-09-19 09:30:00,Z10,26.926,75.8,743,34.7,LOW,Bani Park
2026-09-19 10:00:00,Z01,26.9124,75.7873,729,32.6,LOW,Tonk Road
2026-09-19 10:00:00,Z02,26.85,75.804,704,32.9,LOW,Malviya Nagar
2026-09-19 10:00:00,Z03,26.912,75.798,666,31.1,MEDIUM,C-Scheme
2026-09-19 10:00:00,Z04,26.912,75.739,631,30.0,MEDIUM,Vaishali Nagar
2026-09-19 10:00:00,Z05,26.856,75.764,613,34.9,LOW,Mansarovar
2026-09-19 10:00:00,Z06,26.9,75.825,709,31.9,MEDIUM,Raja Park
2026-09-19 10:00:00,Z07,26.831,75.841,615,33.8,LOW,Jagatpura
2026-09-19 10:00:00,Z08,26.951,75.746,834,34.1,LOW,Jhotwara
2026-09-19 10:00:00,Z09,26.9,75.758,731,36.3,LOW,Sodala
2026-09-19 10:00:00,Z10,26.926,75.8,661,34.9,LOW,Bani Park
2026-09-19 10:30:00,Z01,26.9124,75.7873,602,29.2,MEDIUM,Tonk Road
2026-09-19 10:30:00,Z02,26.85,75.804,518,33.0,LOW,Malviya Nagar
2026-09-19 10:30:00,Z03,26.912,75.798,511,31.7,MEDIUM,C-Scheme
2026-09-19 10:30:00,Z04,26.912,75.739,707,33.9,LOW,Vaishali Nagar
2026-09-19 10:30:00,Z05,26.856,75.764,679,36.2,LOW,Mansarovar
2026-09-19 10:30:00,Z06,26.9,75.825,514,32.1,LOW,Raja Park
2026-09-19 10:30:00,Z07,26.831,75.841,561,30.5,MEDIUM,Jagatpura
2026-09-19 10:30:00,Z08,26.951,75.746,638,32.2,LOW,Jhotwara
2026-09-19 10:30:00,Z09,26.9,75.758,673,32.0,MEDIUM,Sodala
2026-09-19 10:30:00,Z10,26.926,75.8,650,33.5,LOW,Bani Park
2026-09-19 11:00:00,Z01,26.9124,75.7873,267,44.3,LOW,Tonk Road
2026-09-19 11:00:00,Z02,26.85,75.804,349,42.8,LOW,Malviya Nagar
2026-09-19 11:00:00,Z03,26.912,75.798,411,41.3,LOW,C-Scheme
2026-09-19 11:00:00,Z04,26.912,75.739,283,43.8,LOW,Vaishali Nagar
2026-09-19 11:00:00,Z05,26.856,75.764,369,41.6,LOW,Mansarovar
2026-09-19 11:00:00,Z06,26.9,75.825,390,41.5,LOW,Raja Park
2026-09-19 11:00:00,Z07,26.831,75.841,478,42.6,LOW,Jagatpura
2026-09-19 11:00:00,Z08,26.951,75.746,341,38.9,LOW,Jhotwara
2026-09-19 11:00:00,Z09,26.9,75.758,392,40.2,LOW,Sodala
2026-09-19 11:00:00,Z10,26.926,75.8,374,38.8,LOW,Bani Park
2026-09-19 11:30:00,Z01,26.9124,75.7873,298,40.7,LOW,Tonk Road
2026-09-19 11:30:00,Z02,26.85,75.804,317,39.1,LOW,Malviya Nagar
2026-09-19 11:30:00,Z03,26.912,75.798,348,44.2,LOW,C-Scheme
2026-09-19 11:30:00,Z04,26.912,75.739,466,43.3,LOW,Vaishali Nagar
2026-09-19 11:30:00,Z05,26.856,75.764,310,42.5,LOW,Mansarovar
2026-09-19 11:30:00,Z06,26.9,75.825,311,42.9,LOW,Raja Park
2026-09-19 11:30:00,Z07,26.831,75.841,243,41.0,LOW,Jagatpura
2026-09-19 11:30:00,Z08,26.951,75.746,322,43.9,LOW,Jhotwara
2026-09-19 11:30:00,Z09,26.9,75.758,277,42.4,LOW,Sodala
2026-09-19 11:30:00,Z10,26.926,75.8,296,42.9,LOW,Bani Park
2026-09-19 12:00:00,Z01,26.9124,75.7873,411,41.7,LOW,Tonk Road
2026-09-19 12:00:00,Z02,26.85,75.804,348,43.6,LOW,Malviya Nagar
2026-09-19 12:00:00,Z03,26.912,75.798,559,38.5,LOW,C-Scheme
2026-09-19 12:00:00,Z04,26.912,75.739,400,45.5,LOW,Vaishali Nagar
2026-09-19 12:00:00,Z05,26.856,75.764,342,40.5,LOW,Mansarovar
2026-09-19 12:00:00,Z06,26.9,75.825,438,40.9,LOW,Raja Park
2026-09-19 12:00:00,Z07,26.831,75.841,295,42.5,LOW,Jagatpura
2026-09-19 12:00:00,Z08,26.951,75.746,428,41.1,LOW,Jhotwara
2026-09-19 12:00:00,Z09,26.9,75.758,456,45.2,LOW,Sodala
2026-09-19 12:00:00,Z10,26.926,75.8,332,43.5,LOW,Bani Park
2026-09-19 12:30:00,Z01,26.9124,75.7873,370,35.5,LOW,Tonk Road
2026-09-19 12:30:00,Z02,26.85,75.804,359,42.0,LOW,Malviya Nagar
2026-09-19 12:30:00,Z03,26.912,75.798,257,42.1,LOW,C-Scheme
2026-09-19 12:30:00,Z04,26.912,75.739,394,43.1,LOW,Vaishali Nagar
2026-09-19 12:30:00,Z05,26.856,75.764,416,43.4,LOW,Mansarovar
2026-09-19 12:30:00,Z06,26.9,75.825,321,43.2,LOW,Raja Park
2026-09-19 12:30:00,Z07,26.831,75.841,356,41.9,LOW,Jagatpura
2026-09-19 12:30:00,Z08,26.951,75.746,419,42.2,LOW,Jhotwara
2026-09-19 12:30:00,Z09,26.9,75.758,495,43.3,LOW,Sodala
2026-09-19 12:30:00,Z10,26.926,75.8,355,46.4,LOW,Bani Park
2026-09-19 13:00:00,Z01,26.9124,75.7873,436,34.3,LOW,Tonk Road
2026-09-19 13:00:00,Z02,26.85,75.804,293,40.9,LOW,Malviya Nagar
2026-09-19 13:00:00,Z03,26.912,75.798,318,41.2,LOW,C-Scheme
2026-09-19 13:00:00,Z04,26.912,75.739,240,43.2,LOW,Vaishali Nagar
2026-09-19 13:00:00,Z05,26.856,75.764,374,39.8,LOW,Mansarovar
2026-09-19 13:00:00,Z06,26.9,75.825,394,43.2,LOW,Raja Park
2026-09-19 13:00:00,Z07,26.831,75.841,281,40.4,LOW,Jagatpura
2026-09-19 13:00:00,Z08,26.951,75.746,366,41.0,LOW,Jhotwara
2026-09-19 13:00:00,Z09,26.9,75.758,206,45.0,LOW,Sodala
2026-09-19 13:00:00,Z10,26.926,75.8,256,41.6,LOW,Bani Park
2026-09-19 13:30:00,Z01,26.9124,75.7873,417,38.7,LOW,Tonk Road
2026-09-19 13:30:00,Z02,26.85,75.804,381,43.1,LOW,Malviya Nagar
2026-09-19 13:30:00,Z03,26.912,75.798,316,43.8,LOW,C-Scheme
2026-09-19 13:30:00,Z04,26.912,75.739,503,41.1,LOW,Vaishali Nagar
2026-09-19 13:30:00,Z05,26.856,75.764,401,41.5,LOW,Mansarovar
2026-09-19 13:30:00,Z06,26.9,75.825,220,42.0,LOW,Raja Park
2026-09-19 13:30:00,Z07,26.831,75.841,309,37.9,LOW,Jagatpura
2026-09-19 13:30:00,Z08,26.951,75.746,405,44.1,LOW,Jhotwara
2026-09-19 13:30:00,Z09,26.9,75.758,280,43.8,LOW,Sodala
2026-09-19 13:30:00,Z10,26.926,75.8,282,45.2,LOW,Bani Park
2026-09-19 14:00:00,Z01,26.9124,75.7873,349,42.4,LOW,Tonk Road
2026-09-19 14:00:00,Z02,26.85,75.804,443,41.7,LOW,Malviya Nagar
2026-09-19 14:00:00,Z03,26.912,75.798,255,40.6,LOW,C-Scheme
2026-09-19 14:00:00,Z04,26.912,75.739,322,42.0,LOW,Vaishali Nagar
2026-09-19 14:00:00,Z05,26.856,75.764,397,48.8,LOW,Mansarovar
2026-09-19 14:00:00,Z06,26.9,75.825,276,41.2,LOW,Raja Park
2026-09-19 14:00:00,Z07,26.831,75.841,278,38.2,LOW,Jagatpura
2026-09-19 14:00:00,Z08,26.951,75.746,449,42.2,LOW,Jhotwara
2026-09-19 14:00:00,Z09,26.9,75.758,366,44.2,LOW,Sodala
2026-09-19 14:00:00,Z10,26.926,75.8,368,41.4,LOW,Bani Park
2026-09-19 14:30:00,Z01,26.9124,75.7873,470,41.0,LOW,Tonk Road
2026-09-19 14:30:00,Z02,26.85,75.804,343,41.6,LOW,Malviya Nagar
2026-09-19 14:30:00,Z03,26.912,75.798,336,37.6,LOW,C-Scheme
2026-09-19 14:30:00,Z04,26.912,75.739,275,43.7,LOW,Vaishali Nagar
2026-09-19 14:30:00,Z05,26.856,75.764,405,40.5,LOW,Mansarovar
2026-09-19 14:30:00,Z06,26.9,75.825,424,39.0,LOW,Raja Park
2026-09-19 14:30:00,Z07,26.831,75.841,322,40.9,LOW,Jagatpura
2026-09-19 14:30:00,Z08,26.951,75.746,376,39.8,LOW,Jhotwara
2026-09-19 14:30:00,Z09,26.9,75.758,404,46.9,LOW,Sodala
2026-09-19 14:30:00,Z10,26.926,75.8,429,40.3,LOW,Bani Park
2026-09-19 15:00:00,Z01,26.9124,75.7873,446,41.4,LOW,Tonk Road
2026-09-19 15:00:00,Z02,26.85,75.804,143,43.6,LOW,Malviya Nagar
2026-09-19 15:00:00,Z03,26.912,75.798,416,40.0,LOW,C-Scheme
2026-09-19 15:00:00,Z04,26.912,75.739,278,42.3,LOW,Vaishali Nagar
2026-09-19 15:00:00,Z05,26.856,75.764,216,40.7,LOW,Mansarovar
2026-09-19 15:00:00,Z06,26.9,75.825,504,41.8,LOW,Raja Park
2026-09-19 15:00:00,Z07,26.831,75.841,503,43.6,LOW,Jagatpura
2026-09-19 15:00:00,Z08,26.951,75.746,421,43.8,LOW,Jhotwara
2026-09-19 15:00:00,Z09,26.9,75.758,376,45.9,LOW,Sodala
2026-09-19 15:00:00,Z10,26.926,75.8,422,41.6,LOW,Bani Park
2026-09-19 15:30:00,Z01,26.9124,75.7873,316,44.9,LOW,Tonk Road
2026-09-19 15:30:00,Z02,26.85,75.804,359,40.6,LOW,Malviya Nagar
2026-09-19 15:30:00,Z03,26.912,75.798,405,43.7,LOW,C-Scheme
2026-09-19 15:30:00,Z04,26.912,75.739,483,39.2,LOW,Vaishali Nagar
2026-09-19 15:30:00,Z05,26.856,75.764,331,40.7,LOW,Mansarovar
2026-09-19 15:30:00,Z06,26.9,75.825,538,40.2,LOW,Raja Park
2026-09-19 15:30:00,Z07,26.831,75.841,290,42.5,LOW,Jagatpura
2026-09-19 15:30:00,Z08,26.951,75.746,403,43.7,LOW,Jhotwara
2026-09-19 15:30:00,Z09,26.9,75.758,408,41.6,LOW,Sodala
2026-09-19 15:30:00,Z10,26.926,75.8,315,40.3,LOW,Bani Park
2026-09-19 16:00:00,Z01,26.9124,75.7873,257,38.0,LOW,Tonk Road
2026-09-19 16:00:00,Z02,26.85,75.804,464,45.6,LOW,Malviya Nagar
2026-09-19 16:00:00,Z03,26.912,75.798,466,42.1,LOW,C-Scheme
2026-09-19 16:00:00,Z04,26.912,75.739,332,41.7,LOW,Vaishali Nagar
2026-09-19 16:00:00,Z05,26.856,75.764,341,42.1,LOW,Mansarovar
2026-09-19 16:00:00,Z06,26.9,75.825,430,41.6,LOW,Raja Park
2026-09-19 16:00:00,Z07,26.831,75.841,399,42.3,LOW,Jagatpura
2026-09-19 16:00:00,Z08,26.951,75.746,377,44.1,LOW,Jhotwara
2026-09-19 16:00:00,Z09,26.9,75.758,255,40.1,LOW,Sodala
2026-09-19 16:00:00,Z10,26.926,75.8,338,42.3,LOW,Bani Park
2026-09-19 16:30:00,Z01,26.9124,75.7873,348,42.2,LOW,Tonk Road
2026-09-19 16:30:00,Z02,26.85,75.804,256,47.2,LOW,Malviya Nagar
2026-09-19 16:30:00,Z03,26.912,75.798,373,38.0,LOW,C-Scheme
2026-09-19 16:30:00,Z04,26.912,75.739,372,41.2,LOW,Vaishali Nagar
2026-09-19 16:30:00,Z05,26.856,75.764,439,43.2,LOW,Mansarovar
2026-09-19 16:30:00,Z06,26.9,75.825,311,39.0,LOW,Raja Park
2026-09-19 16:30:00,Z07,26.831,75.841,403,42.9,LOW,Jagatpura
2026-09-19 16:30:00,Z08,26.951,75.746,416,46.4,LOW,Jhotwara
2026-09-19 16:30:00,Z09,26.9,75.758,287,41.9,LOW,Sodala
2026-09-19 16:30:00,Z10,26.926,75.8,308,40.9,LOW,Bani Park
2026-09-19 17:00:00,Z01,26.9124,75.7873,667,35.3,LOW,Tonk Road
2026-09-19 17:00:00,Z02,26.85,75.804,619,31.4,MEDIUM,Malviya Nagar
2026-09-19 17:00:00,Z03,26.912,75.798,674,35.8,LOW,C-Scheme
2026-09-19 17:00:00,Z04,26.912,75.739,676,35.1,LOW,Vaishali Nagar
2026-09-19 17:00:00,Z05,26.856,75.764,666,37.3,LOW,Mansarovar
2026-09-19 17:00:00,Z06,26.9,75.825,585,33.2,LOW,Raja Park
2026-09-19 17:00:00,Z07,26.831,75.841,479,34.5,LOW,Jagatpura
2026-09-19 17:00:00,Z08,26.951,75.746,635,33.6,LOW,Jhotwara
2026-09-19 17:00:00,Z09,26.9,75.758,585,31.3,MEDIUM,Sodala
2026-09-19 17:00:00,Z10,26.926,75.8,666,35.6,LOW,Bani Park
2026-09-19 17:30:00,Z01,26.9124,75.7873,671,34.2,LOW,Tonk Road
2026-09-19 17:30:00,Z02,26.85,75.804,737,34.2,LOW,Malviya Nagar
2026-09-19 17:30:00,Z03,26.912,75.798,547,34.2,LOW,C-Scheme
2026-09-19 17:30:00,Z04,26.912,75.739,675,37.3,LOW,Vaishali Nagar
2026-09-19 17:30:00,Z05,26.856,75.764,562,32.8,LOW,Mansarovar
2026-09-19 17:30:00,Z06,26.9,75.825,641,34.8,LOW,Raja Park
2026-09-19 17:30:00,Z07,26.831,75.841,625,37.1,LOW,Jagatpura
2026-09-19 17:30:00,Z08,26.951,75.746,712,32.3,LOW,Jhotwara
2026-09-19 17:30:00,Z09,26.9,75.758,661,35.9,LOW,Sodala
2026-09-19 17:30:00,Z10,26.926,75.8,647,35.4,LOW,Bani Park
2026-09-19 18:00:00,Z01,26.9124,75.7873,731,34.5,LOW,Tonk Road
2026-09-19 18:00:00,Z02,26.85,75.804,638,35.3,LOW,Malviya Nagar
2026-09-19 18:00:00,Z03,26.912,75.798,484,36.7,LOW,C-Scheme
2026-09-19 18:00:00,Z04,26.912,75.739,530,38.1,LOW,Vaishali Nagar
2026-09-19 18:00:00,Z05,26.856,75.764,647,32.7,LOW,Mansarovar
2026-09-19 18:00:00,Z06,26.9,75.825,720,33.7,LOW,Raja Park
2026-09-19 18:00:00,Z07,26.831,75.841,668,31.9,MEDIUM,Jagatpura
2026-09-19 18:00:00,Z08,26.951,75.746,670,32.8,LOW,Jhotwara
2026-09-19 18:00:00,Z09,26.9,75.758,656,33.9,LOW,Sodala
2026-09-19 18:00:00,Z10,26.926,75.8,614,32.9,LOW,Bani Park
2026-09-19 18:30:00,Z01,26.9124,75.7873,716,34.6,LOW,Tonk Road
2026-09-19 18:30:00,Z02,26.85,75.804,589,32.8,LOW,Malviya Nagar
2026-09-19 18:30:00,Z03,26.912,75.798,647,35.2,LOW,C-Scheme
2026-09-19 18:30:00,Z04,26.912,75.739,586,35.7,LOW,Vaishali Nagar
2026-09-19 18:30:00,Z05,26.856,75.764,612,30.4,MEDIUM,Mansarovar
2026-09-19 18:30:00,Z06,26.9,75.825,644,32.5,LOW,Raja Park
2026-09-19 18:30:00,Z07,26.831,75.841,701,32.7,LOW,Jagatpura
2026-09-19 18:30:00,Z08,26.951,75.746,660,33.4,LOW,Jhotwara
2026-09-19 18:30:00,Z09,26.9,75.758,663,34.3,LOW,Sodala
2026-09-19 18:30:00,Z10,26.926,75.8,685,34.0,LOW,Bani Park
2026-09-19 19:00:00,Z01,26.9124,75.7873,747,32.4,LOW,Tonk Road
2026-09-19 19:00:00,Z02,26.85,75.804,558,33.5,LOW,Malviya Nagar
2026-09-19 19:00:00,Z03,26.912,75.798,590,34.4,LOW,C-Scheme
2026-09-19 19:00:00,Z04,26.912,75.739,804,35.3,LOW,Vaishali Nagar
2026-09-19 19:00:00,Z05,26.856,75.764,673,32.4,LOW,Mansarovar
2026-09-19 19:00:00,Z06,26.9,75.825,681,30.5,MEDIUM,Raja Park
2026-09-19 19:00:00,Z07,26.831,75.841,606,32.2,LOW,Jagatpura
2026-09-19 19:00:00,Z08,26.951,75.746,701,31.8,MEDIUM,Jhotwara
2026-09-19 19:00:00,Z09,26.9,75.758,651,36.0,LOW,Sodala
2026-09-19 19:00:00,Z10,26.926,75.8,761,32.3,LOW,Bani Park
2026-09-19 19:30:00,Z01,26.9124,75.7873,498,32.5,LOW,Tonk Road
2026-09-19 19:30:00,Z02,26.85,75.804,572,34.9,LOW,Malviya Nagar
2026-09-19 19:30:00,Z03,26.912,75.798,623,36.0,LOW,C-Scheme
2026-09-19 19:30:00,Z04,26.912,75.739,748,35.2,LOW,Vaishali Nagar
2026-09-19 19:30:00,Z05,26.856,75.764,610,31.6,MEDIUM,Mansarovar
2026-09-19 19:30:00,Z06,26.9,75.825,757,33.8,LOW,Raja Park
2026-09-19 19:30:00,Z07,26.831,75.841,608,32.7,LOW,Jagatpura
2026-09-19 19:30:00,Z08,26.951,75.746,609,35.0,LOW,Jhotwara
2026-09-19 19:30:00,Z09,26.9,75.758,541,34.3,LOW,Sodala
2026-09-19 19:30:00,Z10,26.926,75.8,555,38.4,LOW,Bani Park
2026-09-19 20:00:00,Z01,26.9124,75.7873,647,33.4,LOW,Tonk Road
2026-09-19 20:00:00,Z02,26.85,75.804,557,37.8,LOW,Malviya Nagar
2026-09-19 20:00:00,Z03,26.912,75.798,703,38.0,LOW,C-Scheme
2026-09-19 20:00:00,Z04,26.912,75.739,581,34.8,LOW,Vaishali Nagar
2026-09-19 20:00:00,Z05,26.856,75.764,599,35.1,LOW,Mansarovar
2026-09-19 20:00:00,Z06,26.9,75.825,582,36.5,LOW,Raja Park
2026-09-19 20:00:00,Z07,26.831,75.841,611,33.8,LOW,Jagatpura
2026-09-19 20:00:00,Z08,26.951,75.746,701,32.0,LOW,Jhotwara
2026-09-19 20:00:00,Z09,26.9,75.758,734,35.1,LOW,Sodala
2026-09-19 20:00:00,Z10,26.926,75.8,724,30.4,MEDIUM,Bani Park
2026-09-19 20:30:00,Z01,26.9124,75.7873,618,39.0,LOW,Tonk Road
2026-09-19 20:30:00,Z02,26.85,75.804,631,37.8,LOW,Malviya Nagar
2026-09-19 20:30:00,Z03,26.912,75.798,628,31.3,MEDIUM,C-Scheme
2026-09-19 20:30:00,Z04,26.912,75.739,591,36.1,LOW,Vaishali Nagar
2026-09-19 20:30:00,Z05,26.856,75.764,691,32.8,LOW,Mansarovar
2026-09-19 20:30:00,Z06,26.9,75.825,690,34.0,LOW,Raja Park
2026-09-19 20:30:00,Z07,26.831,75.841,683,34.5,LOW,Jagatpura
2026-09-19 20:30:00,Z08,26.951,75.746,666,33.1,LOW,Jhotwara
2026-09-19 20:30:00,Z09,26.9,75.758,740,32.1,LOW,Sodala
2026-09-19 20:30:00,Z10,26.926,75.8,729,32.7,LOW,Bani Park
2026-09-19 21:00:00,Z01,26.9124,75.7873,364,41.5,LOW,Tonk Road
2026-09-19 21:00:00,Z02,26.85,75.804,278,41.0,LOW,Malviya Nagar
2026-09-19 21:00:00,Z03,26.912,75.798,276,38.5,LOW,C-Scheme
2026-09-19 21:00:00,Z04,26.912,75.739,364,41.4,LOW,Vaishali Nagar
2026-09-19 21:00:00,Z05,26.856,75.764,318,44.0,LOW,Mansarovar
2026-09-19 21:00:00,Z06,26.9,75.825,249,40.2,LOW,Raja Park
2026-09-19 21:00:00,Z07,26.831,75.841,446,43.0,LOW,Jagatpura
2026-09-19 21:00:00,Z08,26.951,75.746,399,44.5,LOW,Jhotwara
2026-09-19 21:00:00,Z09,26.9,75.758,468,43.3,LOW,Sodala
2026-09-19 21:00:00,Z10,26.926,75.8,395,42.7,LOW,Bani Park
2026-09-19 21:30:00,Z01,26.9124,75.7873,254,41.4,LOW,Tonk Road
2026-09-19 21:30:00,Z02,26.85,75.804,349,40.6,LOW,Malviya Nagar
2026-09-19 21:30:00,Z03,26.912,75.798,484,42.1,LOW,C-Scheme
2026-09-19 21:30:00,Z04,26.912,75.739,432,42.2,LOW,Vaishali Nagar
2026-09-19 21:30:00,Z05,26.856,75.764,328,41.1,LOW,Mansarovar
2026-09-19 21:30:00,Z06,26.9,75.825,298,39.3,LOW,Raja Park
2026-09-19 21:30:00,Z07,26.831,75.841,350,43.1,LOW,Jagatpura
2026-09-19 21:30:00,Z08,26.951,75.746,362,43.9,LOW,Jhotwara
2026-09-19 21:30:00,Z09,26.9,75.758,500,41.3,LOW,Sodala
2026-09-19 21:30:00,Z10,26.926,75.8,431,41.8,LOW,Bani Park
2026-09-19 22:00:00,Z01,26.9124,75.7873,399,41.2,LOW,Tonk Road
2026-09-19 22:00:00,Z02,26.85,75.804,364,43.9,LOW,Malviya Nagar
2026-09-19 22:00:00,Z03,26.912,75.798,351,37.3,LOW,C-Scheme
2026-09-19 22:00:00,Z04,26.912,75.739,386,44.5,LOW,Vaishali Nagar
2026-09-19 22:00:00,Z05,26.856,75.764,229,42.9,LOW,Mansarovar
2026-09-19 22:00:00,Z06,26.9,75.825,378,40.6,LOW,Raja Park
2026-09-19 22:00:00,Z07,26.831,75.841,435,42.8,LOW,Jagatpura
2026-09-19 22:00:00,Z08,26.951,75.746,378,41.7,LOW,Jhotwara
2026-09-19 22:00:00,Z09,26.9,75.758,280,42.0,LOW,Sodala
2026-09-19 22:00:00,Z10,26.926,75.8,380,37.5,LOW,Bani Park
2026-09-19 22:30:00,Z01,26.9124,75.7873,306,42.3,LOW,Tonk Road
2026-09-19 22:30:00,Z02,26.85,75.804,394,38.8,LOW,Malviya Nagar
2026-09-19 22:30:00,Z03,26.912,75.798,388,41.5,LOW,C-Scheme
2026-09-19 22:30:00,Z04,26.912,75.739,200,45.7,LOW,Vaishali Nagar
2026-09-19 22:30:00,Z05,26.856,75.764,335,40.6,LOW,Mansarovar
2026-09-19 22:30:00,Z06,26.9,75.825,235,44.9,LOW,Raja Park
2026-09-19 22:30:00,Z07,26.831,75.841,359,45.9,LOW,Jagatpura
2026-09-19 22:30:00,Z08,26.951,75.746,336,41.8,LOW,Jhotwara
2026-09-19 22:30:00,Z09,26.9,75.758,423,41.1,LOW,Sodala
2026-09-19 22:30:00,Z10,26.926,75.8,374,39.9,LOW,Bani Park
2026-09-19 23:00:00,Z01,26.9124,75.7873,296,41.2,LOW,Tonk Road
2026-09-19 23:00:00,Z02,26.85,75.804,379,47.2,LOW,Malviya Nagar
2026-09-19 23:00:00,Z03,26.912,75.798,429,43.2,LOW,C-Scheme
2026-09-19 23:00:00,Z04,26.912,75.739,472,39.2,LOW,Vaishali Nagar
2026-09-19 23:00:00,Z05,26.856,75.764,296,37.0,LOW,Mansarovar
2026-09-19 23:00:00,Z06,26.9,75.825,390,41.1,LOW,Raja Park
2026-09-19 23:00:00,Z07,26.831,75.841,338,42.4,LOW,Jagatpura
2026-09-19 23:00:00,Z08,26.951,75.746,281,42.0,LOW,Jhotwara
2026-09-19 23:00:00,Z09,26.9,75.758,400,39.0,LOW,Sodala
2026-09-19 23:00:00,Z10,26.926,75.8,460,43.4,LOW,Bani Park
2026-09-19 23:30:00,Z01,26.9124,75.7873,398,40.4,LOW,Tonk Road
2026-09-19 23:30:00,Z02,26.85,75.804,433,41.4,LOW,Malviya Nagar
2026-09-19 23:30:00,Z03,26.912,75.798,364,44.0,LOW,C-Scheme
2026-09-19 23:30:00,Z04,26.912,75.739,417,41.3,LOW,Vaishali Nagar
2026-09-19 23:30:00,Z05,26.856,75.764,302,43.3,LOW,Mansarovar
2026-09-19 23:30:00,Z06,26.9,75.825,329,39.3,LOW,Raja Park
2026-09-19 23:30:00,Z07,26.831,75.841,430,45.0,LOW,Jagatpura
2026-09-19 23:30:00,Z08,26.951,75.746,268,39.8,LOW,Jhotwara
2026-09-19 23:30:00,Z09,26.9,75.758,270,44.5,LOW,Sodala
2026-09-19 23:30:00,Z10,26.926,75.8,306,43.0,LOW,Bani Park
2026-09-20 00:00:00,Z01,26.9124,75.7873,296,45.2,LOW,Tonk Road
2026-09-20 00:00:00,Z02,26.85,75.804,362,44.3,LOW,Malviya Nagar
2026-09-20 00:00:00,Z03,26.912,75.798,212,42.5,LOW,C-Scheme
2026-09-20 00:00:00,Z04,26.912,75.739,334,37.6,LOW,Vaishali Nagar
2026-09-20 00:00:00,Z05,26.856,75.764,271,42.5,LOW,Mansarovar
2026-09-20 00:00:00,Z06,26.9,75.825,389,39.8,LOW,Raja Park
2026-09-20 00:00:00,Z07,26.831,75.841,340,43.1,LOW,Jagatpura
2026-09-20 00:00:00,Z08,26.951,75.746,267,43.6,LOW,Jhotwara
2026-09-20 00:00:00,Z09,26.9,75.758,465,41.3,LOW,Sodala
2026-09-20 00:00:00,Z10,26.926,75.8,358,42.1,LOW,Bani Park
2026-09-20 00:30:00,Z01,26.9124,75.7873,252,46.6,LOW,Tonk Road
2026-09-20 00:30:00,Z02,26.85,75.804,466,43.6,LOW,Malviya Nagar
2026-09-20 00:30:00,Z03,26.912,75.798,410,41.4,LOW,C-Scheme
2026-09-20 00:30:00,Z04,26.912,75.739,301,40.0,LOW,Vaishali Nagar
2026-09-20 00:30:00,Z05,26.856,75.764,405,42.8,LOW,Mansarovar
2026-09-20 00:30:00,Z06,26.9,75.825,459,44.2,LOW,Raja Park
2026-09-20 00:30:00,Z07,26.831,75.841,433,41.9,LOW,Jagatpura
2026-09-20 00:30:00,Z08,26.951,75.746,413,41.3,LOW,Jhotwara
2026-09-20 00:30:00,Z09,26.9,75.758,381,42.4,LOW,Sodala
2026-09-20 00:30:00,Z10,26.926,75.8,237,42.8,LOW,Bani Park
2026-09-20 01:00:00,Z01,26.9124,75.7873,357,39.8,LOW,Tonk Road
2026-09-20 01:00:00,Z02,26.85,75.804,408,38.6,LOW,Malviya Nagar
2026-09-20 01:00:00,Z03,26.912,75.798,372,43.7,LOW,C-Scheme
2026-09-20 01:00:00,Z04,26.912,75.739,446,39.8,LOW,Vaishali Nagar
2026-09-20 01:00:00,Z05,26.856,75.764,360,46.1,LOW,Mansarovar
2026-09-20 01:00:00,Z06,26.9,75.825,364,43.0,LOW,Raja Park
2026-09-20 01:00:00,Z07,26.831,75.841,341,43.1,LOW,Jagatpura
2026-09-20 01:00:00,Z08,26.951,75.746,413,41.9,LOW,Jhotwara
2026-09-20 01:00:00,Z09,26.9,75.758,251,46.7,LOW,Sodala
2026-09-20 01:00:00,Z10,26.926,75.8,267,41.8,LOW,Bani Park
2026-09-20 01:30:00,Z01,26.9124,75.7873,308,45.2,LOW,Tonk Road
2026-09-20 01:30:00,Z02,26.85,75.804,394,39.1,LOW,Malviya Nagar
2026-09-20 01:30:00,Z03,26.912,75.798,396,45.5,LOW,C-Scheme
2026-09-20 01:30:00,Z04,26.912,75.739,378,42.4,LOW,Vaishali Nagar
2026-09-20 01:30:00,Z05,26.856,75.764,288,44.8,LOW,Mansarovar
2026-09-20 01:30:00,Z06,26.9,75.825,318,41.8,LOW,Raja Park
2026-09-20 01:30:00,Z07,26.831,75.841,327,39.7,LOW,Jagatpura
2026-09-20 01:30:00,Z08,26.951,75.746,389,44.2,LOW,Jhotwara
2026-09-20 01:30:00,Z09,26.9,75.758,360,43.3,LOW,Sodala
2026-09-20 01:30:00,Z10,26.926,75.8,293,43.0,LOW,Bani Park
2026-09-20 02:00:00,Z01,26.9124,75.7873,363,41.4,LOW,Tonk Road
2026-09-20 02:00:00,Z02,26.85,75.804,372,42.6,LOW,Malviya Nagar
2026-09-20 02:00:00,Z03,26.912,75.798,323,41.7,LOW,C-Scheme
2026-09-20 02:00:00,Z04,26.912,75.739,413,48.3,LOW,Vaishali Nagar
2026-09-20 02:00:00,Z05,26.856,75.764,333,42.8,LOW,Mansarovar
2026-09-20 02:00:00,Z06,26.9,75.825,340,41.1,LOW,Raja Park
2026-09-20 02:00:00,Z07,26.831,75.841,218,42.6,LOW,Jagatpura
2026-09-20 02:00:00,Z08,26.951,75.746,305,38.9,LOW,Jhotwara
2026-09-20 02:00:00,Z09,26.9,75.758,333,42.4,LOW,Sodala
2026-09-20 02:00:00,Z10,26.926,75.8,246,45.0,LOW,Bani Park
2026-09-20 02:30:00,Z01,26.9124,75.7873,456,40.5,LOW,Tonk Road
2026-09-20 02:30:00,Z02,26.85,75.804,411,42.3,LOW,Malviya Nagar
2026-09-20 02:30:00,Z03,26.912,75.798,301,46.1,LOW,C-Scheme
2026-09-20 02:30:00,Z04,26.912,75.739,330,41.8,LOW,Vaishali Nagar
2026-09-20 02:30:00,Z05,26.856,75.764,328,38.1,LOW,Mansarovar
2026-09-20 02:30:00,Z06,26.9,75.825,387,43.8,LOW,Raja Park
2026-09-20 02:30:00,Z07,26.831,75.841,323,43.2,LOW,Jagatpura
2026-09-20 02:30:00,Z08,26.951,75.746,438,40.7,LOW,Jhotwara
2026-09-20 02:30:00,Z09,26.9,75.758,370,41.0,LOW,Sodala
2026-09-20 02:30:00,Z10,26.926,75.8,452,42.3,LOW,Bani Park
2026-09-20 03:00:00,Z01,26.9124,75.7873,259,43.9,LOW,Tonk Road
2026-09-20 03:00:00,Z02,26.85,75.804,390,39.6,LOW,Malviya Nagar
2026-09-20 03:00:00,Z03,26.912,75.798,318,41.9,LOW,C-Scheme
2026-09-20 03:00:00,Z04,26.912,75.739,363,44.0,LOW,Vaishali Nagar
2026-09-20 03:00:00,Z05,26.856,75.764,404,42.1,LOW,Mansarovar
2026-09-20 03:00:00,Z06,26.9,75.825,459,41.2,LOW,Raja Park
2026-09-20 03:00:00,Z07,26.831,75.841,395,40.4,LOW,Jagatpura
2026-09-20 03:00:00,Z08,26.951,75.746,253,44.9,LOW,Jhotwara
2026-09-20 03:00:00,Z09,26.9,75.758,429,41.3,LOW,Sodala
2026-09-20 03:00:00,Z10,26.926,75.8,337,44.3,LOW,Bani Park
2026-09-20 03:30:00,Z01,26.9124,75.7873,416,40.5,LOW,Tonk Road
2026-09-20 03:30:00,Z02,26.85,75.804,268,44.4,LOW,Malviya Nagar
2026-09-20 03:30:00,Z03,26.912,75.798,365,39.6,LOW,C-Scheme
2026-09-20 03:30:00,Z04,26.912,75.739,329,43.3,LOW,Vaishali Nagar
2026-09-20 03:30:00,Z05,26.856,75.764,300,43.4,LOW,Mansarovar
2026-09-20 03:30:00,Z06,26.9,75.825,320,37.8,LOW,Raja Park
2026-09-20 03:30:00,Z07,26.831,75.841,330,42.1,LOW,Jagatpura
2026-09-20 03:30:00,Z08,26.951,75.746,222,39.7,LOW,Jhotwara
2026-09-20 03:30:00,Z09,26.9,75.758,412,41.0,LOW,Sodala
2026-09-20 03:30:00,Z10,26.926,75.8,433,44.5,LOW,Bani Park
2026-09-20 04:00:00,Z01,26.9124,75.7873,269,40.4,LOW,Tonk Road
2026-09-20 04:00:00,Z02,26.85,75.804,394,43.0,LOW,Malviya Nagar
2026-09-20 04:00:00,Z03,26.912,75.798,209,42.8,LOW,C-Scheme
2026-09-20 04:00:00,Z04,26.912,75.739,347,40.3,LOW,Vaishali Nagar
2026-09-20 04:00:00,Z05,26.856,75.764,403,43.0,LOW,Mansarovar
2026-09-20 04:00:00,Z06,26.9,75.825,373,42.3,LOW,Raja Park
2026-09-20 04:00:00,Z07,26.831,75.841,397,42.2,LOW,Jagatpura
2026-09-20 04:00:00,Z08,26.951,75.746,354,42.6,LOW,Jhotwara
2026-09-20 04:00:00,Z09,26.9,75.758,355,41.5,LOW,Sodala
2026-09-20 04:00:00,Z10,26.926,75.8,368,43.0,LOW,Bani Park
2026-09-20 04:30:00,Z01,26.9124,75.7873,443,42.8,LOW,Tonk Road
2026-09-20 04:30:00,Z02,26.85,75.804,304,42.5,LOW,Malviya Nagar
2026-09-20 04:30:00,Z03,26.912,75.798,254,43.8,LOW,C-Scheme
2026-09-20 04:30:00,Z04,26.912,75.739,373,39.8,LOW,Vaishali Nagar
2026-09-20 04:30:00,Z05,26.856,75.764,262,43.0,LOW,Mansarovar
2026-09-20 04:30:00,Z06,26.9,75.825,307,41.2,LOW,Raja Park
2026-09-20 04:30:00,Z07,26.831,75.841,416,41.0,LOW,Jagatpura
2026-09-20 04:30:00,Z08,26.951,75.746,348,43.4,LOW,Jhotwara
2026-09-20 04:30:00,Z09,26.9,75.758,255,40.9,LOW,Sodala
2026-09-20 04:30:00,Z10,26.926,75.8,391,44.8,LOW,Bani Park
2026-09-20 05:00:00,Z01,26.9124,75.7873,400,40.6,LOW,Tonk Road
2026-09-20 05:00:00,Z02,26.85,75.804,329,41.9,LOW,Malviya Nagar
2026-09-20 05:00:00,Z03,26.912,75.798,298,42.9,LOW,C-Scheme
2026-09-20 05:00:00,Z04,26.912,75.739,358,41.3,LOW,Vaishali Nagar
2026-09-20 05:00:00,Z05,26.856,75.764,396,41.0,LOW,Mansarovar
2026-09-20 05:00:00,Z06,26.9,75.825,297,45.7,LOW,Raja Park
2026-09-20 05:00:00,Z07,26.831,75.841,209,38.7,LOW,Jagatpura
2026-09-20 05:00:00,Z08,26.951,75.746,303,41.7,LOW,Jhotwara
2026-09-20 05:00:00,Z09,26.9,75.758,359,42.4,LOW,Sodala
2026-09-20 05:00:00,Z10,26.926,75.8,222,38.8,LOW,Bani Park
2026-09-20 05:30:00,Z01,26.9124,75.7873,359,42.6,LOW,Tonk Road
2026-09-20 05:30:00,Z02,26.85,75.804,233,41.1,LOW,Malviya Nagar
2026-09-20 05:30:00,Z03,26.912,75.798,439,42.9,LOW,C-Scheme
2026-09-20 05:30:00,Z04,26.912,75.739,290,42.6,LOW,Vaishali Nagar
2026-09-20 05:30:00,Z05,26.856,75.764,254,42.1,LOW,Mansarovar
2026-09-20 05:30:00,Z06,26.9,75.825,355,44.1,LOW,Raja Park
2026-09-20 05:30:00,Z07,26.831,75.841,328,38.5,LOW,Jagatpura
2026-09-20 05:30:00,Z08,26.951,75.746,326,42.9,LOW,Jhotwara
2026-09-20 05:30:00,Z09,26.9,75.758,264,41.4,LOW,Sodala
2026-09-20 05:30:00,Z10,26.926,75.8,304,43.1,LOW,Bani Park
2026-09-20 06:00:00,Z01,26.9124,75.7873,324,37.7,LOW,Tonk Road
2026-09-20 06:00:00,Z02,26.85,75.804,322,44.0,LOW,Malviya Nagar
2026-09-20 06:00:00,Z03,26.912,75.798,380,45.5,LOW,C-Scheme
2026-09-20 06:00:00,Z04,26.912,75.739,341,42.7,LOW,Vaishali Nagar
2026-09-20 06:00:00,Z05,26.856,75.764,331,41.9,LOW,Mansarovar
2026-09-20 06:00:00,Z06,26.9,75.825,387,41.4,LOW,Raja Park
2026-09-20 06:00:00,Z07,26.831,75.841,274,40.1,LOW,Jagatpura
2026-09-20 06:00:00,Z08,26.951,75.746,493,39.8,LOW,Jhotwara
2026-09-20 06:00:00,Z09,26.9,75.758,371,43.1,LOW,Sodala
2026-09-20 06:00:00,Z10,26.926,75.8,393,39.9,LOW,Bani Park
2026-09-20 06:30:00,Z01,26.9124,75.7873,364,41.8,LOW,Tonk Road
2026-09-20 06:30:00,Z02,26.85,75.804,361,40.0,LOW,Malviya Nagar
2026-09-20 06:30:00,Z03,26.912,75.798,296,41.2,LOW,C-Scheme
2026-09-20 06:30:00,Z04,26.912,75.739,242,43.5,LOW,Vaishali Nagar
2026-09-20 06:30:00,Z05,26.856,75.764,397,43.1,LOW,Mansarovar
2026-09-20 06:30:00,Z06,26.9,75.825,292,40.2,LOW,Raja Park
2026-09-20 06:30:00,Z07,26.831,75.841,369,41.6,LOW,Jagatpura
2026-09-20 06:30:00,Z08,26.951,75.746,380,41.7,LOW,Jhotwara
2026-09-20 06:30:00,Z09,26.9,75.758,314,45.5,LOW,Sodala
2026-09-20 06:30:00,Z10,26.926,75.8,407,38.6,LOW,Bani Park
2026-09-20 07:00:00,Z01,26.9124,75.7873,677,37.4,LOW,Tonk Road
2026-09-20 07:00:00,Z02,26.85,75.804,641,31.8,MEDIUM,Malviya Nagar
2026-09-20 07:00:00,Z03,26.912,75.798,694,31.8,MEDIUM,C-Scheme
2026-09-20 07:00:00,Z04,26.912,75.739,628,31.3,MEDIUM,Vaishali Nagar
2026-09-20 07:00:00,Z05,26.856,75.764,658,32.0,MEDIUM,Mansarovar
2026-09-20 07:00:00,Z06,26.9,75.825,662,33.3,LOW,Raja Park
2026-09-20 07:00:00,Z07,26.831,75.841,580,34.0,LOW,Jagatpura
2026-09-20 07:00:00,Z08,26.951,75.746,646,35.3,LOW,Jhotwara
2026-09-20 07:00:00,Z09,26.9,75.758,806,32.0,LOW,Sodala
2026-09-20 07:00:00,Z10,26.926,75.8,639,35.0,LOW,Bani Park
2026-09-20 07:30:00,Z01,26.9124,75.7873,778,36.8,LOW,Tonk Road
2026-09-20 07:30:00,Z02,26.85,75.804,674,33.7,LOW,Malviya Nagar
2026-09-20 07:30:00,Z03,26.912,75.798,639,32.0,LOW,C-Scheme
2026-09-20 07:30:00,Z04,26.912,75.739,662,33.6,LOW,Vaishali Nagar
2026-09-20 07:30:00,Z05,26.856,75.764,689,34.7,LOW,Mansarovar
2026-09-20 07:30:00,Z06,26.9,75.825,565,34.5,LOW,Raja Park
2026-09-20 07:30:00,Z07,26.831,75.841,611,32.1,LOW,Jagatpura
2026-09-20 07:30:00,Z08,26.951,75.746,723,33.4,LOW,Jhotwara
2026-09-20 07:30:00,Z09,26.9,75.758,624,31.7,MEDIUM,Sodala
2026-09-20 07:30:00,Z10,26.926,75.8,629,35.9,LOW,Bani Park
2026-09-20 08:00:00,Z01,26.9124,75.7873,640,34.9,LOW,Tonk Road
2026-09-20 08:00:00,Z02,26.85,75.804,634,34.5,LOW,Malviya Nagar
2026-09-20 08:00:00,Z03,26.912,75.798,541,35.3,LOW,C-Scheme
2026-09-20 08:00:00,Z04,26.912,75.739,670,33.3,LOW,Vaishali Nagar
2026-09-20 08:00:00,Z05,26.856,75.764,754,35.1,LOW,Mansarovar
2026-09-20 08:00:00,Z06,26.9,75.825,753,33.2,LOW,Raja Park
2026-09-20 08:00:00,Z07,26.831,75.841,743,32.7,LOW,Jagatpura
2026-09-20 08:00:00,Z08,26.951,75.746,586,35.6,LOW,Jhotwara
2026-09-20 08:00:00,Z09,26.9,75.758,646,34.6,LOW,Sodala
2026-09-20 08:00:00,Z10,26.926,75.8,634,35.3,LOW,Bani Park
2026-09-20 08:30:00,Z01,26.9124,75.7873,745,33.4,LOW,Tonk Road
2026-09-20 08:30:00,Z02,26.85,75.804,707,33.8,LOW,Malviya Nagar
2026-09-20 08:30:00,Z03,26.912,75.798,766,33.5,LOW,C-Scheme
2026-09-20 08:30:00,Z04,26.912,75.739,607,32.6,LOW,Vaishali Nagar
2026-09-20 08:30:00,Z05,26.856,75.764,618,37.0,LOW,Mansarovar
2026-09-20 08:30:00,Z06,26.9,75.825,712,37.2,LOW,Raja Park
2026-09-20 08:30:00,Z07,26.831,75.841,523,33.7,LOW,Jagatpura
2026-09-20 08:30:00,Z08,26.951,75.746,657,34.0,LOW,Jhotwara
2026-09-20 08:30:00,Z09,26.9,75.758,761,36.3,LOW,Sodala
2026-09-20 08:30:00,Z10,26.926,75.8,706,32.6,LOW,Bani Park
2026-09-20 09:00:00,Z01,26.9124,75.7873,725,35.5,LOW,Tonk Road
2026-09-20 09:00:00,Z02,26.85,75.804,514,35.0,LOW,Malviya Nagar
2026-09-20 09:00:00,Z03,26.912,75.798,569,33.7,LOW,C-Scheme
2026-09-20 09:00:00,Z04,26.912,75.739,718,33.6,LOW,Vaishali Nagar
2026-09-20 09:00:00,Z05,26.856,75.764,730,34.6,LOW,Mansarovar
2026-09-20 09:00:00,Z06,26.9,75.825,559,34.7,LOW,Raja Park
2026-09-20 09:00:00,Z07,26.831,75.841,660,29.0,MEDIUM,Jagatpura
2026-09-20 09:00:00,Z08,26.951,75.746,581,33.6,LOW,Jhotwara
2026-09-20 09:00:00,Z09,26.9,75.758,598,30.6,MEDIUM,Sodala
2026-09-20 09:00:00,Z10,26.926,75.8,696,33.6,LOW,Bani Park
2026-09-20 09:30:00,Z01,26.9124,75.7873,762,34.4,LOW,Tonk Road
2026-09-20 09:30:00,Z02,26.85,75.804,711,31.9,MEDIUM,Malviya Nagar
2026-09-20 09:30:00,Z03,26.912,75.798,698,34.1,LOW,C-Scheme
2026-09-20 09:30:00,Z04,26.912,75.739,725,33.1,LOW,Vaishali Nagar
2026-09-20 09:30:00,Z05,26.856,75.764,602,34.6,LOW,Mansarovar
2026-09-20 09:30:00,Z06,26.9,75.825,633,34.0,LOW,Raja Park
2026-09-20 09:30:00,Z07,26.831,75.841,567,35.0,LOW,Jagatpura
2026-09-20 09:30:00,Z08,26.951,75.746,677,33.9,LOW,Jhotwara
2026-09-20 09:30:00,Z09,26.9,75.758,744,34.1,LOW,Sodala
2026-09-20 09:30:00,Z10,26.926,75.8,649,35.5,LOW,Bani Park
2026-09-20 10:00:00,Z01,26.9124,75.7873,670,34.4,LOW,Tonk Road
2026-09-20 10:00:00,Z02,26.85,75.804,522,34.8,LOW,Malviya Nagar
2026-09-20 10:00:00,Z03,26.912,75.798,546,33.4,LOW,C-Scheme
2026-09-20 10:00:00,Z04,26.912,75.739,645,36.6,LOW,Vaishali Nagar
2026-09-20 10:00:00,Z05,26.856,75.764,712,33.6,LOW,Mansarovar
2026-09-20 10:00:00,Z06,26.9,75.825,570,34.8,LOW,Raja Park
2026-09-20 10:00:00,Z07,26.831,75.841,626,33.9,LOW,Jagatpura
2026-09-20 10:00:00,Z08,26.951,75.746,601,30.5,MEDIUM,Jhotwara
2026-09-20 10:00:00,Z09,26.9,75.758,641,33.6,LOW,Sodala
2026-09-20 10:00:00,Z10,26.926,75.8,730,31.0,MEDIUM,Bani Park
2026-09-20 10:30:00,Z01,26.9124,75.7873,652,33.8,LOW,Tonk Road
2026-09-20 10:30:00,Z02,26.85,75.804,594,34.8,LOW,Malviya Nagar
2026-09-20 10:30:00,Z03,26.912,75.798,624,34.9,LOW,C-Scheme
2026-09-20 10:30:00,Z04,26.912,75.739,690,32.2,LOW,Vaishali Nagar
2026-09-20 10:30:00,Z05,26.856,75.764,700,37.0,LOW,Mansarovar
2026-09-20 10:30:00,Z06,26.9,75.825,613,35.8,LOW,Raja Park
2026-09-20 10:30:00,Z07,26.831,75.841,754,30.8,MEDIUM,Jagatpura
2026-09-20 10:30:00,Z08,26.951,75.746,757,38.1,LOW,Jhotwara
2026-09-20 10:30:00,Z09,26.9,75.758,569,33.3,LOW,Sodala
2026-09-20 10:30:00,Z10,26.926,75.8,532,31.9,MEDIUM,Bani Park
2026-09-20 11:00:00,Z01,26.9124,75.7873,462,41.8,LOW,Tonk Road
2026-09-20 11:00:00,Z02,26.85,75.804,371,41.7,LOW,Malviya Nagar
2026-09-20 11:00:00,Z03,26.912,75.798,321,44.8,LOW,C-Scheme
2026-09-20 11:00:00,Z04,26.912,75.739,489,46.1,LOW,Vaishali Nagar
2026-09-20 11:00:00,Z05,26.856,75.764,309,41.7,LOW,Mansarovar
2026-09-20 11:00:00,Z06,26.9,75.825,325,43.4,LOW,Raja Park
2026-09-20 11:00:00,Z07,26.831,75.841,439,39.7,LOW,Jagatpura
2026-09-20 11:00:00,Z08,26.951,75.746,360,44.4,LOW,Jhotwara
2026-09-20 11:00:00,Z09,26.9,75.758,263,39.5,LOW,Sodala
2026-09-20 11:00:00,Z10,26.926,75.8,315,42.2,LOW,Bani Park
2026-09-20 11:30:00,Z01,26.9124,75.7873,421,41.3,LOW,Tonk Road
2026-09-20 11:30:00,Z02,26.85,75.804,446,43.5,LOW,Malviya Nagar
2026-09-20 11:30:00,Z03,26.912,75.798,325,40.0,LOW,C-Scheme
2026-09-20 11:30:00,Z04,26.912,75.739,381,43.5,LOW,Vaishali Nagar
2026-09-20 11:30:00,Z05,26.856,75.764,379,45.1,LOW,Mansarovar
2026-09-20 11:30:00,Z06,26.9,75.825,387,45.7,LOW,Raja Park
2026-09-20 11:30:00,Z07,26.831,75.841,327,44.1,LOW,Jagatpura
2026-09-20 11:30:00,Z08,26.951,75.746,413,42.0,LOW,Jhotwara
2026-09-20 11:30:00,Z09,26.9,75.758,401,45.2,LOW,Sodala
2026-09-20 11:30:00,Z10,26.926,75.8,446,41.8,LOW,Bani Park
2026-09-20 12:00:00,Z01,26.9124,75.7873,250,37.6,LOW,Tonk Road
2026-09-20 12:00:00,Z02,26.85,75.804,350,43.4,LOW,Malviya Nagar
2026-09-20 12:00:00,Z03,26.912,75.798,354,43.2,LOW,C-Scheme
2026-09-20 12:00:00,Z04,26.912,75.739,292,43.1,LOW,Vaishali Nagar
2026-09-20 12:00:00,Z05,26.856,75.764,419,43.1,LOW,Mansarovar
2026-09-20 12:00:00,Z06,26.9,75.825,490,44.4,LOW,Raja Park
2026-09-20 12:00:00,Z07,26.831,75.841,369,42.5,LOW,Jagatpura
2026-09-20 12:00:00,Z08,26.951,75.746,312,39.0,LOW,Jhotwara
2026-09-20 12:00:00,Z09,26.9,75.758,423,41.6,LOW,Sodala
2026-09-20 12:00:00,Z10,26.926,75.8,405,40.8,LOW,Bani Park
2026-09-20 12:30:00,Z01,26.9124,75.7873,337,42.0,LOW,Tonk Road
2026-09-20 12:30:00,Z02,26.85,75.804,322,42.5,LOW,Malviya Nagar
2026-09-20 12:30:00,Z03,26.912,75.798,230,41.1,LOW,C-Scheme
2026-09-20 12:30:00,Z04,26.912,75.739,316,41.5,LOW,Vaishali Nagar
2026-09-20 12:30:00,Z05,26.856,75.764,379,41.0,LOW,Mansarovar
2026-09-20 12:30:00,Z06,26.9,75.825,366,43.3,LOW,Raja Park
2026-09-20 12:30:00,Z07,26.831,75.841,390,44.0,LOW,Jagatpura
2026-09-20 12:30:00,Z08,26.951,75.746,317,41.4,LOW,Jhotwara
2026-09-20 12:30:00,Z09,26.9,75.758,390,42.6,LOW,Sodala
2026-09-20 12:30:00,Z10,26.926,75.8,433,44.8,LOW,Bani Park
2026-09-20 13:00:00,Z01,26.9124,75.7873,342,40.9,LOW,Tonk Road
2026-09-20 13:00:00,Z02,26.85,75.804,424,43.3,LOW,Malviya Nagar
2026-09-20 13:00:00,Z03,26.912,75.798,345,43.9,LOW,C-Scheme
2026-09-20 13:00:00,Z04,26.912,75.739,280,39.5,LOW,Vaishali Nagar
2026-09-20 13:00:00,Z05,26.856,75.764,373,42.5,LOW,Mansarovar
2026-09-20 13:00:00,Z06,26.9,75.825,353,39.8,LOW,Raja Park
2026-09-20 13:00:00,Z07,26.831,75.841,269,43.3,LOW,Jagatpura
2026-09-20 13:00:00,Z08,26.951,75.746,323,44.2,LOW,Jhotwara
2026-09-20 13:00:00,Z09,26.9,75.758,312,44.5,LOW,Sodala
2026-09-20 13:00:00,Z10,26.926,75.8,317,39.9,LOW,Bani Park
2026-09-20 13:30:00,Z01,26.9124,75.7873,322,41.8,LOW,Tonk Road
2026-09-20 13:30:00,Z02,26.85,75.804,373,41.6,LOW,Malviya Nagar
2026-09-20 13:30:00,Z03,26.912,75.798,345,41.7,LOW,C-Scheme
2026-09-20 13:30:00,Z04,26.912,75.739,377,38.6,LOW,Vaishali Nagar
2026-09-20 13:30:00,Z05,26.856,75.764,462,41.8,LOW,Mansarovar
2026-09-20 13:30:00,Z06,26.9,75.825,223,40.1,LOW,Raja Park
2026-09-20 13:30:00,Z07,26.831,75.841,374,43.2,LOW,Jagatpura
2026-09-20 13:30:00,Z08,26.951,75.746,242,40.0,LOW,Jhotwara
2026-09-20 13:30:00,Z09,26.9,75.758,448,45.1,LOW,Sodala
2026-09-20 13:30:00,Z10,26.926,75.8,317,37.0,LOW,Bani Park
2026-09-20 14:00:00,Z01,26.9124,75.7873,535,28.8,MEDIUM,Tonk Road
2026-09-20 14:00:00,Z02,26.85,75.804,450,26.8,MEDIUM,Malviya Nagar
2026-09-20 14:00:00,Z03,26.912,75.798,587,31.6,MEDIUM,C-Scheme
2026-09-20 14:00:00,Z04,26.912,75.739,505,30.1,MEDIUM,Vaishali Nagar
2026-09-20 14:00:00,Z05,26.856,75.764,526,24.8,MEDIUM,Mansarovar
2026-09-20 14:00:00,Z06,26.9,75.825,588,22.8,MEDIUM,Raja Park
2026-09-20 14:00:00,Z07,26.831,75.841,590,23.4,MEDIUM,Jagatpura
2026-09-20 14:00:00,Z08,26.951,75.746,462,20.8,HIGH,Jhotwara
2026-09-20 14:00:00,Z09,26.9,75.758,535,20.5,HIGH,Sodala
2026-09-20 14:00:00,Z10,26.926,75.8,571,28.1,MEDIUM,Bani Park
2026-09-20 14:30:00,Z01,26.9124,75.7873,574,21.9,HIGH,Tonk Road
2026-09-20 14:30:00,Z02,26.85,75.804,478,20.2,HIGH,Malviya Nagar
2026-09-20 14:30:00,Z03,26.912,75.798,511,30.1,MEDIUM,C-Scheme
2026-09-20 14:30:00,Z04,26.912,75.739,565,19.2,HIGH,Vaishali Nagar
2026-09-20 14:30:00,Z05,26.856,75.764,549,27.3,MEDIUM,Mansarovar
2026-09-20 14:30:00,Z06,26.9,75.825,500,21.3,HIGH,Raja Park
2026-09-20 14:30:00,Z07,26.831,75.841,513,31.7,MEDIUM,Jagatpura
2026-09-20 14:30:00,Z08,26.951,75.746,477,28.7,MEDIUM,Jhotwara
2026-09-20 14:30:00,Z09,26.9,75.758,511,25.9,MEDIUM,Sodala
2026-09-20 14:30:00,Z10,26.926,75.8,552,13.5,HIGH,Bani Park
2026-09-20 15:00:00,Z01,26.9124,75.7873,612,15.7,HIGH,Tonk Road
2026-09-20 15:00:00,Z02,26.85,75.804,617,25.3,MEDIUM,Malviya Nagar
2026-09-20 15:00:00,Z03,26.912,75.798,695,29.3,MEDIUM,C-Scheme
2026-09-20 15:00:00,Z04,26.912,75.739,659,18.6,HIGH,Vaishali Nagar
2026-09-20 15:00:00,Z05,26.856,75.764,524,18.9,HIGH,Mansarovar
2026-09-20 15:00:00,Z06,26.9,75.825,597,21.5,HIGH,Raja Park
2026-09-20 15:00:00,Z07,26.831,75.841,650,24.0,MEDIUM,Jagatpura
2026-09-20 15:00:00,Z08,26.951,75.746,619,26.7,MEDIUM,Jhotwara
2026-09-20 15:00:00,Z09,26.9,75.758,599,32.0,MEDIUM,Sodala
2026-09-20 15:00:00,Z10,26.926,75.8,632,24.7,MEDIUM,Bani Park
2026-09-20 15:30:00,Z01,26.9124,75.7873,460,21.6,HIGH,Tonk Road
2026-09-20 15:30:00,Z02,26.85,75.804,500,19.0,HIGH,Malviya Nagar
2026-09-20 15:30:00,Z03,26.912,75.798,579,24.6,MEDIUM,C-Scheme
2026-09-20 15:30:00,Z04,26.912,75.739,629,20.6,HIGH,Vaishali Nagar
2026-09-20 15:30:00,Z05,26.856,75.764,639,30.4,MEDIUM,Mansarovar
2026-09-20 15:30:00,Z06,26.9,75.825,596,23.4,MEDIUM,Raja Park
2026-09-20 15:30:00,Z07,26.831,75.841,704,21.3,HIGH,Jagatpura
2026-09-20 15:30:00,Z08,26.951,75.746,563,18.9,HIGH,Jhotwara
2026-09-20 15:30:00,Z09,26.9,75.758,550,28.4,MEDIUM,Sodala
2026-09-20 15:30:00,Z10,26.926,75.8,493,23.4,MEDIUM,Bani Park
2026-09-20 16:00:00,Z01,26.9124,75.7873,576,24.3,MEDIUM,Tonk Road
2026-09-20 16:00:00,Z02,26.85,75.804,595,25.1,MEDIUM,Malviya Nagar
2026-09-20 16:00:00,Z03,26.912,75.798,585,19.2,HIGH,C-Scheme
2026-09-20 16:00:00,Z04,26.912,75.739,548,21.0,HIGH,Vaishali Nagar
2026-09-20 16:00:00,Z05,26.856,75.764,605,20.2,HIGH,Mansarovar
2026-09-20 16:00:00,Z06,26.9,75.825,555,19.5,HIGH,Raja Park
2026-09-20 16:00:00,Z07,26.831,75.841,504,24.0,MEDIUM,Jagatpura
2026-09-20 16:00:00,Z08,26.951,75.746,601,20.0,HIGH,Jhotwara
2026-09-20 16:00:00,Z09,26.9,75.758,593,24.5,MEDIUM,Sodala
2026-09-20 16:00:00,Z10,26.926,75.8,546,23.7,MEDIUM,Bani Park
2026-09-20 16:30:00,Z01,26.9124,75.7873,499,23.2,MEDIUM,Tonk Road
2026-09-20 16:30:00,Z02,26.85,75.804,603,30.8,MEDIUM,Malviya Nagar
2026-09-20 16:30:00,Z03,26.912,75.798,542,23.1,MEDIUM,C-Scheme
2026-09-20 16:30:00,Z04,26.912,75.739,668,20.3,HIGH,Vaishali Nagar
2026-09-20 16:30:00,Z05,26.856,75.764,647,23.5,MEDIUM,Mansarovar
2026-09-20 16:30:00,Z06,26.9,75.825,663,22.0,HIGH,Raja Park
2026-09-20 16:30:00,Z07,26.831,75.841,464,24.8,MEDIUM,Jagatpura
2026-09-20 16:30:00,Z08,26.951,75.746,593,25.7,MEDIUM,Jhotwara
2026-09-20 16:30:00,Z09,26.9,75.758,425,25.5,MEDIUM,Sodala
2026-09-20 16:30:00,Z10,26.926,75.8,581,27.6,MEDIUM,Bani Park
2026-09-20 17:00:00,Z01,26.9124,75.7873,781,19.2,HIGH,Tonk Road
2026-09-20 17:00:00,Z02,26.85,75.804,895,16.2,HIGH,Malviya Nagar
2026-09-20 17:00:00,Z03,26.912,75.798,941,9.2,HIGH,C-Scheme
2026-09-20 17:00:00,Z04,26.912,75.739,975,18.0,HIGH,Vaishali Nagar
2026-09-20 17:00:00,Z05,26.856,75.764,881,15.7,HIGH,Mansarovar
2026-09-20 17:00:00,Z06,26.9,75.825,836,15.5,HIGH,Raja Park
2026-09-20 17:00:00,Z07,26.831,75.841,920,13.0,HIGH,Jagatpura
2026-09-20 17:00:00,Z08,26.951,75.746,855,20.0,HIGH,Jhotwara
2026-09-20 17:00:00,Z09,26.9,75.758,786,11.8,HIGH,Sodala
2026-09-20 17:00:00,Z10,26.926,75.8,964,16.3,HIGH,Bani Park
2026-09-20 17:30:00,Z01,26.9124,75.7873,909,18.7,HIGH,Tonk Road
2026-09-20 17:30:00,Z02,26.85,75.804,807,18.9,HIGH,Malviya Nagar
2026-09-20 17:30:00,Z03,26.912,75.798,877,18.3,HIGH,C-Scheme
2026-09-20 17:30:00,Z04,26.912,75.739,889,14.6,HIGH,Vaishali Nagar
2026-09-20 17:30:00,Z05,26.856,75.764,930,16.2,HIGH,Mansarovar
2026-09-20 17:30:00,Z06,26.9,75.825,827,19.0,HIGH,Raja Park
2026-09-20 17:30:00,Z07,26.831,75.841,930,8.0,HIGH,Jagatpura
2026-09-20 17:30:00,Z08,26.951,75.746,825,15.2,HIGH,Jhotwara
2026-09-20 17:30:00,Z09,26.9,75.758,878,23.3,MEDIUM,Sodala
2026-09-20 17:30:00,Z10,26.926,75.8,862,13.3,HIGH,Bani Park
2026-09-20 18:00:00,Z01,26.9124,75.7873,801,13.2,HIGH,Tonk Road
2026-09-20 18:00:00,Z02,26.85,75.804,748,11.9,HIGH,Malviya Nagar
2026-09-20 18:00:00,Z03,26.912,75.798,843,16.1,HIGH,C-Scheme
2026-09-20 18:00:00,Z04,26.912,75.739,899,18.0,HIGH,Vaishali Nagar
2026-09-20 18:00:00,Z05,26.856,75.764,924,14.1,HIGH,Mansarovar
2026-09-20 18:00:00,Z06,26.9,75.825,873,12.2,HIGH,Raja Park
2026-09-20 18:00:00,Z07,26.831,75.841,896,18.7,HIGH,Jagatpura
2026-09-20 18:00:00,Z08,26.951,75.746,888,16.2,HIGH,Jhotwara
2026-09-20 18:00:00,Z09,26.9,75.758,970,20.8,HIGH,Sodala
2026-09-20 18:00:00,Z10,26.926,75.8,863,14.3,HIGH,Bani Park
2026-09-20 18:30:00,Z01,26.9124,75.7873,739,12.1,HIGH,Tonk Road
2026-09-20 18:30:00,Z02,26.85,75.804,872,21.4,HIGH,Malviya Nagar
2026-09-20 18:30:00,Z03,26.912,75.798,878,11.8,HIGH,C-Scheme
2026-09-20 18:30:00,Z04,26.912,75.739,839,16.3,HIGH,Vaishali Nagar
2026-09-20 18:30:00,Z05,26.856,75.764,765,12.4,HIGH,Mansarovar
2026-09-20 18:30:00,Z06,26.9,75.825,953,19.1,HIGH,Raja Park
2026-09-20 18:30:00,Z07,26.831,75.841,884,14.2,HIGH,Jagatpura
2026-09-20 18:30:00,Z08,26.951,75.746,897,17.2,HIGH,Jhotwara
2026-09-20 18:30:00,Z09,26.9,75.758,956,17.8,HIGH,Sodala
2026-09-20 18:30:00,Z10,26.926,75.8,986,17.3,HIGH,Bani Park
2026-09-20 19:00:00,Z01,26.9124,75.7873,882,11.5,HIGH,Tonk Road
2026-09-20 19:00:00,Z02,26.85,75.804,939,8.4,HIGH,Malviya Nagar
2026-09-20 19:00:00,Z03,26.912,75.798,841,13.6,HIGH,C-Scheme
2026-09-20 19:00:00,Z04,26.912,75.739,798,24.8,MEDIUM,Vaishali Nagar
2026-09-20 19:00:00,Z05,26.856,75.764,884,18.7,HIGH,Mansarovar
2026-09-20 19:00:00,Z06,26.9,75.825,953,8.0,HIGH,Raja Park
2026-09-20 19:00:00,Z07,26.831,75.841,942,16.8,HIGH,Jagatpura
2026-09-20 19:00:00,Z08,26.951,75.746,1022,17.1,HIGH,Jhotwara
2026-09-20 19:00:00,Z09,26.9,75.758,786,16.6,HIGH,Sodala
2026-09-20 19:00:00,Z10,26.926,75.8,859,16.4,HIGH,Bani Park
2026-09-20 19:30:00,Z01,26.9124,75.7873,736,35.6,LOW,Tonk Road
2026-09-20 19:30:00,Z02,26.85,75.804,608,30.9,MEDIUM,Malviya Nagar
2026-09-20 19:30:00,Z03,26.912,75.798,617,35.6,LOW,C-Scheme
2026-09-20 19:30:00,Z04,26.912,75.739,721,32.4,LOW,Vaishali Nagar
2026-09-20 19:30:00,Z05,26.856,75.764,628,31.4,MEDIUM,Mansarovar
2026-09-20 19:30:00,Z06,26.9,75.825,609,34.7,LOW,Raja Park
2026-09-20 19:30:00,Z07,26.831,75.841,610,35.6,LOW,Jagatpura
2026-09-20 19:30:00,Z08,26.951,75.746,641,36.8,LOW,Jhotwara
2026-09-20 19:30:00,Z09,26.9,75.758,702,35.3,LOW,Sodala
2026-09-20 19:30:00,Z10,26.926,75.8,506,32.7,LOW,Bani Park
2026-09-20 20:00:00,Z01,26.9124,75.7873,655,34.7,LOW,Tonk Road
2026-09-20 20:00:00,Z02,26.85,75.804,634,35.1,LOW,Malviya Nagar
2026-09-20 20:00:00,Z03,26.912,75.798,790,33.1,LOW,C-Scheme
2026-09-20 20:00:00,Z04,26.912,75.739,701,31.1,MEDIUM,Vaishali Nagar
2026-09-20 20:00:00,Z05,26.856,75.764,626,32.9,LOW,Mansarovar
2026-09-20 20:00:00,Z06,26.9,75.825,593,33.4,LOW,Raja Park
2026-09-20 20:00:00,Z07,26.831,75.841,747,35.1,LOW,Jagatpura
2026-09-20 20:00:00,Z08,26.951,75.746,657,34.9,LOW,Jhotwara
2026-09-20 20:00:00,Z09,26.9,75.758,686,32.0,LOW,Sodala
2026-09-20 20:00:00,Z10,26.926,75.8,623,38.3,LOW,Bani Park
2026-09-20 20:30:00,Z01,26.9124,75.7873,610,33.2,LOW,Tonk Road
2026-09-20 20:30:00,Z02,26.85,75.804,457,33.0,LOW,Malviya Nagar
2026-09-20 20:30:00,Z03,26.912,75.798,590,34.8,LOW,C-Scheme
2026-09-20 20:30:00,Z04,26.912,75.739,702,30.8,MEDIUM,Vaishali Nagar
2026-09-20 20:30:00,Z05,26.856,75.764,626,31.8,MEDIUM,Mansarovar
2026-09-20 20:30:00,Z06,26.9,75.825,551,36.9,LOW,Raja Park
2026-09-20 20:30:00,Z07,26.831,75.841,668,30.9,MEDIUM,Jagatpura
2026-09-20 20:30:00,Z08,26.951,75.746,539,36.3,LOW,Jhotwara
2026-09-20 20:30:00,Z09,26.9,75.758,690,34.8,LOW,Sodala
2026-09-20 20:30:00,Z10,26.926,75.8,705,29.9,MEDIUM,Bani Park
2026-09-20 21:00:00,Z01,26.9124,75.7873,328,43.8,LOW,Tonk Road
2026-09-20 21:00:00,Z02,26.85,75.804,429,44.5,LOW,Malviya Nagar
2026-09-20 21:00:00,Z03,26.912,75.798,318,42.2,LOW,C-Scheme
2026-09-20 21:00:00,Z04,26.912,75.739,347,40.1,LOW,Vaishali Nagar
2026-09-20 21:00:00,Z05,26.856,75.764,327,43.1,LOW,Mansarovar
2026-09-20 21:00:00,Z06,26.9,75.825,438,37.6,LOW,Raja Park
2026-09-20 21:00:00,Z07,26.831,75.841,323,42.4,LOW,Jagatpura
2026-09-20 21:00:00,Z08,26.951,75.746,456,43.7,LOW,Jhotwara
2026-09-20 21:00:00,Z09,26.9,75.758,380,36.4,LOW,Sodala
2026-09-20 21:00:00,Z10,26.926,75.8,384,39.1,LOW,Bani Park
2026-09-20 21:30:00,Z01,26.9124,75.7873,394,42.3,LOW,Tonk Road
2026-09-20 21:30:00,Z02,26.85,75.804,218,41.0,LOW,Malviya Nagar
2026-09-20 21:30:00,Z03,26.912,75.798,378,41.1,LOW,C-Scheme
2026-09-20 21:30:00,Z04,26.912,75.739,267,44.0,LOW,Vaishali Nagar
2026-09-20 21:30:00,Z05,26.856,75.764,304,44.1,LOW,Mansarovar
2026-09-20 21:30:00,Z06,26.9,75.825,314,42.7,LOW,Raja Park
2026-09-20 21:30:00,Z07,26.831,75.841,412,42.4,LOW,Jagatpura
2026-09-20 21:30:00,Z08,26.951,75.746,302,39.5,LOW,Jhotwara
2026-09-20 21:30:00,Z09,26.9,75.758,518,42.4,LOW,Sodala
2026-09-20 21:30:00,Z10,26.926,75.8,492,40.3,LOW,Bani Park
2026-09-20 22:00:00,Z01,26.9124,75.7873,343,46.0,LOW,Tonk Road
2026-09-20 22:00:00,Z02,26.85,75.804,301,41.4,LOW,Malviya Nagar
2026-09-20 22:00:00,Z03,26.912,75.798,251,41.9,LOW,C-Scheme
2026-09-20 22:00:00,Z04,26.912,75.739,454,41.8,LOW,Vaishali Nagar
2026-09-20 22:00:00,Z05,26.856,75.764,333,40.8,LOW,Mansarovar
2026-09-20 22:00:00,Z06,26.9,75.825,376,38.6,LOW,Raja Park
2026-09-20 22:00:00,Z07,26.831,75.841,354,42.5,LOW,Jagatpura
2026-09-20 22:00:00,Z08,26.951,75.746,329,41.6,LOW,Jhotwara
2026-09-20 22:00:00,Z09,26.9,75.758,347,43.0,LOW,Sodala
2026-09-20 22:00:00,Z10,26.926,75.8,365,42.6,LOW,Bani Park
2026-09-20 22:30:00,Z01,26.9124,75.7873,397,44.2,LOW,Tonk Road
2026-09-20 22:30:00,Z02,26.85,75.804,456,42.4,LOW,Malviya Nagar
2026-09-20 22:30:00,Z03,26.912,75.798,441,42.8,LOW,C-Scheme
2026-09-20 22:30:00,Z04,26.912,75.739,221,43.2,LOW,Vaishali Nagar
2026-09-20 22:30:00,Z05,26.856,75.764,359,44.6,LOW,Mansarovar
2026-09-20 22:30:00,Z06,26.9,75.825,369,41.9,LOW,Raja Park
2026-09-20 22:30:00,Z07,26.831,75.841,365,41.3,LOW,Jagatpura
2026-09-20 22:30:00,Z08,26.951,75.746,439,40.8,LOW,Jhotwara
2026-09-20 22:30:00,Z09,26.9,75.758,323,41.8,LOW,Sodala
2026-09-20 22:30:00,Z10,26.926,75.8,368,40.2,LOW,Bani Park
2026-09-20 23:00:00,Z01,26.9124,75.7873,377,42.4,LOW,Tonk Road
2026-09-20 23:00:00,Z02,26.85,75.804,237,39.9,LOW,Malviya Nagar
2026-09-20 23:00:00,Z03,26.912,75.798,453,43.3,LOW,C-Scheme
2026-09-20 23:00:00,Z04,26.912,75.739,461,39.9,LOW,Vaishali Nagar
2026-09-20 23:00:00,Z05,26.856,75.764,349,42.6,LOW,Mansarovar
2026-09-20 23:00:00,Z06,26.9,75.825,253,41.2,LOW,Raja Park
2026-09-20 23:00:00,Z07,26.831,75.841,295,44.0,LOW,Jagatpura
2026-09-20 23:00:00,Z08,26.951,75.746,419,40.4,LOW,Jhotwara
2026-09-20 23:00:00,Z09,26.9,75.758,243,38.2,LOW,Sodala
2026-09-20 23:00:00,Z10,26.926,75.8,370,42.0,LOW,Bani Park
2026-09-20 23:30:00,Z01,26.9124,75.7873,328,43.0,LOW,Tonk Road
2026-09-20 23:30:00,Z02,26.85,75.804,334,47.1,LOW,Malviya Nagar
2026-09-20 23:30:00,Z03,26.912,75.798,294,41.5,LOW,C-Scheme
2026-09-20 23:30:00,Z04,26.912,75.739,393,42.2,LOW,Vaishali Nagar
2026-09-20 23:30:00,Z05,26.856,75.764,245,44.4,LOW,Mansarovar
2026-09-20 23:30:00,Z06,26.9,75.825,381,41.5,LOW,Raja Park
2026-09-20 23:30:00,Z07,26.831,75.841,350,43.2,LOW,Jagatpura
2026-09-20 23:30:00,Z08,26.951,75.746,293,43.1,LOW,Jhotwara
2026-09-20 23:30:00,Z09,26.9,75.758,419,45.1,LOW,Sodala
2026-09-20 23:30:00,Z10,26.926,75.8,274,39.3,LOW,Bani Park
2026-09-21 00:00:00,Z01,26.9124,75.7873,397,39.9,LOW,Tonk Road
2026-09-21 00:00:00,Z02,26.85,75.804,326,39.4,LOW,Malviya Nagar
2026-09-21 00:00:00,Z03,26.912,75.798,345,42.9,LOW,C-Scheme
2026-09-21 00:00:00,Z04,26.912,75.739,275,42.5,LOW,Vaishali Nagar
2026-09-21 00:00:00,Z05,26.856,75.764,307,43.2,LOW,Mansarovar
2026-09-21 00:00:00,Z06,26.9,75.825,366,41.4,LOW,Raja Park
2026-09-21 00:00:00,Z07,26.831,75.841,351,42.2,LOW,Jagatpura
2026-09-21 00:00:00,Z08,26.951,75.746,329,40.5,LOW,Jhotwara
2026-09-21 00:00:00,Z09,26.9,75.758,253,42.0,LOW,Sodala
2026-09-21 00:00:00,Z10,26.926,75.8,377,41.1,LOW,Bani Park
2026-09-21 00:30:00,Z01,26.9124,75.7873,430,39.4,LOW,Tonk Road
2026-09-21 00:30:00,Z02,26.85,75.804,262,44.5,LOW,Malviya Nagar
2026-09-21 00:30:00,Z03,26.912,75.798,339,44.7,LOW,C-Scheme
2026-09-21 00:30:00,Z04,26.912,75.739,315,42.8,LOW,Vaishali Nagar
2026-09-21 00:30:00,Z05,26.856,75.764,378,43.8,LOW,Mansarovar
2026-09-21 00:30:00,Z06,26.9,75.825,268,40.4,LOW,Raja Park
2026-09-21 00:30:00,Z07,26.831,75.841,363,39.1,LOW,Jagatpura
2026-09-21 00:30:00,Z08,26.951,75.746,395,43.1,LOW,Jhotwara
2026-09-21 00:30:00,Z09,26.9,75.758,269,41.8,LOW,Sodala
2026-09-21 00:30:00,Z10,26.926,75.8,430,40.6,LOW,Bani Park
2026-09-21 01:00:00,Z01,26.9124,75.7873,360,41.0,LOW,Tonk Road
2026-09-21 01:00:00,Z02,26.85,75.804,373,39.8,LOW,Malviya Nagar
2026-09-21 01:00:00,Z03,26.912,75.798,423,41.1,LOW,C-Scheme
2026-09-21 01:00:00,Z04,26.912,75.739,315,43.5,LOW,Vaishali Nagar
2026-09-21 01:00:00,Z05,26.856,75.764,311,41.7,LOW,Mansarovar
2026-09-21 01:00:00,Z06,26.9,75.825,289,39.2,LOW,Raja Park
2026-09-21 01:00:00,Z07,26.831,75.841,372,42.4,LOW,Jagatpura
2026-09-21 01:00:00,Z08,26.951,75.746,328,42.3,LOW,Jhotwara
2026-09-21 01:00:00,Z09,26.9,75.758,354,43.9,LOW,Sodala
2026-09-21 01:00:00,Z10,26.926,75.8,225,43.4,LOW,Bani Park
2026-09-21 01:30:00,Z01,26.9124,75.7873,369,34.2,LOW,Tonk Road
2026-09-21 01:30:00,Z02,26.85,75.804,335,39.2,LOW,Malviya Nagar
2026-09-21 01:30:00,Z03,26.912,75.798,461,41.4,LOW,C-Scheme
2026-09-21 01:30:00,Z04,26.912,75.739,361,42.8,LOW,Vaishali Nagar
2026-09-21 01:30:00,Z05,26.856,75.764,375,43.7,LOW,Mansarovar
2026-09-21 01:30:00,Z06,26.9,75.825,425,41.1,LOW,Raja Park
2026-09-21 01:30:00,Z07,26.831,75.841,372,39.8,LOW,Jagatpura
2026-09-21 01:30:00,Z08,26.951,75.746,364,38.9,LOW,Jhotwara
2026-09-21 01:30:00,Z09,26.9,75.758,467,42.4,LOW,Sodala
2026-09-21 01:30:00,Z10,26.926,75.8,307,38.9,LOW,Bani Park
2026-09-21 02:00:00,Z01,26.9124,75.7873,373,43.6,LOW,Tonk Road
2026-09-21 02:00:00,Z02,26.85,75.804,283,42.4,LOW,Malviya Nagar
2026-09-21 02:00:00,Z03,26.912,75.798,437,40.8,LOW,C-Scheme
2026-09-21 02:00:00,Z04,26.912,75.739,376,41.9,LOW,Vaishali Nagar
2026-09-21 02:00:00,Z05,26.856,75.764,267,41.8,LOW,Mansarovar
2026-09-21 02:00:00,Z06,26.9,75.825,385,43.9,LOW,Raja Park
2026-09-21 02:00:00,Z07,26.831,75.841,278,46.6,LOW,Jagatpura
2026-09-21 02:00:00,Z08,26.951,75.746,258,43.6,LOW,Jhotwara
2026-09-21 02:00:00,Z09,26.9,75.758,418,42.3,LOW,Sodala
2026-09-21 02:00:00,Z10,26.926,75.8,335,37.9,LOW,Bani Park
2026-09-21 02:30:00,Z01,26.9124,75.7873,300,40.9,LOW,Tonk Road
2026-09-21 02:30:00,Z02,26.85,75.804,428,42.8,LOW,Malviya Nagar
2026-09-21 02:30:00,Z03,26.912,75.798,364,41.7,LOW,C-Scheme
2026-09-21 02:30:00,Z04,26.912,75.739,350,42.2,LOW,Vaishali Nagar
2026-09-21 02:30:00,Z05,26.856,75.764,427,39.8,LOW,Mansarovar
2026-09-21 02:30:00,Z06,26.9,75.825,377,42.6,LOW,Raja Park
2026-09-21 02:30:00,Z07,26.831,75.841,317,40.4,LOW,Jagatpura
2026-09-21 02:30:00,Z08,26.951,75.746,242,41.6,LOW,Jhotwara
2026-09-21 02:30:00,Z09,26.9,75.758,307,38.6,LOW,Sodala
2026-09-21 02:30:00,Z10,26.926,75.8,304,43.0,LOW,Bani Park
2026-09-21 03:00:00,Z01,26.9124,75.7873,292,40.0,LOW,Tonk Road
2026-09-21 03:00:00,Z02,26.85,75.804,325,41.1,LOW,Malviya Nagar
2026-09-21 03:00:00,Z03,26.912,75.798,423,46.3,LOW,C-Scheme
2026-09-21 03:00:00,Z04,26.912,75.739,431,44.0,LOW,Vaishali Nagar
2026-09-21 03:00:00,Z05,26.856,75.764,264,40.0,LOW,Mansarovar
2026-09-21 03:00:00,Z06,26.9,75.825,443,39.8,LOW,Raja Park
2026-09-21 03:00:00,Z07,26.831,75.841,262,40.9,LOW,Jagatpura
2026-09-21 03:00:00,Z08,26.951,75.746,333,41.1,LOW,Jhotwara
2026-09-21 03:00:00,Z09,26.9,75.758,367,42.5,LOW,Sodala
2026-09-21 03:00:00,Z10,26.926,75.8,397,40.3,LOW,Bani Park
2026-09-21 03:30:00,Z01,26.9124,75.7873,339,40.7,LOW,Tonk Road
2026-09-21 03:30:00,Z02,26.85,75.804,305,43.4,LOW,Malviya Nagar
2026-09-21 03:30:00,Z03,26.912,75.798,391,40.9,LOW,C-Scheme
2026-09-21 03:30:00,Z04,26.912,75.739,323,40.3,LOW,Vaishali Nagar
2026-09-21 03:30:00,Z05,26.856,75.764,493,43.1,LOW,Mansarovar
2026-09-21 03:30:00,Z06,26.9,75.825,383,43.2,LOW,Raja Park
2026-09-21 03:30:00,Z07,26.831,75.841,274,43.1,LOW,Jagatpura
2026-09-21 03:30:00,Z08,26.951,75.746,347,42.2,LOW,Jhotwara
2026-09-21 03:30:00,Z09,26.9,75.758,358,42.6,LOW,Sodala
2026-09-21 03:30:00,Z10,26.926,75.8,328,42.8,LOW,Bani Park
2026-09-21 04:00:00,Z01,26.9124,75.7873,264,42.1,LOW,Tonk Road
2026-09-21 04:00:00,Z02,26.85,75.804,447,41.4,LOW,Malviya Nagar
2026-09-21 04:00:00,Z03,26.912,75.798,348,42.6,LOW,C-Scheme
2026-09-21 04:00:00,Z04,26.912,75.739,254,45.8,LOW,Vaishali Nagar
2026-09-21 04:00:00,Z05,26.856,75.764,469,39.8,LOW,Mansarovar
2026-09-21 04:00:00,Z06,26.9,75.825,333,42.1,LOW,Raja Park
2026-09-21 04:00:00,Z07,26.831,75.841,381,39.6,LOW,Jagatpura
2026-09-21 04:00:00,Z08,26.951,75.746,273,43.1,LOW,Jhotwara
2026-09-21 04:00:00,Z09,26.9,75.758,326,41.7,LOW,Sodala
2026-09-21 04:00:00,Z10,26.926,75.8,271,42.5,LOW,Bani Park
2026-09-21 04:30:00,Z01,26.9124,75.7873,414,44.5,LOW,Tonk Road
2026-09-21 04:30:00,Z02,26.85,75.804,334,41.3,LOW,Malviya Nagar
2026-09-21 04:30:00,Z03,26.912,75.798,295,41.7,LOW,C-Scheme
2026-09-21 04:30:00,Z04,26.912,75.739,331,41.1,LOW,Vaishali Nagar
2026-09-21 04:30:00,Z05,26.856,75.764,416,45.2,LOW,Mansarovar
2026-09-21 04:30:00,Z06,26.9,75.825,375,43.9,LOW,Raja Park
2026-09-21 04:30:00,Z07,26.831,75.841,347,39.8,LOW,Jagatpura
2026-09-21 04:30:00,Z08,26.951,75.746,261,43.9,LOW,Jhotwara
2026-09-21 04:30:00,Z09,26.9,75.758,512,43.3,LOW,Sodala
2026-09-21 04:30:00,Z10,26.926,75.8,448,44.1,LOW,Bani Park
2026-09-21 05:00:00,Z01,26.9124,75.7873,417,42.4,LOW,Tonk Road
2026-09-21 05:00:00,Z02,26.85,75.804,405,40.6,LOW,Malviya Nagar
2026-09-21 05:00:00,Z03,26.912,75.798,370,43.3,LOW,C-Scheme
2026-09-21 05:00:00,Z04,26.912,75.739,312,44.6,LOW,Vaishali Nagar
2026-09-21 05:00:00,Z05,26.856,75.764,356,41.6,LOW,Mansarovar
2026-09-21 05:00:00,Z06,26.9,75.825,365,39.9,LOW,Raja Park
2026-09-21 05:00:00,Z07,26.831,75.841,423,38.6,LOW,Jagatpura
2026-09-21 05:00:00,Z08,26.951,75.746,313,42.1,LOW,Jhotwara
2026-09-21 05:00:00,Z09,26.9,75.758,333,40.3,LOW,Sodala
2026-09-21 05:00:00,Z10,26.926,75.8,388,43.4,LOW,Bani Park
2026-09-21 05:30:00,Z01,26.9124,75.7873,290,40.6,LOW,Tonk Road
2026-09-21 05:30:00,Z02,26.85,75.804,299,43.3,LOW,Malviya Nagar
2026-09-21 05:30:00,Z03,26.912,75.798,358,42.1,LOW,C-Scheme
2026-09-21 05:30:00,Z04,26.912,75.739,410,42.6,LOW,Vaishali Nagar
2026-09-21 05:30:00,Z05,26.856,75.764,216,39.5,LOW,Mansarovar
2026-09-21 05:30:00,Z06,26.9,75.825,476,40.9,LOW,Raja Park
2026-09-21 05:30:00,Z07,26.831,75.841,478,46.0,LOW,Jagatpura
2026-09-21 05:30:00,Z08,26.951,75.746,225,41.6,LOW,Jhotwara
2026-09-21 05:30:00,Z09,26.9,75.758,307,37.3,LOW,Sodala
2026-09-21 05:30:00,Z10,26.926,75.8,441,41.6,LOW,Bani Park
2026-09-21 06:00:00,Z01,26.9124,75.7873,365,43.7,LOW,Tonk Road
2026-09-21 06:00:00,Z02,26.85,75.804,282,40.2,LOW,Malviya Nagar
2026-09-21 06:00:00,Z03,26.912,75.798,398,42.5,LOW,C-Scheme
2026-09-21 06:00:00,Z04,26.912,75.739,277,42.8,LOW,Vaishali Nagar
2026-09-21 06:00:00,Z05,26.856,75.764,379,43.3,LOW,Mansarovar
2026-09-21 06:00:00,Z06,26.9,75.825,295,39.9,LOW,Raja Park
2026-09-21 06:00:00,Z07,26.831,75.841,333,43.4,LOW,Jagatpura
2026-09-21 06:00:00,Z08,26.951,75.746,385,45.2,LOW,Jhotwara
2026-09-21 06:00:00,Z09,26.9,75.758,349,41.0,LOW,Sodala
2026-09-21 06:00:00,Z10,26.926,75.8,299,42.1,LOW,Bani Park
2026-09-21 06:30:00,Z01,26.9124,75.7873,399,40.2,LOW,Tonk Road
2026-09-21 06:30:00,Z02,26.85,75.804,392,43.7,LOW,Malviya Nagar
2026-09-21 06:30:00,Z03,26.912,75.798,312,45.0,LOW,C-Scheme
2026-09-21 06:30:00,Z04,26.912,75.739,286,45.3,LOW,Vaishali Nagar
2026-09-21 06:30:00,Z05,26.856,75.764,226,40.0,LOW,Mansarovar
2026-09-21 06:30:00,Z06,26.9,75.825,314,41.1,LOW,Raja Park
2026-09-21 06:30:00,Z07,26.831,75.841,367,43.1,LOW,Jagatpura
2026-09-21 06:30:00,Z08,26.951,75.746,322,39.6,LOW,Jhotwara
2026-09-21 06:30:00,Z09,26.9,75.758,225,41.3,LOW,Sodala
2026-09-21 06:30:00,Z10,26.926,75.8,296,40.0,LOW,Bani Park
2026-09-21 07:00:00,Z01,26.9124,75.7873,663,36.9,LOW,Tonk Road
2026-09-21 07:00:00,Z02,26.85,75.804,545,35.3,LOW,Malviya Nagar
2026-09-21 07:00:00,Z03,26.912,75.798,741,36.4,LOW,C-Scheme
2026-09-21 07:00:00,Z04,26.912,75.739,600,30.0,MEDIUM,Vaishali Nagar
2026-09-21 07:00:00,Z05,26.856,75.764,695,35.0,LOW,Mansarovar
2026-09-21 07:00:00,Z06,26.9,75.825,628,32.6,LOW,Raja Park
2026-09-21 07:00:00,Z07,26.831,75.841,657,32.8,LOW,Jagatpura
2026-09-21 07:00:00,Z08,26.951,75.746,596,36.4,LOW,Jhotwara
2026-09-21 07:00:00,Z09,26.9,75.758,595,36.0,LOW,Sodala
2026-09-21 07:00:00,Z10,26.926,75.8,707,32.3,LOW,Bani Park
2026-09-21 07:30:00,Z01,26.9124,75.7873,709,35.8,LOW,Tonk Road
2026-09-21 07:30:00,Z02,26.85,75.804,617,31.4,MEDIUM,Malviya Nagar
2026-09-21 07:30:00,Z03,26.912,75.798,652,35.6,LOW,C-Scheme
2026-09-21 07:30:00,Z04,26.912,75.739,682,31.9,MEDIUM,Vaishali Nagar
2026-09-21 07:30:00,Z05,26.856,75.764,775,32.6,LOW,Mansarovar
2026-09-21 07:30:00,Z06,26.9,75.825,692,37.1,LOW,Raja Park
2026-09-21 07:30:00,Z07,26.831,75.841,654,36.7,LOW,Jagatpura
2026-09-21 07:30:00,Z08,26.951,75.746,753,35.5,LOW,Jhotwara
2026-09-21 07:30:00,Z09,26.9,75.758,632,34.5,LOW,Sodala
2026-09-21 07:30:00,Z10,26.926,75.8,644,30.6,MEDIUM,Bani Park
2026-09-21 08:00:00,Z01,26.9124,75.7873,716,35.6,LOW,Tonk Road
2026-09-21 08:00:00,Z02,26.85,75.804,612,35.0,LOW,Malviya Nagar
2026-09-21 08:00:00,Z03,26.912,75.798,615,30.0,MEDIUM,C-Scheme
2026-09-21 08:00:00,Z04,26.912,75.739,628,33.4,LOW,Vaishali Nagar
2026-09-21 08:00:00,Z05,26.856,75.764,788,35.2,LOW,Mansarovar
2026-09-21 08:00:00,Z06,26.9,75.825,634,34.2,LOW,Raja Park
2026-09-21 08:00:00,Z07,26.831,75.841,658,33.5,LOW,Jagatpura
2026-09-21 08:00:00,Z08,26.951,75.746,658,32.3,LOW,Jhotwara
2026-09-21 08:00:00,Z09,26.9,75.758,664,34.9,LOW,Sodala
2026-09-21 08:00:00,Z10,26.926,75.8,680,34.9,LOW,Bani Park
2026-09-21 08:30:00,Z01,26.9124,75.7873,694,30.5,MEDIUM,Tonk Road
2026-09-21 08:30:00,Z02,26.85,75.804,573,32.7,LOW,Malviya Nagar
2026-09-21 08:30:00,Z03,26.912,75.798,680,31.8,MEDIUM,C-Scheme
2026-09-21 08:30:00,Z04,26.912,75.739,532,33.6,LOW,Vaishali Nagar
2026-09-21 08:30:00,Z05,26.856,75.764,549,35.0,LOW,Mansarovar
2026-09-21 08:30:00,Z06,26.9,75.825,666,34.3,LOW,Raja Park
2026-09-21 08:30:00,Z07,26.831,75.841,774,35.8,LOW,Jagatpura
2026-09-21 08:30:00,Z08,26.951,75.746,646,31.3,MEDIUM,Jhotwara
2026-09-21 08:30:00,Z09,26.9,75.758,680,33.4,LOW,Sodala
2026-09-21 08:30:00,Z10,26.926,75.8,625,34.4,LOW,Bani Park
2026-09-21 09:00:00,Z01,26.9124,75.7873,571,33.1,LOW,Tonk Road
2026-09-21 09:00:00,Z02,26.85,75.804,682,36.0,LOW,Malviya Nagar
2026-09-21 09:00:00,Z03,26.912,75.798,628,35.8,LOW,C-Scheme
2026-09-21 09:00:00,Z04,26.912,75.739,574,32.7,LOW,Vaishali Nagar
2026-09-21 09:00:00,Z05,26.856,75.764,577,34.7,LOW,Mansarovar
2026-09-21 09:00:00,Z06,26.9,75.825,558,37.7,LOW,Raja Park
2026-09-21 09:00:00,Z07,26.831,75.841,759,34.5,LOW,Jagatpura
2026-09-21 09:00:00,Z08,26.951,75.746,662,35.2,LOW,Jhotwara
2026-09-21 09:00:00,Z09,26.9,75.758,553,32.1,LOW,Sodala
2026-09-21 09:00:00,Z10,26.926,75.8,755,35.5,LOW,Bani Park
2026-09-21 09:30:00,Z01,26.9124,75.7873,570,33.1,LOW,Tonk Road
2026-09-21 09:30:00,Z02,26.85,75.804,581,29.1,MEDIUM,Malviya Nagar
2026-09-21 09:30:00,Z03,26.912,75.798,761,33.8,LOW,C-Scheme
2026-09-21 09:30:00,Z04,26.912,75.739,671,35.3,LOW,Vaishali Nagar
2026-09-21 09:30:00,Z05,26.856,75.764,609,33.2,LOW,Mansarovar
2026-09-21 09:30:00,Z06,26.9,75.825,664,36.8,LOW,Raja Park
2026-09-21 09:30:00,Z07,26.831,75.841,602,29.8,MEDIUM,Jagatpura
2026-09-21 09:30:00,Z08,26.951,75.746,611,32.3,LOW,Jhotwara
2026-09-21 09:30:00,Z09,26.9,75.758,642,35.1,LOW,Sodala
2026-09-21 09:30:00,Z10,26.926,75.8,741,33.8,LOW,Bani Park
2026-09-21 10:00:00,Z01,26.9124,75.7873,780,32.6,LOW,Tonk Road
2026-09-21 10:00:00,Z02,26.85,75.804,656,32.7,LOW,Malviya Nagar
2026-09-21 10:00:00,Z03,26.912,75.798,658,33.4,LOW,C-Scheme
2026-09-21 10:00:00,Z04,26.912,75.739,680,34.9,LOW,Vaishali Nagar
2026-09-21 10:00:00,Z05,26.856,75.764,571,32.5,LOW,Mansarovar
2026-09-21 10:00:00,Z06,26.9,75.825,616,39.0,LOW,Raja Park
2026-09-21 10:00:00,Z07,26.831,75.841,537,35.4,LOW,Jagatpura
2026-09-21 10:00:00,Z08,26.951,75.746,641,33.4,LOW,Jhotwara
2026-09-21 10:00:00,Z09,26.9,75.758,459,34.9,LOW,Sodala
2026-09-21 10:00:00,Z10,26.926,75.8,569,34.3,LOW,Bani Park
2026-09-21 10:30:00,Z01,26.9124,75.7873,577,34.6,LOW,Tonk Road
2026-09-21 10:30:00,Z02,26.85,75.804,630,32.3,LOW,Malviya Nagar
2026-09-21 10:30:00,Z03,26.912,75.798,616,31.9,MEDIUM,C-Scheme
2026-09-21 10:30:00,Z04,26.912,75.739,521,31.6,MEDIUM,Vaishali Nagar
2026-09-21 10:30:00,Z05,26.856,75.764,559,36.0,LOW,Mansarovar
2026-09-21 10:30:00,Z06,26.9,75.825,702,33.6,LOW,Raja Park
2026-09-21 10:30:00,Z07,26.831,75.841,592,32.8,LOW,Jagatpura
2026-09-21 10:30:00,Z08,26.951,75.746,728,34.5,LOW,Jhotwara
2026-09-21 10:30:00,Z09,26.9,75.758,639,31.7,MEDIUM,Sodala
2026-09-21 10:30:00,Z10,26.926,75.8,622,30.5,MEDIUM,Bani Park
2026-09-21 11:00:00,Z01,26.9124,75.7873,290,42.1,LOW,Tonk Road
2026-09-21 11:00:00,Z02,26.85,75.804,251,41.1,LOW,Malviya Nagar
2026-09-21 11:00:00,Z03,26.912,75.798,423,42.2,LOW,C-Scheme
2026-09-21 11:00:00,Z04,26.912,75.739,306,39.8,LOW,Vaishali Nagar
2026-09-21 11:00:00,Z05,26.856,75.764,434,43.0,LOW,Mansarovar
2026-09-21 11:00:00,Z06,26.9,75.825,338,39.0,LOW,Raja Park
2026-09-21 11:00:00,Z07,26.831,75.841,342,42.6,LOW,Jagatpura
2026-09-21 11:00:00,Z08,26.951,75.746,385,37.0,LOW,Jhotwara
2026-09-21 11:00:00,Z09,26.9,75.758,358,45.0,LOW,Sodala
2026-09-21 11:00:00,Z10,26.926,75.8,314,39.9,LOW,Bani Park
2026-09-21 11:30:00,Z01,26.9124,75.7873,413,45.5,LOW,Tonk Road
2026-09-21 11:30:00,Z02,26.85,75.804,374,43.3,LOW,Malviya Nagar
2026-09-21 11:30:00,Z03,26.912,75.798,335,40.7,LOW,C-Scheme
2026-09-21 11:30:00,Z04,26.912,75.739,388,41.8,LOW,Vaishali Nagar
2026-09-21 11:30:00,Z05,26.856,75.764,428,45.0,LOW,Mansarovar
2026-09-21 11:30:00,Z06,26.9,75.825,365,39.2,LOW,Raja Park
2026-09-21 11:30:00,Z07,26.831,75.841,393,43.5,LOW,Jagatpura
2026-09-21 11:30:00,Z08,26.951,75.746,553,40.7,LOW,Jhotwara
2026-09-21 11:30:00,Z09,26.9,75.758,274,39.4,LOW,Sodala
2026-09-21 11:30:00,Z10,26.926,75.8,498,42.5,LOW,Bani Park
2026-09-21 12:00:00,Z01,26.9124,75.7873,331,40.3,LOW,Tonk Road
2026-09-21 12:00:00,Z02,26.85,75.804,348,44.2,LOW,Malviya Nagar
2026-09-21 12:00:00,Z03,26.912,75.798,389,41.3,LOW,C-Scheme
2026-09-21 12:00:00,Z04,26.912,75.739,422,42.5,LOW,Vaishali Nagar
2026-09-21 12:00:00,Z05,26.856,75.764,371,44.6,LOW,Mansarovar
2026-09-21 12:00:00,Z06,26.9,75.825,364,42.6,LOW,Raja Park
2026-09-21 12:00:00,Z07,26.831,75.841,353,43.0,LOW,Jagatpura
2026-09-21 12:00:00,Z08,26.951,75.746,433,42.0,LOW,Jhotwara
2026-09-21 12:00:00,Z09,26.9,75.758,244,45.0,LOW,Sodala
2026-09-21 12:00:00,Z10,26.926,75.8,301,42.0,LOW,Bani Park
2026-09-21 12:30:00,Z01,26.9124,75.7873,378,41.4,LOW,Tonk Road
2026-09-21 12:30:00,Z02,26.85,75.804,342,43.3,LOW,Malviya Nagar
2026-09-21 12:30:00,Z03,26.912,75.798,282,38.2,LOW,C-Scheme
2026-09-21 12:30:00,Z04,26.912,75.739,158,43.8,LOW,Vaishali Nagar
2026-09-21 12:30:00,Z05,26.856,75.764,386,44.4,LOW,Mansarovar
2026-09-21 12:30:00,Z06,26.9,75.825,336,44.6,LOW,Raja Park
2026-09-21 12:30:00,Z07,26.831,75.841,380,37.9,LOW,Jagatpura
2026-09-21 12:30:00,Z08,26.951,75.746,414,44.5,LOW,Jhotwara
2026-09-21 12:30:00,Z09,26.9,75.758,356,40.7,LOW,Sodala
2026-09-21 12:30:00,Z10,26.926,75.8,292,40.9,LOW,Bani Park
2026-09-21 13:00:00,Z01,26.9124,75.7873,266,43.9,LOW,Tonk Road
2026-09-21 13:00:00,Z02,26.85,75.804,272,40.2,LOW,Malviya Nagar
2026-09-21 13:00:00,Z03,26.912,75.798,360,39.0,LOW,C-Scheme
2026-09-21 13:00:00,Z04,26.912,75.739,337,44.3,LOW,Vaishali Nagar
2026-09-21 13:00:00,Z05,26.856,75.764,408,39.0,LOW,Mansarovar
2026-09-21 13:00:00,Z06,26.9,75.825,304,45.4,LOW,Raja Park
2026-09-21 13:00:00,Z07,26.831,75.841,386,41.0,LOW,Jagatpura
2026-09-21 13:00:00,Z08,26.951,75.746,313,45.2,LOW,Jhotwara
2026-09-21 13:00:00,Z09,26.9,75.758,394,39.3,LOW,Sodala
2026-09-21 13:00:00,Z10,26.926,75.8,350,43.6,LOW,Bani Park
2026-09-21 13:30:00,Z01,26.9124,75.7873,419,40.9,LOW,Tonk Road
2026-09-21 13:30:00,Z02,26.85,75.804,296,43.1,LOW,Malviya Nagar
2026-09-21 13:30:00,Z03,26.912,75.798,255,42.1,LOW,C-Scheme
2026-09-21 13:30:00,Z04,26.912,75.739,331,43.4,LOW,Vaishali Nagar
2026-09-21 13:30:00,Z05,26.856,75.764,347,41.1,LOW,Mansarovar
2026-09-21 13:30:00,Z06,26.9,75.825,412,42.1,LOW,Raja Park
2026-09-21 13:30:00,Z07,26.831,75.841,339,43.2,LOW,Jagatpura
2026-09-21 13:30:00,Z08,26.951,75.746,378,43.5,LOW,Jhotwara
2026-09-21 13:30:00,Z09,26.9,75.758,341,41.1,LOW,Sodala
2026-09-21 13:30:00,Z10,26.926,75.8,385,41.7,LOW,Bani Park
2026-09-21 14:00:00,Z01,26.9124,75.7873,322,41.3,LOW,Tonk Road
2026-09-21 14:00:00,Z02,26.85,75.804,415,45.9,LOW,Malviya Nagar
2026-09-21 14:00:00,Z03,26.912,75.798,389,40.5,LOW,C-Scheme
2026-09-21 14:00:00,Z04,26.912,75.739,377,42.2,LOW,Vaishali Nagar
2026-09-21 14:00:00,Z05,26.856,75.764,433,42.3,LOW,Mansarovar
2026-09-21 14:00:00,Z06,26.9,75.825,345,42.7,LOW,Raja Park
2026-09-21 14:00:00,Z07,26.831,75.841,366,44.1,LOW,Jagatpura
2026-09-21 14:00:00,Z08,26.951,75.746,371,42.2,LOW,Jhotwara
2026-09-21 14:00:00,Z09,26.9,75.758,350,41.8,LOW,Sodala
2026-09-21 14:00:00,Z10,26.926,75.8,297,40.8,LOW,Bani Park
2026-09-21 14:30:00,Z01,26.9124,75.7873,252,40.0,LOW,Tonk Road
2026-09-21 14:30:00,Z02,26.85,75.804,337,40.2,LOW,Malviya Nagar
2026-09-21 14:30:00,Z03,26.912,75.798,331,42.2,LOW,C-Scheme
2026-09-21 14:30:00,Z04,26.912,75.739,460,37.3,LOW,Vaishali Nagar
2026-09-21 14:30:00,Z05,26.856,75.764,381,44.2,LOW,Mansarovar
2026-09-21 14:30:00,Z06,26.9,75.825,281,45.8,LOW,Raja Park
2026-09-21 14:30:00,Z07,26.831,75.841,282,45.8,LOW,Jagatpura
2026-09-21 14:30:00,Z08,26.951,75.746,260,42.5,LOW,Jhotwara
2026-09-21 14:30:00,Z09,26.9,75.758,377,42.0,LOW,Sodala
2026-09-21 14:30:00,Z10,26.926,75.8,399,41.7,LOW,Bani Park
2026-09-21 15:00:00,Z01,26.9124,75.7873,313,42.2,LOW,Tonk Road
2026-09-21 15:00:00,Z02,26.85,75.804,406,40.9,LOW,Malviya Nagar
2026-09-21 15:00:00,Z03,26.912,75.798,414,40.7,LOW,C-Scheme
2026-09-21 15:00:00,Z04,26.912,75.739,233,44.4,LOW,Vaishali Nagar
2026-09-21 15:00:00,Z05,26.856,75.764,494,44.3,LOW,Mansarovar
2026-09-21 15:00:00,Z06,26.9,75.825,391,42.5,LOW,Raja Park
2026-09-21 15:00:00,Z07,26.831,75.841,330,44.1,LOW,Jagatpura
2026-09-21 15:00:00,Z08,26.951,75.746,258,42.4,LOW,Jhotwara
2026-09-21 15:00:00,Z09,26.9,75.758,384,42.3,LOW,Sodala
2026-09-21 15:00:00,Z10,26.926,75.8,424,43.0,LOW,Bani Park
2026-09-21 15:30:00,Z01,26.9124,75.7873,312,40.5,LOW,Tonk Road
2026-09-21 15:30:00,Z02,26.85,75.804,339,45.8,LOW,Malviya Nagar
2026-09-21 15:30:00,Z03,26.912,75.798,345,42.4,LOW,C-Scheme
2026-09-21 15:30:00,Z04,26.912,75.739,463,40.4,LOW,Vaishali Nagar
2026-09-21 15:30:00,Z05,26.856,75.764,271,40.9,LOW,Mansarovar
2026-09-21 15:30:00,Z06,26.9,75.825,209,41.1,LOW,Raja Park
2026-09-21 15:30:00,Z07,26.831,75.841,282,40.7,LOW,Jagatpura
2026-09-21 15:30:00,Z08,26.951,75.746,302,43.2,LOW,Jhotwara
2026-09-21 15:30:00,Z09,26.9,75.758,447,43.8,LOW,Sodala
2026-09-21 15:30:00,Z10,26.926,75.8,334,43.6,LOW,Bani Park
2026-09-21 16:00:00,Z01,26.9124,75.7873,243,42.3,LOW,Tonk Road
2026-09-21 16:00:00,Z02,26.85,75.804,289,41.7,LOW,Malviya Nagar
2026-09-21 16:00:00,Z03,26.912,75.798,530,43.4,LOW,C-Scheme
2026-09-21 16:00:00,Z04,26.912,75.739,210,43.0,LOW,Vaishali Nagar
2026-09-21 16:00:00,Z05,26.856,75.764,358,41.3,LOW,Mansarovar
2026-09-21 16:00:00,Z06,26.9,75.825,298,42.2,LOW,Raja Park
2026-09-21 16:00:00,Z07,26.831,75.841,263,42.5,LOW,Jagatpura
2026-09-21 16:00:00,Z08,26.951,75.746,395,40.1,LOW,Jhotwara
2026-09-21 16:00:00,Z09,26.9,75.758,387,40.0,LOW,Sodala
2026-09-21 16:00:00,Z10,26.926,75.8,473,39.3,LOW,Bani Park
2026-09-21 16:30:00,Z01,26.9124,75.7873,334,40.5,LOW,Tonk Road
2026-09-21 16:30:00,Z02,26.85,75.804,310,42.7,LOW,Malviya Nagar
2026-09-21 16:30:00,Z03,26.912,75.798,390,42.3,LOW,C-Scheme
2026-09-21 16:30:00,Z04,26.912,75.739,405,43.9,LOW,Vaishali Nagar
2026-09-21 16:30:00,Z05,26.856,75.764,339,41.7,LOW,Mansarovar
2026-09-21 16:30:00,Z06,26.9,75.825,416,46.7,LOW,Raja Park
2026-09-21 16:30:00,Z07,26.831,75.841,356,40.2,LOW,Jagatpura
2026-09-21 16:30:00,Z08,26.951,75.746,340,41.3,LOW,Jhotwara
2026-09-21 16:30:00,Z09,26.9,75.758,321,39.5,LOW,Sodala
2026-09-21 16:30:00,Z10,26.926,75.8,390,45.6,LOW,Bani Park
2026-09-21 17:00:00,Z01,26.9124,75.7873,735,29.0,MEDIUM,Tonk Road
2026-09-21 17:00:00,Z02,26.85,75.804,624,36.2,LOW,Malviya Nagar
2026-09-21 17:00:00,Z03,26.912,75.798,589,35.4,LOW,C-Scheme
2026-09-21 17:00:00,Z04,26.912,75.739,754,33.1,LOW,Vaishali Nagar
2026-09-21 17:00:00,Z05,26.856,75.764,519,33.5,LOW,Mansarovar
2026-09-21 17:00:00,Z06,26.9,75.825,644,33.9,LOW,Raja Park
2026-09-21 17:00:00,Z07,26.831,75.841,651,36.4,LOW,Jagatpura
2026-09-21 17:00:00,Z08,26.951,75.746,723,33.2,LOW,Jhotwara
2026-09-21 17:00:00,Z09,26.9,75.758,597,34.2,LOW,Sodala
2026-09-21 17:00:00,Z10,26.926,75.8,663,36.3,LOW,Bani Park
2026-09-21 17:30:00,Z01,26.9124,75.7873,662,34.0,LOW,Tonk Road
2026-09-21 17:30:00,Z02,26.85,75.804,613,31.9,MEDIUM,Malviya Nagar
2026-09-21 17:30:00,Z03,26.912,75.798,636,34.0,LOW,C-Scheme
2026-09-21 17:30:00,Z04,26.912,75.739,665,36.5,LOW,Vaishali Nagar
2026-09-21 17:30:00,Z05,26.856,75.764,650,35.7,LOW,Mansarovar
2026-09-21 17:30:00,Z06,26.9,75.825,677,36.1,LOW,Raja Park
2026-09-21 17:30:00,Z07,26.831,75.841,649,34.0,LOW,Jagatpura
2026-09-21 17:30:00,Z08,26.951,75.746,685,32.1,LOW,Jhotwara
2026-09-21 17:30:00,Z09,26.9,75.758,614,33.9,LOW,Sodala
2026-09-21 17:30:00,Z10,26.926,75.8,562,36.2,LOW,Bani Park
2026-09-21 18:00:00,Z01,26.9124,75.7873,721,33.2,LOW,Tonk Road
2026-09-21 18:00:00,Z02,26.85,75.804,646,34.6,LOW,Malviya Nagar
2026-09-21 18:00:00,Z03,26.912,75.798,662,34.5,LOW,C-Scheme
2026-09-21 18:00:00,Z04,26.912,75.739,625,31.0,MEDIUM,Vaishali Nagar
2026-09-21 18:00:00,Z05,26.856,75.764,603,37.2,LOW,Mansarovar
2026-09-21 18:00:00,Z06,26.9,75.825,612,33.4,LOW,Raja Park
2026-09-21 18:00:00,Z07,26.831,75.841,609,33.8,LOW,Jagatpura
2026-09-21 18:00:00,Z08,26.951,75.746,663,35.0,LOW,Jhotwara
2026-09-21 18:00:00,Z09,26.9,75.758,576,35.5,LOW,Sodala
2026-09-21 18:00:00,Z10,26.926,75.8,634,33.3,LOW,Bani Park
2026-09-21 18:30:00,Z01,26.9124,75.7873,594,34.9,LOW,Tonk Road
2026-09-21 18:30:00,Z02,26.85,75.804,733,35.8,LOW,Malviya Nagar
2026-09-21 18:30:00,Z03,26.912,75.798,615,32.0,LOW,C-Scheme
2026-09-21 18:30:00,Z04,26.912,75.739,834,32.9,LOW,Vaishali Nagar
2026-09-21 18:30:00,Z05,26.856,75.764,767,33.1,LOW,Mansarovar
2026-09-21 18:30:00,Z06,26.9,75.825,580,31.5,MEDIUM,Raja Park
2026-09-21 18:30:00,Z07,26.831,75.841,590,32.6,LOW,Jagatpura
2026-09-21 18:30:00,Z08,26.951,75.746,600,33.5,LOW,Jhotwara
2026-09-21 18:30:00,Z09,26.9,75.758,731,32.4,LOW,Sodala
2026-09-21 18:30:00,Z10,26.926,75.8,716,36.4,LOW,Bani Park
2026-09-21 19:00:00,Z01,26.9124,75.7873,656,35.0,LOW,Tonk Road
2026-09-21 19:00:00,Z02,26.85,75.804,583,33.0,LOW,Malviya Nagar
2026-09-21 19:00:00,Z03,26.912,75.798,567,34.7,LOW,C-Scheme
2026-09-21 19:00:00,Z04,26.912,75.739,730,32.0,LOW,Vaishali Nagar
2026-09-21 19:00:00,Z05,26.856,75.764,677,37.8,LOW,Mansarovar
2026-09-21 19:00:00,Z06,26.9,75.825,632,36.2,LOW,Raja Park
2026-09-21 19:00:00,Z07,26.831,75.841,692,31.3,MEDIUM,Jagatpura
2026-09-21 19:00:00,Z08,26.951,75.746,655,35.1,LOW,Jhotwara
2026-09-21 19:00:00,Z09,26.9,75.758,717,33.5,LOW,Sodala
2026-09-21 19:00:00,Z10,26.926,75.8,595,32.0,LOW,Bani Park
2026-09-21 19:30:00,Z01,26.9124,75.7873,655,32.0,MEDIUM,Tonk Road
2026-09-21 19:30:00,Z02,26.85,75.804,602,31.8,MEDIUM,Malviya Nagar
2026-09-21 19:30:00,Z03,26.912,75.798,631,32.6,LOW,C-Scheme
2026-09-21 19:30:00,Z04,26.912,75.739,656,31.0,MEDIUM,Vaishali Nagar
2026-09-21 19:30:00,Z05,26.856,75.764,659,36.5,LOW,Mansarovar
2026-09-21 19:30:00,Z06,26.9,75.825,743,37.1,LOW,Raja Park
2026-09-21 19:30:00,Z07,26.831,75.841,655,35.6,LOW,Jagatpura
2026-09-21 19:30:00,Z08,26.951,75.746,703,34.0,LOW,Jhotwara
2026-09-21 19:30:00,Z09,26.9,75.758,518,33.2,LOW,Sodala
2026-09-21 19:30:00,Z10,26.926,75.8,570,35.0,LOW,Bani Park
2026-09-21 20:00:00,Z01,26.9124,75.7873,650,32.1,LOW,Tonk Road
2026-09-21 20:00:00,Z02,26.85,75.804,551,33.8,LOW,Malviya Nagar
2026-09-21 20:00:00,Z03,26.912,75.798,717,34.3,LOW,C-Scheme
2026-09-21 20:00:00,Z04,26.912,75.739,739,31.7,MEDIUM,Vaishali Nagar
2026-09-21 20:00:00,Z05,26.856,75.764,798,30.9,MEDIUM,Mansarovar
2026-09-21 20:00:00,Z06,26.9,75.825,660,33.2,LOW,Raja Park
2026-09-21 20:00:00,Z07,26.831,75.841,645,30.2,MEDIUM,Jagatpura
2026-09-21 20:00:00,Z08,26.951,75.746,643,34.5,LOW,Jhotwara
2026-09-21 20:00:00,Z09,26.9,75.758,583,32.9,LOW,Sodala
2026-09-21 20:00:00,Z10,26.926,75.8,652,36.3,LOW,Bani Park
2026-09-21 20:30:00,Z01,26.9124,75.7873,613,37.1,LOW,Tonk Road
2026-09-21 20:30:00,Z02,26.85,75.804,707,33.1,LOW,Malviya Nagar
2026-09-21 20:30:00,Z03,26.912,75.798,565,30.8,MEDIUM,C-Scheme
2026-09-21 20:30:00,Z04,26.912,75.739,567,36.2,LOW,Vaishali Nagar
2026-09-21 20:30:00,Z05,26.856,75.764,780,30.4,MEDIUM,Mansarovar
2026-09-21 20:30:00,Z06,26.9,75.825,662,31.2,MEDIUM,Raja Park
2026-09-21 20:30:00,Z07,26.831,75.841,453,34.1,LOW,Jagatpura
2026-09-21 20:30:00,Z08,26.951,75.746,681,33.5,LOW,Jhotwara
2026-09-21 20:30:00,Z09,26.9,75.758,713,34.7,LOW,Sodala
2026-09-21 20:30:00,Z10,26.926,75.8,699,33.2,LOW,Bani Park
2026-09-21 21:00:00,Z01,26.9124,75.7873,251,40.6,LOW,Tonk Road
2026-09-21 21:00:00,Z02,26.85,75.804,247,39.4,LOW,Malviya Nagar
2026-09-21 21:00:00,Z03,26.912,75.798,243,44.0,LOW,C-Scheme
2026-09-21 21:00:00,Z04,26.912,75.739,331,42.5,LOW,Vaishali Nagar
2026-09-21 21:00:00,Z05,26.856,75.764,445,41.8,LOW,Mansarovar
2026-09-21 21:00:00,Z06,26.9,75.825,392,41.1,LOW,Raja Park
2026-09-21 21:00:00,Z07,26.831,75.841,339,42.1,LOW,Jagatpura
2026-09-21 21:00:00,Z08,26.951,75.746,249,46.6,LOW,Jhotwara
2026-09-21 21:00:00,Z09,26.9,75.758,395,44.6,LOW,Sodala
2026-09-21 21:00:00,Z10,26.926,75.8,464,41.0,LOW,Bani Park
2026-09-21 21:30:00,Z01,26.9124,75.7873,313,38.3,LOW,Tonk Road
2026-09-21 21:30:00,Z02,26.85,75.804,378,39.6,LOW,Malviya Nagar
2026-09-21 21:30:00,Z03,26.912,75.798,380,39.8,LOW,C-Scheme
2026-09-21 21:30:00,Z04,26.912,75.739,316,41.6,LOW,Vaishali Nagar
2026-09-21 21:30:00,Z05,26.856,75.764,331,42.8,LOW,Mansarovar
2026-09-21 21:30:00,Z06,26.9,75.825,546,39.8,LOW,Raja Park
2026-09-21 21:30:00,Z07,26.831,75.841,194,41.0,LOW,Jagatpura
2026-09-21 21:30:00,Z08,26.951,75.746,261,40.3,LOW,Jhotwara
2026-09-21 21:30:00,Z09,26.9,75.758,372,43.7,LOW,Sodala
2026-09-21 21:30:00,Z10,26.926,75.8,324,42.8,LOW,Bani Park
2026-09-21 22:00:00,Z01,26.9124,75.7873,324,41.4,LOW,Tonk Road
2026-09-21 22:00:00,Z02,26.85,75.804,408,41.8,LOW,Malviya Nagar
2026-09-21 22:00:00,Z03,26.912,75.798,385,42.7,LOW,C-Scheme
2026-09-21 22:00:00,Z04,26.912,75.739,411,43.0,LOW,Vaishali Nagar
2026-09-21 22:00:00,Z05,26.856,75.764,375,42.6,LOW,Mansarovar
2026-09-21 22:00:00,Z06,26.9,75.825,303,44.4,LOW,Raja Park
2026-09-21 22:00:00,Z07,26.831,75.841,266,40.3,LOW,Jagatpura
2026-09-21 22:00:00,Z08,26.951,75.746,220,42.4,LOW,Jhotwara
2026-09-21 22:00:00,Z09,26.9,75.758,342,42.9,LOW,Sodala
2026-09-21 22:00:00,Z10,26.926,75.8,302,44.3,LOW,Bani Park
2026-09-21 22:30:00,Z01,26.9124,75.7873,428,41.6,LOW,Tonk Road
2026-09-21 22:30:00,Z02,26.85,75.804,302,44.8,LOW,Malviya Nagar
2026-09-21 22:30:00,Z03,26.912,75.798,370,42.4,LOW,C-Scheme
2026-09-21 22:30:00,Z04,26.912,75.739,331,42.7,LOW,Vaishali Nagar
2026-09-21 22:30:00,Z05,26.856,75.764,217,44.6,LOW,Mansarovar
2026-09-21 22:30:00,Z06,26.9,75.825,381,41.2,LOW,Raja Park
2026-09-21 22:30:00,Z07,26.831,75.841,444,42.9,LOW,Jagatpura
2026-09-21 22:30:00,Z08,26.951,75.746,330,44.4,LOW,Jhotwara
2026-09-21 22:30:00,Z09,26.9,75.758,300,44.6,LOW,Sodala
2026-09-21 22:30:00,Z10,26.926,75.8,476,43.9,LOW,Bani Park
2026-09-21 23:00:00,Z01,26.9124,75.7873,357,44.4,LOW,Tonk Road
2026-09-21 23:00:00,Z02,26.85,75.804,242,41.3,LOW,Malviya Nagar
2026-09-21 23:00:00,Z03,26.912,75.798,271,42.6,LOW,C-Scheme
2026-09-21 23:00:00,Z04,26.912,75.739,266,40.4,LOW,Vaishali Nagar
2026-09-21 23:00:00,Z05,26.856,75.764,348,41.1,LOW,Mansarovar
2026-09-21 23:00:00,Z06,26.9,75.825,307,42.5,LOW,Raja Park
2026-09-21 23:00:00,Z07,26.831,75.841,335,44.1,LOW,Jagatpura
2026-09-21 23:00:00,Z08,26.951,75.746,365,40.4,LOW,Jhotwara
2026-09-21 23:00:00,Z09,26.9,75.758,373,45.9,LOW,Sodala
2026-09-21 23:00:00,Z10,26.926,75.8,243,41.3,LOW,Bani Park
2026-09-21 23:30:00,Z01,26.9124,75.7873,366,41.6,LOW,Tonk Road
2026-09-21 23:30:00,Z02,26.85,75.804,233,41.2,LOW,Malviya Nagar
2026-09-21 23:30:00,Z03,26.912,75.798,451,40.3,LOW,C-Scheme
2026-09-21 23:30:00,Z04,26.912,75.739,287,44.9,LOW,Vaishali Nagar
2026-09-21 23:30:00,Z05,26.856,75.764,267,43.3,LOW,Mansarovar
2026-09-21 23:30:00,Z06,26.9,75.825,367,44.8,LOW,Raja Park
2026-09-21 23:30:00,Z07,26.831,75.841,229,43.9,LOW,Jagatpura
2026-09-21 23:30:00,Z08,26.951,75.746,349,43.4,LOW,Jhotwara
2026-09-21 23:30:00,Z09,26.9,75.758,414,43.7,LOW,Sodala
2026-09-21 23:30:00,Z10,26.926,75.8,307,42.1,LOW,Bani Park
2026-09-22 00:00:00,Z01,26.9124,75.7873,345,43.6,LOW,Tonk Road
2026-09-22 00:00:00,Z02,26.85,75.804,285,40.3,LOW,Malviya Nagar
2026-09-22 00:00:00,Z03,26.912,75.798,314,39.0,LOW,C-Scheme
2026-09-22 00:00:00,Z04,26.912,75.739,362,44.2,LOW,Vaishali Nagar
2026-09-22 00:00:00,Z05,26.856,75.764,406,40.9,LOW,Mansarovar
2026-09-22 00:00:00,Z06,26.9,75.825,356,40.3,LOW,Raja Park
2026-09-22 00:00:00,Z07,26.831,75.841,404,41.6,LOW,Jagatpura
2026-09-22 00:00:00,Z08,26.951,75.746,290,38.8,LOW,Jhotwara
2026-09-22 00:00:00,Z09,26.9,75.758,331,38.7,LOW,Sodala
2026-09-22 00:00:00,Z10,26.926,75.8,314,44.4,LOW,Bani Park
2026-09-22 00:30:00,Z01,26.9124,75.7873,411,41.0,LOW,Tonk Road
2026-09-22 00:30:00,Z02,26.85,75.804,343,44.1,LOW,Malviya Nagar
2026-09-22 00:30:00,Z03,26.912,75.798,274,43.4,LOW,C-Scheme
2026-09-22 00:30:00,Z04,26.912,75.739,500,44.8,LOW,Vaishali Nagar
2026-09-22 00:30:00,Z05,26.856,75.764,204,43.0,LOW,Mansarovar
2026-09-22 00:30:00,Z06,26.9,75.825,392,40.9,LOW,Raja Park
2026-09-22 00:30:00,Z07,26.831,75.841,439,41.2,LOW,Jagatpura
2026-09-22 00:30:00,Z08,26.951,75.746,300,43.2,LOW,Jhotwara
2026-09-22 00:30:00,Z09,26.9,75.758,287,42.1,LOW,Sodala
2026-09-22 00:30:00,Z10,26.926,75.8,311,41.6,LOW,Bani Park
2026-09-22 01:00:00,Z01,26.9124,75.7873,498,44.3,LOW,Tonk Road
2026-09-22 01:00:00,Z02,26.85,75.804,215,39.1,LOW,Malviya Nagar
2026-09-22 01:00:00,Z03,26.912,75.798,243,41.5,LOW,C-Scheme
2026-09-22 01:00:00,Z04,26.912,75.739,402,42.1,LOW,Vaishali Nagar
2026-09-22 01:00:00,Z05,26.856,75.764,364,45.0,LOW,Mansarovar
2026-09-22 01:00:00,Z06,26.9,75.825,211,41.6,LOW,Raja Park
2026-09-22 01:00:00,Z07,26.831,75.841,354,42.1,LOW,Jagatpura
2026-09-22 01:00:00,Z08,26.951,75.746,300,43.3,LOW,Jhotwara
2026-09-22 01:00:00,Z09,26.9,75.758,246,41.1,LOW,Sodala
2026-09-22 01:00:00,Z10,26.926,75.8,272,37.4,LOW,Bani Park
2026-09-22 01:30:00,Z01,26.9124,75.7873,373,38.9,LOW,Tonk Road
2026-09-22 01:30:00,Z02,26.85,75.804,312,41.0,LOW,Malviya Nagar
2026-09-22 01:30:00,Z03,26.912,75.798,123,40.0,LOW,C-Scheme
2026-09-22 01:30:00,Z04,26.912,75.739,279,45.0,LOW,Vaishali Nagar
2026-09-22 01:30:00,Z05,26.856,75.764,248,41.2,LOW,Mansarovar
2026-09-22 01:30:00,Z06,26.9,75.825,360,43.9,LOW,Raja Park
2026-09-22 01:30:00,Z07,26.831,75.841,322,40.3,LOW,Jagatpura
2026-09-22 01:30:00,Z08,26.951,75.746,344,45.4,LOW,Jhotwara
2026-09-22 01:30:00,Z09,26.9,75.758,284,41.6,LOW,Sodala
2026-09-22 01:30:00,Z10,26.926,75.8,338,38.2,LOW,Bani Park
2026-09-22 02:00:00,Z01,26.9124,75.7873,426,42.7,LOW,Tonk Road
2026-09-22 02:00:00,Z02,26.85,75.804,271,37.5,LOW,Malviya Nagar
2026-09-22 02:00:00,Z03,26.912,75.798,349,40.8,LOW,C-Scheme
2026-09-22 02:00:00,Z04,26.912,75.739,341,41.7,LOW,Vaishali Nagar
2026-09-22 02:00:00,Z05,26.856,75.764,286,42.8,LOW,Mansarovar
2026-09-22 02:00:00,Z06,26.9,75.825,380,43.9,LOW,Raja Park
2026-09-22 02:00:00,Z07,26.831,75.841,462,41.4,LOW,Jagatpura
2026-09-22 02:00:00,Z08,26.951,75.746,415,45.1,LOW,Jhotwara
2026-09-22 02:00:00,Z09,26.9,75.758,460,36.0,LOW,Sodala
2026-09-22 02:00:00,Z10,26.926,75.8,490,43.6,LOW,Bani Park
2026-09-22 02:30:00,Z01,26.9124,75.7873,460,44.5,LOW,Tonk Road
2026-09-22 02:30:00,Z02,26.85,75.804,444,43.8,LOW,Malviya Nagar
2026-09-22 02:30:00,Z03,26.912,75.798,365,46.0,LOW,C-Scheme
2026-09-22 02:30:00,Z04,26.912,75.739,328,38.9,LOW,Vaishali Nagar
2026-09-22 02:30:00,Z05,26.856,75.764,355,42.8,LOW,Mansarovar
2026-09-22 02:30:00,Z06,26.9,75.825,235,39.5,LOW,Raja Park
2026-09-22 02:30:00,Z07,26.831,75.841,406,40.5,LOW,Jagatpura
2026-09-22 02:30:00,Z08,26.951,75.746,414,45.2,LOW,Jhotwara
2026-09-22 02:30:00,Z09,26.9,75.758,344,44.1,LOW,Sodala
2026-09-22 02:30:00,Z10,26.926,75.8,318,38.5,LOW,Bani Park
2026-09-22 03:00:00,Z01,26.9124,75.7873,315,41.5,LOW,Tonk Road
2026-09-22 03:00:00,Z02,26.85,75.804,380,42.1,LOW,Malviya Nagar
2026-09-22 03:00:00,Z03,26.912,75.798,330,43.7,LOW,C-Scheme
2026-09-22 03:00:00,Z04,26.912,75.739,316,38.2,LOW,Vaishali Nagar
2026-09-22 03:00:00,Z05,26.856,75.764,435,42.1,LOW,Mansarovar
2026-09-22 03:00:00,Z06,26.9,75.825,385,40.9,LOW,Raja Park
2026-09-22 03:00:00,Z07,26.831,75.841,353,42.6,LOW,Jagatpura
2026-09-22 03:00:00,Z08,26.951,75.746,303,43.9,LOW,Jhotwara
2026-09-22 03:00:00,Z09,26.9,75.758,349,40.8,LOW,Sodala
2026-09-22 03:00:00,Z10,26.926,75.8,385,40.7,LOW,Bani Park
2026-09-22 03:30:00,Z01,26.9124,75.7873,365,40.6,LOW,Tonk Road
2026-09-22 03:30:00,Z02,26.85,75.804,365,41.8,LOW,Malviya Nagar
2026-09-22 03:30:00,Z03,26.912,75.798,326,41.1,LOW,C-Scheme
2026-09-22 03:30:00,Z04,26.912,75.739,364,42.2,LOW,Vaishali Nagar
2026-09-22 03:30:00,Z05,26.856,75.764,469,42.0,LOW,Mansarovar
2026-09-22 03:30:00,Z06,26.9,75.825,345,40.0,LOW,Raja Park
2026-09-22 03:30:00,Z07,26.831,75.841,376,38.9,LOW,Jagatpura
2026-09-22 03:30:00,Z08,26.951,75.746,330,39.8,LOW,Jhotwara
2026-09-22 03:30:00,Z09,26.9,75.758,369,41.3,LOW,Sodala
2026-09-22 03:30:00,Z10,26.926,75.8,308,40.9,LOW,Bani Park
2026-09-22 04:00:00,Z01,26.9124,75.7873,369,44.9,LOW,Tonk Road
2026-09-22 04:00:00,Z02,26.85,75.804,332,40.9,LOW,Malviya Nagar
2026-09-22 04:00:00,Z03,26.912,75.798,333,45.3,LOW,C-Scheme
2026-09-22 04:00:00,Z04,26.912,75.739,302,40.6,LOW,Vaishali Nagar
2026-09-22 04:00:00,Z05,26.856,75.764,308,40.9,LOW,Mansarovar
2026-09-22 04:00:00,Z06,26.9,75.825,271,39.4,LOW,Raja Park
2026-09-22 04:00:00,Z07,26.831,75.841,391,40.3,LOW,Jagatpura
2026-09-22 04:00:00,Z08,26.951,75.746,335,41.2,LOW,Jhotwara
2026-09-22 04:00:00,Z09,26.9,75.758,440,44.5,LOW,Sodala
2026-09-22 04:00:00,Z10,26.926,75.8,305,41.4,LOW,Bani Park
2026-09-22 04:30:00,Z01,26.9124,75.7873,398,40.3,LOW,Tonk Road
2026-09-22 04:30:00,Z02,26.85,75.804,322,41.6,LOW,Malviya Nagar
2026-09-22 04:30:00,Z03,26.912,75.798,296,40.4,LOW,C-Scheme
2026-09-22 04:30:00,Z04,26.912,75.739,257,42.6,LOW,Vaishali Nagar
2026-09-22 04:30:00,Z05,26.856,75.764,312,44.0,LOW,Mansarovar
2026-09-22 04:30:00,Z06,26.9,75.825,256,41.7,LOW,Raja Park
2026-09-22 04:30:00,Z07,26.831,75.841,327,42.0,LOW,Jagatpura
2026-09-22 04:30:00,Z08,26.951,75.746,453,41.9,LOW,Jhotwara
2026-09-22 04:30:00,Z09,26.9,75.758,294,42.4,LOW,Sodala
2026-09-22 04:30:00,Z10,26.926,75.8,391,40.6,LOW,Bani Park
2026-09-22 05:00:00,Z01,26.9124,75.7873,369,44.6,LOW,Tonk Road
2026-09-22 05:00:00,Z02,26.85,75.804,392,43.4,LOW,Malviya Nagar
2026-09-22 05:00:00,Z03,26.912,75.798,213,44.8,LOW,C-Scheme
2026-09-22 05:00:00,Z04,26.912,75.739,418,43.3,LOW,Vaishali Nagar
2026-09-22 05:00:00,Z05,26.856,75.764,288,39.3,LOW,Mansarovar
2026-09-22 05:00:00,Z06,26.9,75.825,298,40.3,LOW,Raja Park
2026-09-22 05:00:00,Z07,26.831,75.841,366,41.0,LOW,Jagatpura
2026-09-22 05:00:00,Z08,26.951,75.746,425,43.7,LOW,Jhotwara
2026-09-22 05:00:00,Z09,26.9,75.758,290,40.3,LOW,Sodala
2026-09-22 05:00:00,Z10,26.926,75.8,395,44.6,LOW,Bani Park
2026-09-22 05:30:00,Z01,26.9124,75.7873,383,42.2,LOW,Tonk Road
2026-09-22 05:30:00,Z02,26.85,75.804,386,41.9,LOW,Malviya Nagar
2026-09-22 05:30:00,Z03,26.912,75.798,368,41.3,LOW,C-Scheme
2026-09-22 05:30:00,Z04,26.912,75.739,301,39.0,LOW,Vaishali Nagar
2026-09-22 05:30:00,Z05,26.856,75.764,323,40.6,LOW,Mansarovar
2026-09-22 05:30:00,Z06,26.9,75.825,312,40.1,LOW,Raja Park
2026-09-22 05:30:00,Z07,26.831,75.841,388,39.0,LOW,Jagatpura
2026-09-22 05:30:00,Z08,26.951,75.746,230,41.8,LOW,Jhotwara
2026-09-22 05:30:00,Z09,26.9,75.758,373,40.3,LOW,Sodala
2026-09-22 05:30:00,Z10,26.926,75.8,301,40.9,LOW,Bani Park
2026-09-22 06:00:00,Z01,26.9124,75.7873,374,41.9,LOW,Tonk Road
2026-09-22 06:00:00,Z02,26.85,75.804,388,39.1,LOW,Malviya Nagar
2026-09-22 06:00:00,Z03,26.912,75.798,348,40.4,LOW,C-Scheme
2026-09-22 06:00:00,Z04,26.912,75.739,313,41.9,LOW,Vaishali Nagar
2026-09-22 06:00:00,Z05,26.856,75.764,330,40.0,LOW,Mansarovar
2026-09-22 06:00:00,Z06,26.9,75.825,254,45.3,LOW,Raja Park
2026-09-22 06:00:00,Z07,26.831,75.841,331,45.4,LOW,Jagatpura
2026-09-22 06:00:00,Z08,26.951,75.746,273,42.1,LOW,Jhotwara
2026-09-22 06:00:00,Z09,26.9,75.758,314,40.5,LOW,Sodala
2026-09-22 06:00:00,Z10,26.926,75.8,335,39.9,LOW,Bani Park
2026-09-22 06:30:00,Z01,26.9124,75.7873,479,41.2,LOW,Tonk Road
2026-09-22 06:30:00,Z02,26.85,75.804,357,39.7,LOW,Malviya Nagar
2026-09-22 06:30:00,Z03,26.912,75.798,275,42.5,LOW,C-Scheme
2026-09-22 06:30:00,Z04,26.912,75.739,322,43.4,LOW,Vaishali Nagar
2026-09-22 06:30:00,Z05,26.856,75.764,396,37.0,LOW,Mansarovar
2026-09-22 06:30:00,Z06,26.9,75.825,276,39.8,LOW,Raja Park
2026-09-22 06:30:00,Z07,26.831,75.841,325,43.4,LOW,Jagatpura
2026-09-22 06:30:00,Z08,26.951,75.746,434,43.8,LOW,Jhotwara
2026-09-22 06:30:00,Z09,26.9,75.758,405,40.7,LOW,Sodala
2026-09-22 06:30:00,Z10,26.926,75.8,506,40.5,LOW,Bani Park
2026-09-22 07:00:00,Z01,26.9124,75.7873,721,32.6,LOW,Tonk Road
2026-09-22 07:00:00,Z02,26.85,75.804,672,35.7,LOW,Malviya Nagar
2026-09-22 07:00:00,Z03,26.912,75.798,639,32.7,LOW,C-Scheme
2026-09-22 07:00:00,Z04,26.912,75.739,665,29.7,MEDIUM,Vaishali Nagar
2026-09-22 07:00:00,Z05,26.856,75.764,659,34.7,LOW,Mansarovar
2026-09-22 07:00:00,Z06,26.9,75.825,561,28.1,MEDIUM,Raja Park
2026-09-22 07:00:00,Z07,26.831,75.841,670,32.5,LOW,Jagatpura
2026-09-22 07:00:00,Z08,26.951,75.746,638,34.6,LOW,Jhotwara
2026-09-22 07:00:00,Z09,26.9,75.758,578,35.3,LOW,Sodala
2026-09-22 07:00:00,Z10,26.926,75.8,683,35.2,LOW,Bani Park
2026-09-22 07:30:00,Z01,26.9124,75.7873,637,34.8,LOW,Tonk Road
2026-09-22 07:30:00,Z02,26.85,75.804,684,37.7,LOW,Malviya Nagar
2026-09-22 07:30:00,Z03,26.912,75.798,667,32.1,LOW,C-Scheme
2026-09-22 07:30:00,Z04,26.912,75.739,608,35.5,LOW,Vaishali Nagar
2026-09-22 07:30:00,Z05,26.856,75.764,676,36.2,LOW,Mansarovar
2026-09-22 07:30:00,Z06,26.9,75.825,670,29.3,MEDIUM,Raja Park
2026-09-22 07:30:00,Z07,26.831,75.841,687,33.2,LOW,Jagatpura
2026-09-22 07:30:00,Z08,26.951,75.746,663,35.9,LOW,Jhotwara
2026-09-22 07:30:00,Z09,26.9,75.758,637,37.3,LOW,Sodala
2026-09-22 07:30:00,Z10,26.926,75.8,706,35.2,LOW,Bani Park
2026-09-22 08:00:00,Z01,26.9124,75.7873,704,33.8,LOW,Tonk Road
2026-09-22 08:00:00,Z02,26.85,75.804,620,32.8,LOW,Malviya Nagar
2026-09-22 08:00:00,Z03,26.912,75.798,666,31.4,MEDIUM,C-Scheme
2026-09-22 08:00:00,Z04,26.912,75.739,732,34.7,LOW,Vaishali Nagar
2026-09-22 08:00:00,Z05,26.856,75.764,630,35.6,LOW,Mansarovar
2026-09-22 08:00:00,Z06,26.9,75.825,680,31.6,MEDIUM,Raja Park
2026-09-22 08:00:00,Z07,26.831,75.841,702,36.2,LOW,Jagatpura
2026-09-22 08:00:00,Z08,26.951,75.746,635,36.2,LOW,Jhotwara
2026-09-22 08:00:00,Z09,26.9,75.758,598,33.1,LOW,Sodala
2026-09-22 08:00:00,Z10,26.926,75.8,644,33.9,LOW,Bani Park
2026-09-22 08:30:00,Z01,26.9124,75.7873,640,34.4,LOW,Tonk Road
2026-09-22 08:30:00,Z02,26.85,75.804,595,33.7,LOW,Malviya Nagar
2026-09-22 08:30:00,Z03,26.912,75.798,655,35.9,LOW,C-Scheme
2026-09-22 08:30:00,Z04,26.912,75.739,597,33.7,LOW,Vaishali Nagar
2026-09-22 08:30:00,Z05,26.856,75.764,741,31.3,MEDIUM,Mansarovar
2026-09-22 08:30:00,Z06,26.9,75.825,536,35.1,LOW,Raja Park
2026-09-22 08:30:00,Z07,26.831,75.841,714,35.5,LOW,Jagatpura
2026-09-22 08:30:00,Z08,26.951,75.746,761,34.2,LOW,Jhotwara
2026-09-22 08:30:00,Z09,26.9,75.758,550,34.4,LOW,Sodala
2026-09-22 08:30:00,Z10,26.926,75.8,667,34.7,LOW,Bani Park
2026-09-22 09:00:00,Z01,26.9124,75.7873,690,32.8,LOW,Tonk Road
2026-09-22 09:00:00,Z02,26.85,75.804,719,30.7,MEDIUM,Malviya Nagar
2026-09-22 09:00:00,Z03,26.912,75.798,581,32.2,LOW,C-Scheme
2026-09-22 09:00:00,Z04,26.912,75.739,680,33.8,LOW,Vaishali Nagar
2026-09-22 09:00:00,Z05,26.856,75.764,598,34.3,LOW,Mansarovar
2026-09-22 09:00:00,Z06,26.9,75.825,570,33.0,LOW,Raja Park
2026-09-22 09:00:00,Z07,26.831,75.841,725,33.6,LOW,Jagatpura
2026-09-22 09:00:00,Z08,26.951,75.746,710,34.0,LOW,Jhotwara
2026-09-22 09:00:00,Z09,26.9,75.758,608,36.9,LOW,Sodala
2026-09-22 09:00:00,Z10,26.926,75.8,801,33.6,LOW,Bani Park
2026-09-22 09:30:00,Z01,26.9124,75.7873,532,36.9,LOW,Tonk Road
2026-09-22 09:30:00,Z02,26.85,75.804,650,34.8,LOW,Malviya Nagar
2026-09-22 09:30:00,Z03,26.912,75.798,597,35.7,LOW,C-Scheme
2026-09-22 09:30:00,Z04,26.912,75.739,602,32.3,LOW,Vaishali Nagar
2026-09-22 09:30:00,Z05,26.856,75.764,707,32.9,LOW,Mansarovar
2026-09-22 09:30:00,Z06,26.9,75.825,606,31.6,MEDIUM,Raja Park
2026-09-22 09:30:00,Z07,26.831,75.841,720,30.4,MEDIUM,Jagatpura
2026-09-22 09:30:00,Z08,26.951,75.746,627,36.5,LOW,Jhotwara
2026-09-22 09:30:00,Z09,26.9,75.758,681,33.4,LOW,Sodala
2026-09-22 09:30:00,Z10,26.926,75.8,678,36.9,LOW,Bani Park
2026-09-22 10:00:00,Z01,26.9124,75.7873,536,32.6,LOW,Tonk Road
2026-09-22 10:00:00,Z02,26.85,75.804,655,31.8,MEDIUM,Malviya Nagar
2026-09-22 10:00:00,Z03,26.912,75.798,663,32.7,LOW,C-Scheme
2026-09-22 10:00:00,Z04,26.912,75.739,575,32.9,LOW,Vaishali Nagar
2026-09-22 10:00:00,Z05,26.856,75.764,759,31.6,MEDIUM,Mansarovar
2026-09-22 10:00:00,Z06,26.9,75.825,771,35.8,LOW,Raja Park
2026-09-22 10:00:00,Z07,26.831,75.841,619,35.1,LOW,Jagatpura
2026-09-22 10:00:00,Z08,26.951,75.746,647,36.6,LOW,Jhotwara
2026-09-22 10:00:00,Z09,26.9,75.758,647,34.4,LOW,Sodala
2026-09-22 10:00:00,Z10,26.926,75.8,762,28.1,MEDIUM,Bani Park
2026-09-22 10:30:00,Z01,26.9124,75.7873,673,35.0,LOW,Tonk Road
2026-09-22 10:30:00,Z02,26.85,75.804,661,33.9,LOW,Malviya Nagar
2026-09-22 10:30:00,Z03,26.912,75.798,693,32.8,LOW,C-Scheme
2026-09-22 10:30:00,Z04,26.912,75.739,663,31.4,MEDIUM,Vaishali Nagar
2026-09-22 10:30:00,Z05,26.856,75.764,636,35.1,LOW,Mansarovar
2026-09-22 10:30:00,Z06,26.9,75.825,580,34.7,LOW,Raja Park
2026-09-22 10:30:00,Z07,26.831,75.841,666,32.1,LOW,Jagatpura
2026-09-22 10:30:00,Z08,26.951,75.746,518,35.4,LOW,Jhotwara
2026-09-22 10:30:00,Z09,26.9,75.758,611,35.0,LOW,Sodala
2026-09-22 10:30:00,Z10,26.926,75.8,556,33.6,LOW,Bani Park
2026-09-22 11:00:00,Z01,26.9124,75.7873,417,40.3,LOW,Tonk Road
2026-09-22 11:00:00,Z02,26.85,75.804,323,42.1,LOW,Malviya Nagar
2026-09-22 11:00:00,Z03,26.912,75.798,384,41.8,LOW,C-Scheme
2026-09-22 11:00:00,Z04,26.912,75.739,344,42.9,LOW,Vaishali Nagar
2026-09-22 11:00:00,Z05,26.856,75.764,417,44.2,LOW,Mansarovar
2026-09-22 11:00:00,Z06,26.9,75.825,353,42.8,LOW,Raja Park
2026-09-22 11:00:00,Z07,26.831,75.841,371,43.3,LOW,Jagatpura
2026-09-22 11:00:00,Z08,26.951,75.746,412,44.1,LOW,Jhotwara
2026-09-22 11:00:00,Z09,26.9,75.758,273,40.0,LOW,Sodala
2026-09-22 11:00:00,Z10,26.926,75.8,418,40.6,LOW,Bani Park
2026-09-22 11:30:00,Z01,26.9124,75.7873,377,38.8,LOW,Tonk Road
2026-09-22 11:30:00,Z02,26.85,75.804,431,42.7,LOW,Malviya Nagar
2026-09-22 11:30:00,Z03,26.912,75.798,255,42.4,LOW,C-Scheme
2026-09-22 11:30:00,Z04,26.912,75.739,267,40.1,LOW,Vaishali Nagar
2026-09-22 11:30:00,Z05,26.856,75.764,337,40.9,LOW,Mansarovar
2026-09-22 11:30:00,Z06,26.9,75.825,452,39.7,LOW,Raja Park
2026-09-22 11:30:00,Z07,26.831,75.841,444,39.3,LOW,Jagatpura
2026-09-22 11:30:00,Z08,26.951,75.746,412,44.4,LOW,Jhotwara
2026-09-22 11:30:00,Z09,26.9,75.758,373,40.6,LOW,Sodala
2026-09-22 11:30:00,Z10,26.926,75.8,413,39.4,LOW,Bani Park
2026-09-22 12:00:00,Z01,26.9124,75.7873,321,41.9,LOW,Tonk Road
2026-09-22 12:00:00,Z02,26.85,75.804,176,39.6,LOW,Malviya Nagar
2026-09-22 12:00:00,Z03,26.912,75.798,427,39.9,LOW,C-Scheme
2026-09-22 12:00:00,Z04,26.912,75.739,338,41.2,LOW,Vaishali Nagar
2026-09-22 12:00:00,Z05,26.856,75.764,476,43.3,LOW,Mansarovar
2026-09-22 12:00:00,Z06,26.9,75.825,281,44.7,LOW,Raja Park
2026-09-22 12:00:00,Z07,26.831,75.841,515,38.1,LOW,Jagatpura
2026-09-22 12:00:00,Z08,26.951,75.746,363,46.5,LOW,Jhotwara
2026-09-22 12:00:00,Z09,26.9,75.758,417,39.5,LOW,Sodala
2026-09-22 12:00:00,Z10,26.926,75.8,342,41.8,LOW,Bani Park
2026-09-22 12:30:00,Z01,26.9124,75.7873,373,43.8,LOW,Tonk Road
2026-09-22 12:30:00,Z02,26.85,75.804,327,39.6,LOW,Malviya Nagar
2026-09-22 12:30:00,Z03,26.912,75.798,385,43.3,LOW,C-Scheme
2026-09-22 12:30:00,Z04,26.912,75.739,415,42.5,LOW,Vaishali Nagar
2026-09-22 12:30:00,Z05,26.856,75.764,362,41.3,LOW,Mansarovar
2026-09-22 12:30:00,Z06,26.9,75.825,318,35.2,LOW,Raja Park
2026-09-22 12:30:00,Z07,26.831,75.841,322,43.5,LOW,Jagatpura
2026-09-22 12:30:00,Z08,26.951,75.746,277,41.1,LOW,Jhotwara
2026-09-22 12:30:00,Z09,26.9,75.758,388,44.0,LOW,Sodala
2026-09-22 12:30:00,Z10,26.926,75.8,229,43.7,LOW,Bani Park
2026-09-22 13:00:00,Z01,26.9124,75.7873,330,41.7,LOW,Tonk Road
2026-09-22 13:00:00,Z02,26.85,75.804,306,41.4,LOW,Malviya Nagar
2026-09-22 13:00:00,Z03,26.912,75.798,409,41.3,LOW,C-Scheme
2026-09-22 13:00:00,Z04,26.912,75.739,474,38.2,LOW,Vaishali Nagar
2026-09-22 13:00:00,Z05,26.856,75.764,347,43.0,LOW,Mansarovar
2026-09-22 13:00:00,Z06,26.9,75.825,248,43.8,LOW,Raja Park
2026-09-22 13:00:00,Z07,26.831,75.841,341,40.7,LOW,Jagatpura
2026-09-22 13:00:00,Z08,26.951,75.746,346,44.7,LOW,Jhotwara
2026-09-22 13:00:00,Z09,26.9,75.758,308,42.9,LOW,Sodala
2026-09-22 13:00:00,Z10,26.926,75.8,467,43.0,LOW,Bani Park
2026-09-22 13:30:00,Z01,26.9124,75.7873,344,44.0,LOW,Tonk Road
2026-09-22 13:30:00,Z02,26.85,75.804,390,43.4,LOW,Malviya Nagar
2026-09-22 13:30:00,Z03,26.912,75.798,427,43.0,LOW,C-Scheme
2026-09-22 13:30:00,Z04,26.912,75.739,341,44.2,LOW,Vaishali Nagar
2026-09-22 13:30:00,Z05,26.856,75.764,323,43.3,LOW,Mansarovar
2026-09-22 13:30:00,Z06,26.9,75.825,331,40.2,LOW,Raja Park
2026-09-22 13:30:00,Z07,26.831,75.841,233,41.8,LOW,Jagatpura
2026-09-22 13:30:00,Z08,26.951,75.746,156,43.7,LOW,Jhotwara
2026-09-22 13:30:00,Z09,26.9,75.758,455,47.4,LOW,Sodala
2026-09-22 13:30:00,Z10,26.926,75.8,350,41.5,LOW,Bani Park
2026-09-22 14:00:00,Z01,26.9124,75.7873,308,42.6,LOW,Tonk Road
2026-09-22 14:00:00,Z02,26.85,75.804,339,42.4,LOW,Malviya Nagar
2026-09-22 14:00:00,Z03,26.912,75.798,362,41.8,LOW,C-Scheme
2026-09-22 14:00:00,Z04,26.912,75.739,352,39.4,LOW,Vaishali Nagar
2026-09-22 14:00:00,Z05,26.856,75.764,359,42.3,LOW,Mansarovar
2026-09-22 14:00:00,Z06,26.9,75.825,429,41.6,LOW,Raja Park
2026-09-22 14:00:00,Z07,26.831,75.841,365,41.3,LOW,Jagatpura
2026-09-22 14:00:00,Z08,26.951,75.746,344,44.6,LOW,Jhotwara
2026-09-22 14:00:00,Z09,26.9,75.758,343,42.4,LOW,Sodala
2026-09-22 14:00:00,Z10,26.926,75.8,331,44.5,LOW,Bani Park
2026-09-22 14:30:00,Z01,26.9124,75.7873,342,44.6,LOW,Tonk Road
2026-09-22 14:30:00,Z02,26.85,75.804,397,40.3,LOW,Malviya Nagar
2026-09-22 14:30:00,Z03,26.912,75.798,393,41.4,LOW,C-Scheme
2026-09-22 14:30:00,Z04,26.912,75.739,350,36.5,LOW,Vaishali Nagar
2026-09-22 14:30:00,Z05,26.856,75.764,275,41.1,LOW,Mansarovar
2026-09-22 14:30:00,Z06,26.9,75.825,309,40.9,LOW,Raja Park
2026-09-22 14:30:00,Z07,26.831,75.841,254,41.9,LOW,Jagatpura
2026-09-22 14:30:00,Z08,26.951,75.746,445,42.6,LOW,Jhotwara
2026-09-22 14:30:00,Z09,26.9,75.758,406,42.6,LOW,Sodala
2026-09-22 14:30:00,Z10,26.926,75.8,436,44.2,LOW,Bani Park
2026-09-22 15:00:00,Z01,26.9124,75.7873,315,45.7,LOW,Tonk Road
2026-09-22 15:00:00,Z02,26.85,75.804,404,40.6,LOW,Malviya Nagar
2026-09-22 15:00:00,Z03,26.912,75.798,404,43.4,LOW,C-Scheme
2026-09-22 15:00:00,Z04,26.912,75.739,350,45.8,LOW,Vaishali Nagar
2026-09-22 15:00:00,Z05,26.856,75.764,281,42.9,LOW,Mansarovar
2026-09-22 15:00:00,Z06,26.9,75.825,326,46.3,LOW,Raja Park
2026-09-22 15:00:00,Z07,26.831,75.841,325,41.4,LOW,Jagatpura
2026-09-22 15:00:00,Z08,26.951,75.746,298,40.7,LOW,Jhotwara
2026-09-22 15:00:00,Z09,26.9,75.758,254,41.0,LOW,Sodala
2026-09-22 15:00:00,Z10,26.926,75.8,486,40.4,LOW,Bani Park
2026-09-22 15:30:00,Z01,26.9124,75.7873,414,43.5,LOW,Tonk Road
2026-09-22 15:30:00,Z02,26.85,75.804,478,44.4,LOW,Malviya Nagar
2026-09-22 15:30:00,Z03,26.912,75.798,263,38.5,LOW,C-Scheme
2026-09-22 15:30:00,Z04,26.912,75.739,317,40.4,LOW,Vaishali Nagar
2026-09-22 15:30:00,Z05,26.856,75.764,318,41.4,LOW,Mansarovar
2026-09-22 15:30:00,Z06,26.9,75.825,352,42.4,LOW,Raja Park
2026-09-22 15:30:00,Z07,26.831,75.841,197,40.6,LOW,Jagatpura
2026-09-22 15:30:00,Z08,26.951,75.746,311,40.0,LOW,Jhotwara
2026-09-22 15:30:00,Z09,26.9,75.758,270,41.5,LOW,Sodala
2026-09-22 15:30:00,Z10,26.926,75.8,270,41.0,LOW,Bani Park
2026-09-22 16:00:00,Z01,26.9124,75.7873,274,41.7,LOW,Tonk Road
2026-09-22 16:00:00,Z02,26.85,75.804,258,40.3,LOW,Malviya Nagar
2026-09-22 16:00:00,Z03,26.912,75.798,289,41.7,LOW,C-Scheme
2026-09-22 16:00:00,Z04,26.912,75.739,378,43.8,LOW,Vaishali Nagar
2026-09-22 16:00:00,Z05,26.856,75.764,294,41.9,LOW,Mansarovar
2026-09-22 16:00:00,Z06,26.9,75.825,398,42.8,LOW,Raja Park
2026-09-22 16:00:00,Z07,26.831,75.841,462,42.3,LOW,Jagatpura
2026-09-22 16:00:00,Z08,26.951,75.746,413,42.9,LOW,Jhotwara
2026-09-22 16:00:00,Z09,26.9,75.758,397,42.3,LOW,Sodala
2026-09-22 16:00:00,Z10,26.926,75.8,317,40.4,LOW,Bani Park
2026-09-22 16:30:00,Z01,26.9124,75.7873,373,42.7,LOW,Tonk Road
2026-09-22 16:30:00,Z02,26.85,75.804,427,43.0,LOW,Malviya Nagar
2026-09-22 16:30:00,Z03,26.912,75.798,281,39.2,LOW,C-Scheme
2026-09-22 16:30:00,Z04,26.912,75.739,299,42.5,LOW,Vaishali Nagar
2026-09-22 16:30:00,Z05,26.856,75.764,386,48.8,LOW,Mansarovar
2026-09-22 16:30:00,Z06,26.9,75.825,313,41.8,LOW,Raja Park
2026-09-22 16:30:00,Z07,26.831,75.841,352,41.0,LOW,Jagatpura
2026-09-22 16:30:00,Z08,26.951,75.746,318,42.2,LOW,Jhotwara
2026-09-22 16:30:00,Z09,26.9,75.758,444,41.5,LOW,Sodala
2026-09-22 16:30:00,Z10,26.926,75.8,367,44.8,LOW,Bani Park
2026-09-22 17:00:00,Z01,26.9124,75.7873,687,31.3,MEDIUM,Tonk Road
2026-09-22 17:00:00,Z02,26.85,75.804,745,37.1,LOW,Malviya Nagar
2026-09-22 17:00:00,Z03,26.912,75.798,749,35.5,LOW,C-Scheme
2026-09-22 17:00:00,Z04,26.912,75.739,693,34.1,LOW,Vaishali Nagar
2026-09-22 17:00:00,Z05,26.856,75.764,670,32.6,LOW,Mansarovar
2026-09-22 17:00:00,Z06,26.9,75.825,608,36.7,LOW,Raja Park
2026-09-22 17:00:00,Z07,26.831,75.841,656,32.3,LOW,Jagatpura
2026-09-22 17:00:00,Z08,26.951,75.746,695,33.5,LOW,Jhotwara
2026-09-22 17:00:00,Z09,26.9,75.758,770,33.1,LOW,Sodala
2026-09-22 17:00:00,Z10,26.926,75.8,737,31.4,MEDIUM,Bani Park
2026-09-22 17:30:00,Z01,26.9124,75.7873,524,32.5,LOW,Tonk Road
2026-09-22 17:30:00,Z02,26.85,75.804,632,34.5,LOW,Malviya Nagar
2026-09-22 17:30:00,Z03,26.912,75.798,532,31.8,MEDIUM,C-Scheme
2026-09-22 17:30:00,Z04,26.912,75.739,718,34.0,LOW,Vaishali Nagar
2026-09-22 17:30:00,Z05,26.856,75.764,653,35.2,LOW,Mansarovar
2026-09-22 17:30:00,Z06,26.9,75.825,648,35.0,LOW,Raja Park
2026-09-22 17:30:00,Z07,26.831,75.841,550,31.1,MEDIUM,Jagatpura
2026-09-22 17:30:00,Z08,26.951,75.746,638,33.6,LOW,Jhotwara
2026-09-22 17:30:00,Z09,26.9,75.758,703,35.7,LOW,Sodala
2026-09-22 17:30:00,Z10,26.926,75.8,630,35.2,LOW,Bani Park
2026-09-22 18:00:00,Z01,26.9124,75.7873,678,31.2,MEDIUM,Tonk Road
2026-09-22 18:00:00,Z02,26.85,75.804,482,35.1,LOW,Malviya Nagar
2026-09-22 18:00:00,Z03,26.912,75.798,601,32.3,LOW,C-Scheme
2026-09-22 18:00:00,Z04,26.912,75.739,593,34.2,LOW,Vaishali Nagar
2026-09-22 18:00:00,Z05,26.856,75.764,635,33.9,LOW,Mansarovar
2026-09-22 18:00:00,Z06,26.9,75.825,599,33.7,LOW,Raja Park
2026-09-22 18:00:00,Z07,26.831,75.841,574,32.7,LOW,Jagatpura
2026-09-22 18:00:00,Z08,26.951,75.746,689,34.8,LOW,Jhotwara
2026-09-22 18:00:00,Z09,26.9,75.758,756,32.5,LOW,Sodala
2026-09-22 18:00:00,Z10,26.926,75.8,757,33.4,LOW,Bani Park
2026-09-22 18:30:00,Z01,26.9124,75.7873,508,32.7,LOW,Tonk Road
2026-09-22 18:30:00,Z02,26.85,75.804,667,34.8,LOW,Malviya Nagar
2026-09-22 18:30:00,Z03,26.912,75.798,605,34.1,LOW,C-Scheme
2026-09-22 18:30:00,Z04,26.912,75.739,614,33.9,LOW,Vaishali Nagar
2026-09-22 18:30:00,Z05,26.856,75.764,708,33.4,LOW,Mansarovar
2026-09-22 18:30:00,Z06,26.9,75.825,692,34.4,LOW,Raja Park
2026-09-22 18:30:00,Z07,26.831,75.841,626,33.5,LOW,Jagatpura
2026-09-22 18:30:00,Z08,26.951,75.746,624,31.7,MEDIUM,Jhotwara
2026-09-22 18:30:00,Z09,26.9,75.758,608,27.4,MEDIUM,Sodala
2026-09-22 18:30:00,Z10,26.926,75.8,689,33.8,LOW,Bani Park
2026-09-22 19:00:00,Z01,26.9124,75.7873,674,33.5,LOW,Tonk Road
2026-09-22 19:00:00,Z02,26.85,75.804,646,29.6,MEDIUM,Malviya Nagar
2026-09-22 19:00:00,Z03,26.912,75.798,565,30.6,MEDIUM,C-Scheme
2026-09-22 19:00:00,Z04,26.912,75.739,739,33.6,LOW,Vaishali Nagar
2026-09-22 19:00:00,Z05,26.856,75.764,651,34.7,LOW,Mansarovar
2026-09-22 19:00:00,Z06,26.9,75.825,600,34.0,LOW,Raja Park
2026-09-22 19:00:00,Z07,26.831,75.841,679,32.9,LOW,Jagatpura
2026-09-22 19:00:00,Z08,26.951,75.746,691,31.2,MEDIUM,Jhotwara
2026-09-22 19:00:00,Z09,26.9,75.758,707,33.2,LOW,Sodala
2026-09-22 19:00:00,Z10,26.926,75.8,532,35.9,LOW,Bani Park
2026-09-22 19:30:00,Z01,26.9124,75.7873,590,32.8,LOW,Tonk Road
2026-09-22 19:30:00,Z02,26.85,75.804,577,30.4,MEDIUM,Malviya Nagar
2026-09-22 19:30:00,Z03,26.912,75.798,692,38.9,LOW,C-Scheme
2026-09-22 19:30:00,Z04,26.912,75.739,708,37.8,LOW,Vaishali Nagar
2026-09-22 19:30:00,Z05,26.856,75.764,623,32.5,LOW,Mansarovar
2026-09-22 19:30:00,Z06,26.9,75.825,680,35.2,LOW,Raja Park
2026-09-22 19:30:00,Z07,26.831,75.841,544,32.8,LOW,Jagatpura
2026-09-22 19:30:00,Z08,26.951,75.746,640,40.6,LOW,Jhotwara
2026-09-22 19:30:00,Z09,26.9,75.758,657,33.3,LOW,Sodala
2026-09-22 19:30:00,Z10,26.926,75.8,658,33.5,LOW,Bani Park
2026-09-22 20:00:00,Z01,26.9124,75.7873,641,36.6,LOW,Tonk Road
2026-09-22 20:00:00,Z02,26.85,75.804,638,31.7,MEDIUM,Malviya Nagar
2026-09-22 20:00:00,Z03,26.912,75.798,749,33.1,LOW,C-Scheme
2026-09-22 20:00:00,Z04,26.912,75.739,657,36.3,LOW,Vaishali Nagar
2026-09-22 20:00:00,Z05,26.856,75.764,564,31.4,MEDIUM,Mansarovar
2026-09-22 20:00:00,Z06,26.9,75.825,673,34.0,LOW,Raja Park
2026-09-22 20:00:00,Z07,26.831,75.841,616,33.3,LOW,Jagatpura
2026-09-22 20:00:00,Z08,26.951,75.746,648,32.8,LOW,Jhotwara
2026-09-22 20:00:00,Z09,26.9,75.758,572,29.2,MEDIUM,Sodala
2026-09-22 20:00:00,Z10,26.926,75.8,734,32.7,LOW,Bani Park
2026-09-22 20:30:00,Z01,26.9124,75.7873,662,32.4,LOW,Tonk Road
2026-09-22 20:30:00,Z02,26.85,75.804,740,34.5,LOW,Malviya Nagar
2026-09-22 20:30:00,Z03,26.912,75.798,645,36.5,LOW,C-Scheme
2026-09-22 20:30:00,Z04,26.912,75.739,603,33.0,LOW,Vaishali Nagar
2026-09-22 20:30:00,Z05,26.856,75.764,619,33.5,LOW,Mansarovar
2026-09-22 20:30:00,Z06,26.9,75.825,679,35.1,LOW,Raja Park
2026-09-22 20:30:00,Z07,26.831,75.841,738,35.2,LOW,Jagatpura
2026-09-22 20:30:00,Z08,26.951,75.746,658,37.7,LOW,Jhotwara
2026-09-22 20:30:00,Z09,26.9,75.758,625,36.2,LOW,Sodala
2026-09-22 20:30:00,Z10,26.926,75.8,724,36.4,LOW,Bani Park
2026-09-22 21:00:00,Z01,26.9124,75.7873,356,44.0,LOW,Tonk Road
2026-09-22 21:00:00,Z02,26.85,75.804,252,40.7,LOW,Malviya Nagar
2026-09-22 21:00:00,Z03,26.912,75.798,457,41.9,LOW,C-Scheme
2026-09-22 21:00:00,Z04,26.912,75.739,404,41.4,LOW,Vaishali Nagar
2026-09-22 21:00:00,Z05,26.856,75.764,330,43.7,LOW,Mansarovar
2026-09-22 21:00:00,Z06,26.9,75.825,146,44.6,LOW,Raja Park
2026-09-22 21:00:00,Z07,26.831,75.841,285,39.6,LOW,Jagatpura
2026-09-22 21:00:00,Z08,26.951,75.746,373,40.4,LOW,Jhotwara
2026-09-22 21:00:00,Z09,26.9,75.758,377,42.6,LOW,Sodala
2026-09-22 21:00:00,Z10,26.926,75.8,283,43.2,LOW,Bani Park
2026-09-22 21:30:00,Z01,26.9124,75.7873,377,39.6,LOW,Tonk Road
2026-09-22 21:30:00,Z02,26.85,75.804,240,40.7,LOW,Malviya Nagar
2026-09-22 21:30:00,Z03,26.912,75.798,447,43.9,LOW,C-Scheme
2026-09-22 21:30:00,Z04,26.912,75.739,363,45.1,LOW,Vaishali Nagar
2026-09-22 21:30:00,Z05,26.856,75.764,445,43.3,LOW,Mansarovar
2026-09-22 21:30:00,Z06,26.9,75.825,427,40.7,LOW,Raja Park
2026-09-22 21:30:00,Z07,26.831,75.841,413,42.6,LOW,Jagatpura
2026-09-22 21:30:00,Z08,26.951,75.746,440,42.4,LOW,Jhotwara
2026-09-22 21:30:00,Z09,26.9,75.758,246,42.4,LOW,Sodala
2026-09-22 21:30:00,Z10,26.926,75.8,283,44.9,LOW,Bani Park
2026-09-22 22:00:00,Z01,26.9124,75.7873,343,44.5,LOW,Tonk Road
2026-09-22 22:00:00,Z02,26.85,75.804,429,44.4,LOW,Malviya Nagar
2026-09-22 22:00:00,Z03,26.912,75.798,385,42.9,LOW,C-Scheme
2026-09-22 22:00:00,Z04,26.912,75.739,209,42.8,LOW,Vaishali Nagar
2026-09-22 22:00:00,Z05,26.856,75.764,271,42.2,LOW,Mansarovar
2026-09-22 22:00:00,Z06,26.9,75.825,269,42.3,LOW,Raja Park
2026-09-22 22:00:00,Z07,26.831,75.841,462,39.6,LOW,Jagatpura
2026-09-22 22:00:00,Z08,26.951,75.746,349,44.1,LOW,Jhotwara
2026-09-22 22:00:00,Z09,26.9,75.758,332,42.4,LOW,Sodala
2026-09-22 22:00:00,Z10,26.926,75.8,302,43.1,LOW,Bani Park
2026-09-22 22:30:00,Z01,26.9124,75.7873,332,44.0,LOW,Tonk Road
2026-09-22 22:30:00,Z02,26.85,75.804,351,41.2,LOW,Malviya Nagar
2026-09-22 22:30:00,Z03,26.912,75.798,373,40.8,LOW,C-Scheme
2026-09-22 22:30:00,Z04,26.912,75.739,382,40.9,LOW,Vaishali Nagar
2026-09-22 22:30:00,Z05,26.856,75.764,299,44.4,LOW,Mansarovar
2026-09-22 22:30:00,Z06,26.9,75.825,382,41.7,LOW,Raja Park
2026-09-22 22:30:00,Z07,26.831,75.841,382,41.1,LOW,Jagatpura
2026-09-22 22:30:00,Z08,26.951,75.746,425,43.1,LOW,Jhotwara
2026-09-22 22:30:00,Z09,26.9,75.758,284,40.8,LOW,Sodala
2026-09-22 22:30:00,Z10,26.926,75.8,282,41.4,LOW,Bani Park
2026-09-22 23:00:00,Z01,26.9124,75.7873,268,43.1,LOW,Tonk Road
2026-09-22 23:00:00,Z02,26.85,75.804,440,46.7,LOW,Malviya Nagar
2026-09-22 23:00:00,Z03,26.912,75.798,410,42.0,LOW,C-Scheme
2026-09-22 23:00:00,Z04,26.912,75.739,526,38.7,LOW,Vaishali Nagar
2026-09-22 23:00:00,Z05,26.856,75.764,341,40.8,LOW,Mansarovar
2026-09-22 23:00:00,Z06,26.9,75.825,384,38.3,LOW,Raja Park
2026-09-22 23:00:00,Z07,26.831,75.841,357,39.8,LOW,Jagatpura
2026-09-22 23:00:00,Z08,26.951,75.746,274,40.9,LOW,Jhotwara
2026-09-22 23:00:00,Z09,26.9,75.758,365,40.4,LOW,Sodala
2026-09-22 23:00:00,Z10,26.926,75.8,297,39.4,LOW,Bani Park
2026-09-22 23:30:00,Z01,26.9124,75.7873,532,43.3,LOW,Tonk Road
2026-09-22 23:30:00,Z02,26.85,75.804,285,43.0,LOW,Malviya Nagar
2026-09-22 23:30:00,Z03,26.912,75.798,352,41.3,LOW,C-Scheme
2026-09-22 23:30:00,Z04,26.912,75.739,413,41.3,LOW,Vaishali Nagar
2026-09-22 23:30:00,Z05,26.856,75.764,413,42.4,LOW,Mansarovar
2026-09-22 23:30:00,Z06,26.9,75.825,442,41.4,LOW,Raja Park
2026-09-22 23:30:00,Z07,26.831,75.841,282,41.7,LOW,Jagatpura
2026-09-22 23:30:00,Z08,26.951,75.746,222,46.4,LOW,Jhotwara
2026-09-22 23:30:00,Z09,26.9,75.758,306,40.5,LOW,Sodala
2026-09-22 23:30:00,Z10,26.926,75.8,476,47.0,LOW,Bani Park
2026-09-23 00:00:00,Z01,26.9124,75.7873,326,45.0,LOW,Tonk Road
2026-09-23 00:00:00,Z02,26.85,75.804,375,46.9,LOW,Malviya Nagar
2026-09-23 00:00:00,Z03,26.912,75.798,362,44.0,LOW,C-Scheme
2026-09-23 00:00:00,Z04,26.912,75.739,332,41.9,LOW,Vaishali Nagar
2026-09-23 00:00:00,Z05,26.856,75.764,392,41.6,LOW,Mansarovar
2026-09-23 00:00:00,Z06,26.9,75.825,347,42.7,LOW,Raja Park
2026-09-23 00:00:00,Z07,26.831,75.841,142,45.0,LOW,Jagatpura
2026-09-23 00:00:00,Z08,26.951,75.746,400,43.0,LOW,Jhotwara
2026-09-23 00:00:00,Z09,26.9,75.758,345,44.3,LOW,Sodala
2026-09-23 00:00:00,Z10,26.926,75.8,419,42.4,LOW,Bani Park
2026-09-23 00:30:00,Z01,26.9124,75.7873,328,45.0,LOW,Tonk Road
2026-09-23 00:30:00,Z02,26.85,75.804,467,42.5,LOW,Malviya Nagar
2026-09-23 00:30:00,Z03,26.912,75.798,301,37.8,LOW,C-Scheme
2026-09-23 00:30:00,Z04,26.912,75.739,426,44.9,LOW,Vaishali Nagar
2026-09-23 00:30:00,Z05,26.856,75.764,318,43.0,LOW,Mansarovar
2026-09-23 00:30:00,Z06,26.9,75.825,308,40.2,LOW,Raja Park
2026-09-23 00:30:00,Z07,26.831,75.841,306,45.1,LOW,Jagatpura
2026-09-23 00:30:00,Z08,26.951,75.746,297,42.2,LOW,Jhotwara
2026-09-23 00:30:00,Z09,26.9,75.758,312,43.7,LOW,Sodala
2026-09-23 00:30:00,Z10,26.926,75.8,232,41.8,LOW,Bani Park
2026-09-23 01:00:00,Z01,26.9124,75.7873,350,38.8,LOW,Tonk Road
2026-09-23 01:00:00,Z02,26.85,75.804,497,39.3,LOW,Malviya Nagar
2026-09-23 01:00:00,Z03,26.912,75.798,293,37.9,LOW,C-Scheme
2026-09-23 01:00:00,Z04,26.912,75.739,324,42.0,LOW,Vaishali Nagar
2026-09-23 01:00:00,Z05,26.856,75.764,282,39.8,LOW,Mansarovar
2026-09-23 01:00:00,Z06,26.9,75.825,329,40.0,LOW,Raja Park
2026-09-23 01:00:00,Z07,26.831,75.841,355,45.9,LOW,Jagatpura
2026-09-23 01:00:00,Z08,26.951,75.746,385,44.4,LOW,Jhotwara
2026-09-23 01:00:00,Z09,26.9,75.758,154,44.2,LOW,Sodala
2026-09-23 01:00:00,Z10,26.926,75.8,441,41.4,LOW,Bani Park
2026-09-23 01:30:00,Z01,26.9124,75.7873,473,40.9,LOW,Tonk Road
2026-09-23 01:30:00,Z02,26.85,75.804,317,45.0,LOW,Malviya Nagar
2026-09-23 01:30:00,Z03,26.912,75.798,279,41.0,LOW,C-Scheme
2026-09-23 01:30:00,Z04,26.912,75.739,263,40.7,LOW,Vaishali Nagar
2026-09-23 01:30:00,Z05,26.856,75.764,248,42.9,LOW,Mansarovar
2026-09-23 01:30:00,Z06,26.9,75.825,393,43.2,LOW,Raja Park
2026-09-23 01:30:00,Z07,26.831,75.841,458,38.7,LOW,Jagatpura
2026-09-23 01:30:00,Z08,26.951,75.746,402,43.0,LOW,Jhotwara
2026-09-23 01:30:00,Z09,26.9,75.758,393,40.5,LOW,Sodala
2026-09-23 01:30:00,Z10,26.926,75.8,343,44.3,LOW,Bani Park
2026-09-23 02:00:00,Z01,26.9124,75.7873,353,46.0,LOW,Tonk Road
2026-09-23 02:00:00,Z02,26.85,75.804,370,44.3,LOW,Malviya Nagar
2026-09-23 02:00:00,Z03,26.912,75.798,233,43.2,LOW,C-Scheme
2026-09-23 02:00:00,Z04,26.912,75.739,298,42.7,LOW,Vaishali Nagar
2026-09-23 02:00:00,Z05,26.856,75.764,472,40.3,LOW,Mansarovar
2026-09-23 02:00:00,Z06,26.9,75.825,279,41.6,LOW,Raja Park
2026-09-23 02:00:00,Z07,26.831,75.841,258,41.3,LOW,Jagatpura
2026-09-23 02:00:00,Z08,26.951,75.746,301,44.9,LOW,Jhotwara
2026-09-23 02:00:00,Z09,26.9,75.758,444,43.1,LOW,Sodala
2026-09-23 02:00:00,Z10,26.926,75.8,387,41.0,LOW,Bani Park
2026-09-23 02:30:00,Z01,26.9124,75.7873,521,39.9,LOW,Tonk Road
2026-09-23 02:30:00,Z02,26.85,75.804,336,43.9,LOW,Malviya Nagar
2026-09-23 02:30:00,Z03,26.912,75.798,342,40.5,LOW,C-Scheme
2026-09-23 02:30:00,Z04,26.912,75.739,486,41.3,LOW,Vaishali Nagar
2026-09-23 02:30:00,Z05,26.856,75.764,359,39.5,LOW,Mansarovar
2026-09-23 02:30:00,Z06,26.9,75.825,341,42.0,LOW,Raja Park
2026-09-23 02:30:00,Z07,26.831,75.841,341,41.8,LOW,Jagatpura
2026-09-23 02:30:00,Z08,26.951,75.746,392,43.7,LOW,Jhotwara
2026-09-23 02:30:00,Z09,26.9,75.758,137,42.8,LOW,Sodala
2026-09-23 02:30:00,Z10,26.926,75.8,234,42.6,LOW,Bani Park
2026-09-23 03:00:00,Z01,26.9124,75.7873,453,43.3,LOW,Tonk Road
2026-09-23 03:00:00,Z02,26.85,75.804,331,40.1,LOW,Malviya Nagar
2026-09-23 03:00:00,Z03,26.912,75.798,436,40.8,LOW,C-Scheme
2026-09-23 03:00:00,Z04,26.912,75.739,470,42.2,LOW,Vaishali Nagar
2026-09-23 03:00:00,Z05,26.856,75.764,366,42.8,LOW,Mansarovar
2026-09-23 03:00:00,Z06,26.9,75.825,407,42.1,LOW,Raja Park
2026-09-23 03:00:00,Z07,26.831,75.841,355,38.5,LOW,Jagatpura
2026-09-23 03:00:00,Z08,26.951,75.746,400,41.9,LOW,Jhotwara
2026-09-23 03:00:00,Z09,26.9,75.758,277,41.6,LOW,Sodala
2026-09-23 03:00:00,Z10,26.926,75.8,274,42.0,LOW,Bani Park
2026-09-23 03:30:00,Z01,26.9124,75.7873,400,38.1,LOW,Tonk Road
2026-09-23 03:30:00,Z02,26.85,75.804,382,43.2,LOW,Malviya Nagar
2026-09-23 03:30:00,Z03,26.912,75.798,303,44.6,LOW,C-Scheme
2026-09-23 03:30:00,Z04,26.912,75.739,345,39.1,LOW,Vaishali Nagar
2026-09-23 03:30:00,Z05,26.856,75.764,291,41.3,LOW,Mansarovar
2026-09-23 03:30:00,Z06,26.9,75.825,307,41.8,LOW,Raja Park
2026-09-23 03:30:00,Z07,26.831,75.841,319,38.3,LOW,Jagatpura
2026-09-23 03:30:00,Z08,26.951,75.746,366,39.7,LOW,Jhotwara
2026-09-23 03:30:00,Z09,26.9,75.758,427,40.7,LOW,Sodala
2026-09-23 03:30:00,Z10,26.926,75.8,397,45.2,LOW,Bani Park
2026-09-23 04:00:00,Z01,26.9124,75.7873,455,38.9,LOW,Tonk Road
2026-09-23 04:00:00,Z02,26.85,75.804,351,45.2,LOW,Malviya Nagar
2026-09-23 04:00:00,Z03,26.912,75.798,311,44.6,LOW,C-Scheme
2026-09-23 04:00:00,Z04,26.912,75.739,296,38.3,LOW,Vaishali Nagar
2026-09-23 04:00:00,Z05,26.856,75.764,245,45.5,LOW,Mansarovar
2026-09-23 04:00:00,Z06,26.9,75.825,352,42.0,LOW,Raja Park
2026-09-23 04:00:00,Z07,26.831,75.841,318,41.0,LOW,Jagatpura
2026-09-23 04:00:00,Z08,26.951,75.746,310,42.1,LOW,Jhotwara
2026-09-23 04:00:00,Z09,26.9,75.758,365,39.2,LOW,Sodala
2026-09-23 04:00:00,Z10,26.926,75.8,410,44.1,LOW,Bani Park
2026-09-23 04:30:00,Z01,26.9124,75.7873,262,40.4,LOW,Tonk Road
2026-09-23 04:30:00,Z02,26.85,75.804,459,41.4,LOW,Malviya Nagar
2026-09-23 04:30:00,Z03,26.912,75.798,399,43.3,LOW,C-Scheme
2026-09-23 04:30:00,Z04,26.912,75.739,379,43.8,LOW,Vaishali Nagar
2026-09-23 04:30:00,Z05,26.856,75.764,396,42.2,LOW,Mansarovar
2026-09-23 04:30:00,Z06,26.9,75.825,250,40.9,LOW,Raja Park
2026-09-23 04:30:00,Z07,26.831,75.841,436,43.4,LOW,Jagatpura
2026-09-23 04:30:00,Z08,26.951,75.746,407,39.8,LOW,Jhotwara
2026-09-23 04:30:00,Z09,26.9,75.758,349,45.4,LOW,Sodala
2026-09-23 04:30:00,Z10,26.926,75.8,358,40.4,LOW,Bani Park
2026-09-23 05:00:00,Z01,26.9124,75.7873,306,40.9,LOW,Tonk Road
2026-09-23 05:00:00,Z02,26.85,75.804,237,42.9,LOW,Malviya Nagar
2026-09-23 05:00:00,Z03,26.912,75.798,351,39.1,LOW,C-Scheme
2026-09-23 05:00:00,Z04,26.912,75.739,374,42.0,LOW,Vaishali Nagar
2026-09-23 05:00:00,Z05,26.856,75.764,357,45.8,LOW,Mansarovar
2026-09-23 05:00:00,Z06,26.9,75.825,281,43.2,LOW,Raja Park
2026-09-23 05:00:00,Z07,26.831,75.841,313,43.5,LOW,Jagatpura
2026-09-23 05:00:00,Z08,26.951,75.746,342,42.1,LOW,Jhotwara
2026-09-23 05:00:00,Z09,26.9,75.758,258,44.1,LOW,Sodala
2026-09-23 05:00:00,Z10,26.926,75.8,335,37.4,LOW,Bani Park
2026-09-23 05:30:00,Z01,26.9124,75.7873,360,42.9,LOW,Tonk Road
2026-09-23 05:30:00,Z02,26.85,75.804,380,44.5,LOW,Malviya Nagar
2026-09-23 05:30:00,Z03,26.912,75.798,187,40.9,LOW,C-Scheme
2026-09-23 05:30:00,Z04,26.912,75.739,421,41.5,LOW,Vaishali Nagar
2026-09-23 05:30:00,Z05,26.856,75.764,351,41.2,LOW,Mansarovar
2026-09-23 05:30:00,Z06,26.9,75.825,278,42.8,LOW,Raja Park
2026-09-23 05:30:00,Z07,26.831,75.841,464,43.2,LOW,Jagatpura
2026-09-23 05:30:00,Z08,26.951,75.746,270,41.7,LOW,Jhotwara
2026-09-23 05:30:00,Z09,26.9,75.758,194,41.9,LOW,Sodala
2026-09-23 05:30:00,Z10,26.926,75.8,381,42.7,LOW,Bani Park
2026-09-23 06:00:00,Z01,26.9124,75.7873,336,45.4,LOW,Tonk Road
2026-09-23 06:00:00,Z02,26.85,75.804,289,42.8,LOW,Malviya Nagar
2026-09-23 06:00:00,Z03,26.912,75.798,243,41.3,LOW,C-Scheme
2026-09-23 06:00:00,Z04,26.912,75.739,328,41.6,LOW,Vaishali Nagar
2026-09-23 06:00:00,Z05,26.856,75.764,306,42.6,LOW,Mansarovar
2026-09-23 06:00:00,Z06,26.9,75.825,326,42.2,LOW,Raja Park
2026-09-23 06:00:00,Z07,26.831,75.841,355,41.3,LOW,Jagatpura
2026-09-23 06:00:00,Z08,26.951,75.746,403,42.1,LOW,Jhotwara
2026-09-23 06:00:00,Z09,26.9,75.758,325,41.8,LOW,Sodala
2026-09-23 06:00:00,Z10,26.926,75.8,299,41.6,LOW,Bani Park
2026-09-23 06:30:00,Z01,26.9124,75.7873,492,41.3,LOW,Tonk Road
2026-09-23 06:30:00,Z02,26.85,75.804,330,40.2,LOW,Malviya Nagar
2026-09-23 06:30:00,Z03,26.912,75.798,332,41.2,LOW,C-Scheme
2026-09-23 06:30:00,Z04,26.912,75.739,369,41.3,LOW,Vaishali Nagar
2026-09-23 06:30:00,Z05,26.856,75.764,422,38.6,LOW,Mansarovar
2026-09-23 06:30:00,Z06,26.9,75.825,262,43.3,LOW,Raja Park
2026-09-23 06:30:00,Z07,26.831,75.841,281,37.5,LOW,Jagatpura
2026-09-23 06:30:00,Z08,26.951,75.746,530,41.5,LOW,Jhotwara
2026-09-23 06:30:00,Z09,26.9,75.758,223,43.1,LOW,Sodala
2026-09-23 06:30:00,Z10,26.926,75.8,346,40.6,LOW,Bani Park
2026-09-23 07:00:00,Z01,26.9124,75.7873,557,34.5,LOW,Tonk Road
2026-09-23 07:00:00,Z02,26.85,75.804,599,33.7,LOW,Malviya Nagar
2026-09-23 07:00:00,Z03,26.912,75.798,668,31.8,MEDIUM,C-Scheme
2026-09-23 07:00:00,Z04,26.912,75.739,708,35.5,LOW,Vaishali Nagar
2026-09-23 07:00:00,Z05,26.856,75.764,615,35.1,LOW,Mansarovar
2026-09-23 07:00:00,Z06,26.9,75.825,671,35.4,LOW,Raja Park
2026-09-23 07:00:00,Z07,26.831,75.841,607,34.3,LOW,Jagatpura
2026-09-23 07:00:00,Z08,26.951,75.746,655,33.0,LOW,Jhotwara
2026-09-23 07:00:00,Z09,26.9,75.758,671,38.9,LOW,Sodala
2026-09-23 07:00:00,Z10,26.926,75.8,591,32.8,LOW,Bani Park
2026-09-23 07:30:00,Z01,26.9124,75.7873,802,33.0,LOW,Tonk Road
2026-09-23 07:30:00,Z02,26.85,75.804,713,33.2,LOW,Malviya Nagar
2026-09-23 07:30:00,Z03,26.912,75.798,668,33.2,LOW,C-Scheme
2026-09-23 07:30:00,Z04,26.912,75.739,609,35.6,LOW,Vaishali Nagar
2026-09-23 07:30:00,Z05,26.856,75.764,766,32.7,LOW,Mansarovar
2026-09-23 07:30:00,Z06,26.9,75.825,705,36.0,LOW,Raja Park
2026-09-23 07:30:00,Z07,26.831,75.841,682,35.6,LOW,Jagatpura
2026-09-23 07:30:00,Z08,26.951,75.746,653,38.0,LOW,Jhotwara
2026-09-23 07:30:00,Z09,26.9,75.758,548,35.2,LOW,Sodala
2026-09-23 07:30:00,Z10,26.926,75.8,565,32.4,LOW,Bani Park
2026-09-23 08:00:00,Z01,26.9124,75.7873,471,36.5,LOW,Tonk Road
2026-09-23 08:00:00,Z02,26.85,75.804,440,33.2,LOW,Malviya Nagar
2026-09-23 08:00:00,Z03,26.912,75.798,615,32.3,LOW,C-Scheme
2026-09-23 08:00:00,Z04,26.912,75.739,677,36.8,LOW,Vaishali Nagar
2026-09-23 08:00:00,Z05,26.856,75.764,724,32.3,LOW,Mansarovar
2026-09-23 08:00:00,Z06,26.9,75.825,652,34.0,LOW,Raja Park
2026-09-23 08:00:00,Z07,26.831,75.841,580,31.6,MEDIUM,Jagatpura
2026-09-23 08:00:00,Z08,26.951,75.746,653,32.3,LOW,Jhotwara
2026-09-23 08:00:00,Z09,26.9,75.758,758,34.2,LOW,Sodala
2026-09-23 08:00:00,Z10,26.926,75.8,460,34.8,LOW,Bani Park
2026-09-23 08:30:00,Z01,26.9124,75.7873,548,34.5,LOW,Tonk Road
2026-09-23 08:30:00,Z02,26.85,75.804,593,32.1,LOW,Malviya Nagar
2026-09-23 08:30:00,Z03,26.912,75.798,553,32.7,LOW,C-Scheme
2026-09-23 08:30:00,Z04,26.912,75.739,551,34.4,LOW,Vaishali Nagar
2026-09-23 08:30:00,Z05,26.856,75.764,806,34.7,LOW,Mansarovar
2026-09-23 08:30:00,Z06,26.9,75.825,630,31.3,MEDIUM,Raja Park
2026-09-23 08:30:00,Z07,26.831,75.841,628,29.0,MEDIUM,Jagatpura
2026-09-23 08:30:00,Z08,26.951,75.746,700,35.3,LOW,Jhotwara
2026-09-23 08:30:00,Z09,26.9,75.758,712,34.2,LOW,Sodala
2026-09-23 08:30:00,Z10,26.926,75.8,769,39.1,LOW,Bani Park
2026-09-23 09:00:00,Z01,26.9124,75.7873,548,33.0,LOW,Tonk Road
2026-09-23 09:00:00,Z02,26.85,75.804,583,33.2,LOW,Malviya Nagar
2026-09-23 09:00:00,Z03,26.912,75.798,567,34.9,LOW,C-Scheme
2026-09-23 09:00:00,Z04,26.912,75.739,708,33.9,LOW,Vaishali Nagar
2026-09-23 09:00:00,Z05,26.856,75.764,583,33.8,LOW,Mansarovar
2026-09-23 09:00:00,Z06,26.9,75.825,518,36.3,LOW,Raja Park
2026-09-23 09:00:00,Z07,26.831,75.841,647,33.3,LOW,Jagatpura
2026-09-23 09:00:00,Z08,26.951,75.746,662,34.0,LOW,Jhotwara
2026-09-23 09:00:00,Z09,26.9,75.758,647,35.2,LOW,Sodala
2026-09-23 09:00:00,Z10,26.926,75.8,621,33.3,LOW,Bani Park
2026-09-23 09:30:00,Z01,26.9124,75.7873,705,32.8,LOW,Tonk Road
2026-09-23 09:30:00,Z02,26.85,75.804,709,32.7,LOW,Malviya Nagar
2026-09-23 09:30:00,Z03,26.912,75.798,613,34.0,LOW,C-Scheme
2026-09-23 09:30:00,Z04,26.912,75.739,599,35.2,LOW,Vaishali Nagar
2026-09-23 09:30:00,Z05,26.856,75.764,664,35.3,LOW,Mansarovar
2026-09-23 09:30:00,Z06,26.9,75.825,687,32.8,LOW,Raja Park
2026-09-23 09:30:00,Z07,26.831,75.841,731,35.1,LOW,Jagatpura
2026-09-23 09:30:00,Z08,26.951,75.746,684,35.9,LOW,Jhotwara
2026-09-23 09:30:00,Z09,26.9,75.758,821,31.7,MEDIUM,Sodala
2026-09-23 09:30:00,Z10,26.926,75.8,716,31.2,MEDIUM,Bani Park
2026-09-23 10:00:00,Z01,26.9124,75.7873,567,34.9,LOW,Tonk Road
2026-09-23 10:00:00,Z02,26.85,75.804,644,33.8,LOW,Malviya Nagar
2026-09-23 10:00:00,Z03,26.912,75.798,600,36.6,LOW,C-Scheme
2026-09-23 10:00:00,Z04,26.912,75.739,486,33.5,LOW,Vaishali Nagar
2026-09-23 10:00:00,Z05,26.856,75.764,575,37.5,LOW,Mansarovar
2026-09-23 10:00:00,Z06,26.9,75.825,642,34.7,LOW,Raja Park
2026-09-23 10:00:00,Z07,26.831,75.841,706,33.8,LOW,Jagatpura
2026-09-23 10:00:00,Z08,26.951,75.746,667,37.3,LOW,Jhotwara
2026-09-23 10:00:00,Z09,26.9,75.758,673,35.3,LOW,Sodala
2026-09-23 10:00:00,Z10,26.926,75.8,617,36.0,LOW,Bani Park
2026-09-23 10:30:00,Z01,26.9124,75.7873,727,36.2,LOW,Tonk Road
2026-09-23 10:30:00,Z02,26.85,75.804,603,36.2,LOW,Malviya Nagar
2026-09-23 10:30:00,Z03,26.912,75.798,666,33.7,LOW,C-Scheme
2026-09-23 10:30:00,Z04,26.912,75.739,761,31.3,MEDIUM,Vaishali Nagar
2026-09-23 10:30:00,Z05,26.856,75.764,669,34.0,LOW,Mansarovar
2026-09-23 10:30:00,Z06,26.9,75.825,557,32.8,LOW,Raja Park
2026-09-23 10:30:00,Z07,26.831,75.841,665,32.8,LOW,Jagatpura
2026-09-23 10:30:00,Z08,26.951,75.746,661,35.3,LOW,Jhotwara
2026-09-23 10:30:00,Z09,26.9,75.758,626,34.7,LOW,Sodala
2026-09-23 10:30:00,Z10,26.926,75.8,753,35.0,LOW,Bani Park
2026-09-23 11:00:00,Z01,26.9124,75.7873,406,43.4,LOW,Tonk Road
2026-09-23 11:00:00,Z02,26.85,75.804,244,42.6,LOW,Malviya Nagar
2026-09-23 11:00:00,Z03,26.912,75.798,381,39.9,LOW,C-Scheme
2026-09-23 11:00:00,Z04,26.912,75.739,380,42.0,LOW,Vaishali Nagar
2026-09-23 11:00:00,Z05,26.856,75.764,400,45.4,LOW,Mansarovar
2026-09-23 11:00:00,Z06,26.9,75.825,356,44.5,LOW,Raja Park
2026-09-23 11:00:00,Z07,26.831,75.841,345,40.4,LOW,Jagatpura
2026-09-23 11:00:00,Z08,26.951,75.746,459,40.4,LOW,Jhotwara
2026-09-23 11:00:00,Z09,26.9,75.758,386,43.6,LOW,Sodala
2026-09-23 11:00:00,Z10,26.926,75.8,208,44.5,LOW,Bani Park
2026-09-23 11:30:00,Z01,26.9124,75.7873,258,43.2,LOW,Tonk Road
2026-09-23 11:30:00,Z02,26.85,75.804,328,42.0,LOW,Malviya Nagar
2026-09-23 11:30:00,Z03,26.912,75.798,365,43.3,LOW,C-Scheme
2026-09-23 11:30:00,Z04,26.912,75.739,307,44.7,LOW,Vaishali Nagar
2026-09-23 11:30:00,Z05,26.856,75.764,361,43.4,LOW,Mansarovar
2026-09-23 11:30:00,Z06,26.9,75.825,285,38.7,LOW,Raja Park
2026-09-23 11:30:00,Z07,26.831,75.841,427,41.7,LOW,Jagatpura
2026-09-23 11:30:00,Z08,26.951,75.746,268,42.9,LOW,Jhotwara
2026-09-23 11:30:00,Z09,26.9,75.758,491,41.7,LOW,Sodala
2026-09-23 11:30:00,Z10,26.926,75.8,327,42.2,LOW,Bani Park
2026-09-23 12:00:00,Z01,26.9124,75.7873,403,43.0,LOW,Tonk Road
2026-09-23 12:00:00,Z02,26.85,75.804,385,41.1,LOW,Malviya Nagar
2026-09-23 12:00:00,Z03,26.912,75.798,400,41.3,LOW,C-Scheme
2026-09-23 12:00:00,Z04,26.912,75.739,383,42.3,LOW,Vaishali Nagar
2026-09-23 12:00:00,Z05,26.856,75.764,292,40.5,LOW,Mansarovar
2026-09-23 12:00:00,Z06,26.9,75.825,344,43.9,LOW,Raja Park
2026-09-23 12:00:00,Z07,26.831,75.841,328,42.6,LOW,Jagatpura
2026-09-23 12:00:00,Z08,26.951,75.746,307,43.8,LOW,Jhotwara
2026-09-23 12:00:00,Z09,26.9,75.758,405,41.7,LOW,Sodala
2026-09-23 12:00:00,Z10,26.926,75.8,313,44.3,LOW,Bani Park
2026-09-23 12:30:00,Z01,26.9124,75.7873,371,45.9,LOW,Tonk Road
2026-09-23 12:30:00,Z02,26.85,75.804,375,39.9,LOW,Malviya Nagar
2026-09-23 12:30:00,Z03,26.912,75.798,380,41.2,LOW,C-Scheme
2026-09-23 12:30:00,Z04,26.912,75.739,355,41.9,LOW,Vaishali Nagar
2026-09-23 12:30:00,Z05,26.856,75.764,419,40.2,LOW,Mansarovar
2026-09-23 12:30:00,Z06,26.9,75.825,272,39.7,LOW,Raja Park
2026-09-23 12:30:00,Z07,26.831,75.841,462,42.7,LOW,Jagatpura
2026-09-23 12:30:00,Z08,26.951,75.746,399,41.3,LOW,Jhotwara
2026-09-23 12:30:00,Z09,26.9,75.758,407,44.1,LOW,Sodala
2026-09-23 12:30:00,Z10,26.926,75.8,273,41.4,LOW,Bani Park
2026-09-23 13:00:00,Z01,26.9124,75.7873,331,37.6,LOW,Tonk Road
2026-09-23 13:00:00,Z02,26.85,75.804,271,44.4,LOW,Malviya Nagar
2026-09-23 13:00:00,Z03,26.912,75.798,283,43.4,LOW,C-Scheme
2026-09-23 13:00:00,Z04,26.912,75.739,399,42.2,LOW,Vaishali Nagar
2026-09-23 13:00:00,Z05,26.856,75.764,361,40.7,LOW,Mansarovar
2026-09-23 13:00:00,Z06,26.9,75.825,399,41.2,LOW,Raja Park
2026-09-23 13:00:00,Z07,26.831,75.841,353,42.5,LOW,Jagatpura
2026-09-23 13:00:00,Z08,26.951,75.746,396,45.1,LOW,Jhotwara
2026-09-23 13:00:00,Z09,26.9,75.758,343,40.6,LOW,Sodala
2026-09-23 13:00:00,Z10,26.926,75.8,355,41.8,LOW,Bani Park
2026-09-23 13:30:00,Z01,26.9124,75.7873,375,47.0,LOW,Tonk Road
2026-09-23 13:30:00,Z02,26.85,75.804,312,37.9,LOW,Malviya Nagar
2026-09-23 13:30:00,Z03,26.912,75.798,326,38.1,LOW,C-Scheme
2026-09-23 13:30:00,Z04,26.912,75.739,288,38.0,LOW,Vaishali Nagar
2026-09-23 13:30:00,Z05,26.856,75.764,376,39.0,LOW,Mansarovar
2026-09-23 13:30:00,Z06,26.9,75.825,371,42.0,LOW,Raja Park
2026-09-23 13:30:00,Z07,26.831,75.841,252,41.8,LOW,Jagatpura
2026-09-23 13:30:00,Z08,26.951,75.746,484,43.0,LOW,Jhotwara
2026-09-23 13:30:00,Z09,26.9,75.758,320,42.8,LOW,Sodala
2026-09-23 13:30:00,Z10,26.926,75.8,286,39.1,LOW,Bani Park
2026-09-23 14:00:00,Z01,26.9124,75.7873,425,42.9,LOW,Tonk Road
2026-09-23 14:00:00,Z02,26.85,75.804,405,42.5,LOW,Malviya Nagar
2026-09-23 14:00:00,Z03,26.912,75.798,385,43.4,LOW,C-Scheme
2026-09-23 14:00:00,Z04,26.912,75.739,362,40.7,LOW,Vaishali Nagar
2026-09-23 14:00:00,Z05,26.856,75.764,351,40.3,LOW,Mansarovar
2026-09-23 14:00:00,Z06,26.9,75.825,467,42.7,LOW,Raja Park
2026-09-23 14:00:00,Z07,26.831,75.841,383,39.4,LOW,Jagatpura
2026-09-23 14:00:00,Z08,26.951,75.746,403,45.0,LOW,Jhotwara
2026-09-23 14:00:00,Z09,26.9,75.758,391,43.7,LOW,Sodala
2026-09-23 14:00:00,Z10,26.926,75.8,273,44.6,LOW,Bani Park
2026-09-23 14:30:00,Z01,26.9124,75.7873,349,39.2,LOW,Tonk Road
2026-09-23 14:30:00,Z02,26.85,75.804,436,37.7,LOW,Malviya Nagar
2026-09-23 14:30:00,Z03,26.912,75.798,319,44.4,LOW,C-Scheme
2026-09-23 14:30:00,Z04,26.912,75.739,344,41.3,LOW,Vaishali Nagar
2026-09-23 14:30:00,Z05,26.856,75.764,358,42.1,LOW,Mansarovar
2026-09-23 14:30:00,Z06,26.9,75.825,337,43.1,LOW,Raja Park
2026-09-23 14:30:00,Z07,26.831,75.841,381,43.9,LOW,Jagatpura
2026-09-23 14:30:00,Z08,26.951,75.746,443,40.8,LOW,Jhotwara
2026-09-23 14:30:00,Z09,26.9,75.758,343,39.3,LOW,Sodala
2026-09-23 14:30:00,Z10,26.926,75.8,299,43.9,LOW,Bani Park
2026-09-23 15:00:00,Z01,26.9124,75.7873,509,23.0,MEDIUM,Tonk Road
2026-09-23 15:00:00,Z02,26.85,75.804,531,24.3,MEDIUM,Malviya Nagar
2026-09-23 15:00:00,Z03,26.912,75.798,640,30.9,MEDIUM,C-Scheme
2026-09-23 15:00:00,Z04,26.912,75.739,577,26.5,MEDIUM,Vaishali Nagar
2026-09-23 15:00:00,Z05,26.856,75.764,679,22.5,MEDIUM,Mansarovar
2026-09-23 15:00:00,Z06,26.9,75.825,523,29.1,MEDIUM,Raja Park
2026-09-23 15:00:00,Z07,26.831,75.841,634,25.7,MEDIUM,Jagatpura
2026-09-23 15:00:00,Z08,26.951,75.746,629,14.3,HIGH,Jhotwara
2026-09-23 15:00:00,Z09,26.9,75.758,627,22.8,MEDIUM,Sodala
2026-09-23 15:00:00,Z10,26.926,75.8,619,30.2,MEDIUM,Bani Park
2026-09-23 15:30:00,Z01,26.9124,75.7873,647,20.4,HIGH,Tonk Road
2026-09-23 15:30:00,Z02,26.85,75.804,580,27.4,MEDIUM,Malviya Nagar
2026-09-23 15:30:00,Z03,26.912,75.798,508,20.9,HIGH,C-Scheme
2026-09-23 15:30:00,Z04,26.912,75.739,581,28.5,MEDIUM,Vaishali Nagar
2026-09-23 15:30:00,Z05,26.856,75.764,583,27.2,MEDIUM,Mansarovar
2026-09-23 15:30:00,Z06,26.9,75.825,588,26.7,MEDIUM,Raja Park
2026-09-23 15:30:00,Z07,26.831,75.841,713,28.2,MEDIUM,Jagatpura
2026-09-23 15:30:00,Z08,26.951,75.746,623,21.1,HIGH,Jhotwara
2026-09-23 15:30:00,Z09,26.9,75.758,587,21.9,HIGH,Sodala
2026-09-23 15:30:00,Z10,26.926,75.8,527,22.2,MEDIUM,Bani Park
2026-09-23 16:00:00,Z01,26.9124,75.7873,648,27.0,MEDIUM,Tonk Road
2026-09-23 16:00:00,Z02,26.85,75.804,658,24.3,MEDIUM,Malviya Nagar
2026-09-23 16:00:00,Z03,26.912,75.798,515,25.2,MEDIUM,C-Scheme
2026-09-23 16:00:00,Z04,26.912,75.739,564,24.6,MEDIUM,Vaishali Nagar
2026-09-23 16:00:00,Z05,26.856,75.764,511,25.4,MEDIUM,Mansarovar
2026-09-23 16:00:00,Z06,26.9,75.825,642,20.6,HIGH,Raja Park
2026-09-23 16:00:00,Z07,26.831,75.841,684,19.4,HIGH,Jagatpura
2026-09-23 16:00:00,Z08,26.951,75.746,478,27.4,MEDIUM,Jhotwara
2026-09-23 16:00:00,Z09,26.9,75.758,697,21.0,HIGH,Sodala
2026-09-23 16:00:00,Z10,26.926,75.8,552,21.3,HIGH,Bani Park
2026-09-23 16:30:00,Z01,26.9124,75.7873,431,22.8,MEDIUM,Tonk Road
2026-09-23 16:30:00,Z02,26.85,75.804,589,20.3,HIGH,Malviya Nagar
2026-09-23 16:30:00,Z03,26.912,75.798,544,28.9,MEDIUM,C-Scheme
2026-09-23 16:30:00,Z04,26.912,75.739,580,26.5,MEDIUM,Vaishali Nagar
2026-09-23 16:30:00,Z05,26.856,75.764,405,23.0,MEDIUM,Mansarovar
2026-09-23 16:30:00,Z06,26.9,75.825,610,22.3,MEDIUM,Raja Park
2026-09-23 16:30:00,Z07,26.831,75.841,543,23.6,MEDIUM,Jagatpura
2026-09-23 16:30:00,Z08,26.951,75.746,623,25.5,MEDIUM,Jhotwara
2026-09-23 16:30:00,Z09,26.9,75.758,584,19.6,HIGH,Sodala
2026-09-23 16:30:00,Z10,26.926,75.8,475,25.9,MEDIUM,Bani Park
2026-09-23 17:00:00,Z01,26.9124,75.7873,704,15.7,HIGH,Tonk Road
2026-09-23 17:00:00,Z02,26.85,75.804,909,12.8,HIGH,Malviya Nagar
2026-09-23 17:00:00,Z03,26.912,75.798,831,14.9,HIGH,C-Scheme
2026-09-23 17:00:00,Z04,26.912,75.739,937,11.7,HIGH,Vaishali Nagar
2026-09-23 17:00:00,Z05,26.856,75.764,922,18.5,HIGH,Mansarovar
2026-09-23 17:00:00,Z06,26.9,75.825,910,13.4,HIGH,Raja Park
2026-09-23 17:00:00,Z07,26.831,75.841,890,15.5,HIGH,Jagatpura
2026-09-23 17:00:00,Z08,26.951,75.746,803,14.0,HIGH,Jhotwara
2026-09-23 17:00:00,Z09,26.9,75.758,882,14.1,HIGH,Sodala
2026-09-23 17:00:00,Z10,26.926,75.8,924,11.0,HIGH,Bani Park
2026-09-23 17:30:00,Z01,26.9124,75.7873,822,8.7,HIGH,Tonk Road
2026-09-23 17:30:00,Z02,26.85,75.804,864,16.5,HIGH,Malviya Nagar
2026-09-23 17:30:00,Z03,26.912,75.798,831,19.6,HIGH,C-Scheme
2026-09-23 17:30:00,Z04,26.912,75.739,1024,12.1,HIGH,Vaishali Nagar
2026-09-23 17:30:00,Z05,26.856,75.764,821,21.0,HIGH,Mansarovar
2026-09-23 17:30:00,Z06,26.9,75.825,858,10.3,HIGH,Raja Park
2026-09-23 17:30:00,Z07,26.831,75.841,922,14.8,HIGH,Jagatpura
2026-09-23 17:30:00,Z08,26.951,75.746,917,18.0,HIGH,Jhotwara
2026-09-23 17:30:00,Z09,26.9,75.758,930,11.1,HIGH,Sodala
2026-09-23 17:30:00,Z10,26.926,75.8,739,16.8,HIGH,Bani Park
2026-09-23 18:00:00,Z01,26.9124,75.7873,886,21.3,HIGH,Tonk Road
2026-09-23 18:00:00,Z02,26.85,75.804,859,12.7,HIGH,Malviya Nagar
2026-09-23 18:00:00,Z03,26.912,75.798,959,14.4,HIGH,C-Scheme
2026-09-23 18:00:00,Z04,26.912,75.739,762,18.5,HIGH,Vaishali Nagar
2026-09-23 18:00:00,Z05,26.856,75.764,847,11.0,HIGH,Mansarovar
2026-09-23 18:00:00,Z06,26.9,75.825,875,16.9,HIGH,Raja Park
2026-09-23 18:00:00,Z07,26.831,75.841,964,16.3,HIGH,Jagatpura
2026-09-23 18:00:00,Z08,26.951,75.746,892,23.9,MEDIUM,Jhotwara
2026-09-23 18:00:00,Z09,26.9,75.758,891,15.2,HIGH,Sodala
2026-09-23 18:00:00,Z10,26.926,75.8,917,14.9,HIGH,Bani Park
2026-09-23 18:30:00,Z01,26.9124,75.7873,825,18.5,HIGH,Tonk Road
2026-09-23 18:30:00,Z02,26.85,75.804,1007,15.7,HIGH,Malviya Nagar
2026-09-23 18:30:00,Z03,26.912,75.798,892,18.0,HIGH,C-Scheme
2026-09-23 18:30:00,Z04,26.912,75.739,968,16.4,HIGH,Vaishali Nagar
2026-09-23 18:30:00,Z05,26.856,75.764,840,18.7,HIGH,Mansarovar
2026-09-23 18:30:00,Z06,26.9,75.825,848,12.4,HIGH,Raja Park
2026-09-23 18:30:00,Z07,26.831,75.841,762,12.6,HIGH,Jagatpura
2026-09-23 18:30:00,Z08,26.951,75.746,858,23.3,MEDIUM,Jhotwara
2026-09-23 18:30:00,Z09,26.9,75.758,849,17.4,HIGH,Sodala
2026-09-23 18:30:00,Z10,26.926,75.8,923,12.3,HIGH,Bani Park
2026-09-23 19:00:00,Z01,26.9124,75.7873,892,22.1,MEDIUM,Tonk Road
2026-09-23 19:00:00,Z02,26.85,75.804,966,15.3,HIGH,Malviya Nagar
2026-09-23 19:00:00,Z03,26.912,75.798,907,16.8,HIGH,C-Scheme
2026-09-23 19:00:00,Z04,26.912,75.739,860,13.2,HIGH,Vaishali Nagar
2026-09-23 19:00:00,Z05,26.856,75.764,795,11.0,HIGH,Mansarovar
2026-09-23 19:00:00,Z06,26.9,75.825,964,14.8,HIGH,Raja Park
2026-09-23 19:00:00,Z07,26.831,75.841,919,13.2,HIGH,Jagatpura
2026-09-23 19:00:00,Z08,26.951,75.746,769,19.5,HIGH,Jhotwara
2026-09-23 19:00:00,Z09,26.9,75.758,934,17.8,HIGH,Sodala
2026-09-23 19:00:00,Z10,26.926,75.8,788,18.0,HIGH,Bani Park
2026-09-23 19:30:00,Z01,26.9124,75.7873,816,20.1,HIGH,Tonk Road
2026-09-23 19:30:00,Z02,26.85,75.804,951,14.5,HIGH,Malviya Nagar
2026-09-23 19:30:00,Z03,26.912,75.798,763,17.3,HIGH,C-Scheme
2026-09-23 19:30:00,Z04,26.912,75.739,878,19.4,HIGH,Vaishali Nagar
2026-09-23 19:30:00,Z05,26.856,75.764,858,12.8,HIGH,Mansarovar
2026-09-23 19:30:00,Z06,26.9,75.825,1017,14.4,HIGH,Raja Park
2026-09-23 19:30:00,Z07,26.831,75.841,870,18.0,HIGH,Jagatpura
2026-09-23 19:30:00,Z08,26.951,75.746,831,17.8,HIGH,Jhotwara
2026-09-23 19:30:00,Z09,26.9,75.758,795,12.5,HIGH,Sodala
2026-09-23 19:30:00,Z10,26.926,75.8,871,16.4,HIGH,Bani Park
2026-09-23 20:00:00,Z01,26.9124,75.7873,888,17.7,HIGH,Tonk Road
2026-09-23 20:00:00,Z02,26.85,75.804,762,20.3,HIGH,Malviya Nagar
2026-09-23 20:00:00,Z03,26.912,75.798,791,16.4,HIGH,C-Scheme
2026-09-23 20:00:00,Z04,26.912,75.739,819,17.1,HIGH,Vaishali Nagar
2026-09-23 20:00:00,Z05,26.856,75.764,824,16.2,HIGH,Mansarovar
2026-09-23 20:00:00,Z06,26.9,75.825,881,15.2,HIGH,Raja Park
2026-09-23 20:00:00,Z07,26.831,75.841,905,11.9,HIGH,Jagatpura
2026-09-23 20:00:00,Z08,26.951,75.746,912,11.2,HIGH,Jhotwara
2026-09-23 20:00:00,Z09,26.9,75.758,870,19.6,HIGH,Sodala
2026-09-23 20:00:00,Z10,26.926,75.8,768,19.3,HIGH,Bani Park
2026-09-23 20:30:00,Z01,26.9124,75.7873,633,33.8,LOW,Tonk Road
2026-09-23 20:30:00,Z02,26.85,75.804,644,33.2,LOW,Malviya Nagar
2026-09-23 20:30:00,Z03,26.912,75.798,619,31.8,MEDIUM,C-Scheme
2026-09-23 20:30:00,Z04,26.912,75.739,625,35.1,LOW,Vaishali Nagar
2026-09-23 20:30:00,Z05,26.856,75.764,616,30.7,MEDIUM,Mansarovar
2026-09-23 20:30:00,Z06,26.9,75.825,668,31.9,MEDIUM,Raja Park
2026-09-23 20:30:00,Z07,26.831,75.841,533,34.6,LOW,Jagatpura
2026-09-23 20:30:00,Z08,26.951,75.746,572,35.5,LOW,Jhotwara
2026-09-23 20:30:00,Z09,26.9,75.758,646,37.1,LOW,Sodala
2026-09-23 20:30:00,Z10,26.926,75.8,570,31.5,MEDIUM,Bani Park
2026-09-23 21:00:00,Z01,26.9124,75.7873,322,42.7,LOW,Tonk Road
2026-09-23 21:00:00,Z02,26.85,75.804,462,41.8,LOW,Malviya Nagar
2026-09-23 21:00:00,Z03,26.912,75.798,354,40.6,LOW,C-Scheme
2026-09-23 21:00:00,Z04,26.912,75.739,368,44.8,LOW,Vaishali Nagar
2026-09-23 21:00:00,Z05,26.856,75.764,385,38.8,LOW,Mansarovar
2026-09-23 21:00:00,Z06,26.9,75.825,448,39.7,LOW,Raja Park
2026-09-23 21:00:00,Z07,26.831,75.841,557,40.4,LOW,Jagatpura
2026-09-23 21:00:00,Z08,26.951,75.746,294,44.9,LOW,Jhotwara
2026-09-23 21:00:00,Z09,26.9,75.758,402,42.0,LOW,Sodala
2026-09-23 21:00:00,Z10,26.926,75.8,380,43.6,LOW,Bani Park
2026-09-23 21:30:00,Z01,26.9124,75.7873,341,44.5,LOW,Tonk Road
2026-09-23 21:30:00,Z02,26.85,75.804,325,41.3,LOW,Malviya Nagar
2026-09-23 21:30:00,Z03,26.912,75.798,375,43.7,LOW,C-Scheme
2026-09-23 21:30:00,Z04,26.912,75.739,405,42.6,LOW,Vaishali Nagar
2026-09-23 21:30:00,Z05,26.856,75.764,371,37.9,LOW,Mansarovar
2026-09-23 21:30:00,Z06,26.9,75.825,466,42.4,LOW,Raja Park
2026-09-23 21:30:00,Z07,26.831,75.841,459,38.9,LOW,Jagatpura
2026-09-23 21:30:00,Z08,26.951,75.746,384,42.2,LOW,Jhotwara
2026-09-23 21:30:00,Z09,26.9,75.758,389,45.4,LOW,Sodala
2026-09-23 21:30:00,Z10,26.926,75.8,366,42.8,LOW,Bani Park
2026-09-23 22:00:00,Z01,26.9124,75.7873,348,41.0,LOW,Tonk Road
2026-09-23 22:00:00,Z02,26.85,75.804,346,40.6,LOW,Malviya Nagar
2026-09-23 22:00:00,Z03,26.912,75.798,380,37.3,LOW,C-Scheme
2026-09-23 22:00:00,Z04,26.912,75.739,326,41.8,LOW,Vaishali Nagar
2026-09-23 22:00:00,Z05,26.856,75.764,249,42.4,LOW,Mansarovar
2026-09-23 22:00:00,Z06,26.9,75.825,342,45.9,LOW,Raja Park
2026-09-23 22:00:00,Z07,26.831,75.841,282,41.7,LOW,Jagatpura
2026-09-23 22:00:00,Z08,26.951,75.746,447,42.0,LOW,Jhotwara
2026-09-23 22:00:00,Z09,26.9,75.758,409,44.1,LOW,Sodala
2026-09-23 22:00:00,Z10,26.926,75.8,324,43.1,LOW,Bani Park
2026-09-23 22:30:00,Z01,26.9124,75.7873,335,39.1,LOW,Tonk Road
2026-09-23 22:30:00,Z02,26.85,75.804,423,41.5,LOW,Malviya Nagar
2026-09-23 22:30:00,Z03,26.912,75.798,462,42.6,LOW,C-Scheme
2026-09-23 22:30:00,Z04,26.912,75.739,318,44.4,LOW,Vaishali Nagar
2026-09-23 22:30:00,Z05,26.856,75.764,446,38.4,LOW,Mansarovar
2026-09-23 22:30:00,Z06,26.9,75.825,254,44.7,LOW,Raja Park
2026-09-23 22:30:00,Z07,26.831,75.841,376,45.0,LOW,Jagatpura
2026-09-23 22:30:00,Z08,26.951,75.746,463,42.3,LOW,Jhotwara
2026-09-23 22:30:00,Z09,26.9,75.758,395,44.7,LOW,Sodala
2026-09-23 22:30:00,Z10,26.926,75.8,393,42.9,LOW,Bani Park
2026-09-23 23:00:00,Z01,26.9124,75.7873,346,41.2,LOW,Tonk Road
2026-09-23 23:00:00,Z02,26.85,75.804,326,40.2,LOW,Malviya Nagar
2026-09-23 23:00:00,Z03,26.912,75.798,305,41.3,LOW,C-Scheme
2026-09-23 23:00:00,Z04,26.912,75.739,327,42.3,LOW,Vaishali Nagar
2026-09-23 23:00:00,Z05,26.856,75.764,236,43.0,LOW,Mansarovar
2026-09-23 23:00:00,Z06,26.9,75.825,359,41.8,LOW,Raja Park
2026-09-23 23:00:00,Z07,26.831,75.841,337,41.4,LOW,Jagatpura
2026-09-23 23:00:00,Z08,26.951,75.746,374,38.8,LOW,Jhotwara
2026-09-23 23:00:00,Z09,26.9,75.758,384,43.3,LOW,Sodala
2026-09-23 23:00:00,Z10,26.926,75.8,364,44.1,LOW,Bani Park
2026-09-23 23:30:00,Z01,26.9124,75.7873,360,43.0,LOW,Tonk Road
2026-09-23 23:30:00,Z02,26.85,75.804,239,43.4,LOW,Malviya Nagar
2026-09-23 23:30:00,Z03,26.912,75.798,461,40.2,LOW,C-Scheme
2026-09-23 23:30:00,Z04,26.912,75.739,340,37.1,LOW,Vaishali Nagar
2026-09-23 23:30:00,Z05,26.856,75.764,343,44.3,LOW,Mansarovar
2026-09-23 23:30:00,Z06,26.9,75.825,359,41.2,LOW,Raja Park
2026-09-23 23:30:00,Z07,26.831,75.841,352,41.3,LOW,Jagatpura
2026-09-23 23:30:00,Z08,26.951,75.746,427,40.6,LOW,Jhotwara
2026-09-23 23:30:00,Z09,26.9,75.758,340,44.8,LOW,Sodala
2026-09-23 23:30:00,Z10,26.926,75.8,313,39.2,LOW,Bani Park
2026-09-24 00:00:00,Z01,26.9124,75.7873,385,41.6,LOW,Tonk Road
2026-09-24 00:00:00,Z02,26.85,75.804,296,40.0,LOW,Malviya Nagar
2026-09-24 00:00:00,Z03,26.912,75.798,415,43.0,LOW,C-Scheme
2026-09-24 00:00:00,Z04,26.912,75.739,256,40.8,LOW,Vaishali Nagar
2026-09-24 00:00:00,Z05,26.856,75.764,404,48.6,LOW,Mansarovar
2026-09-24 00:00:00,Z06,26.9,75.825,410,41.5,LOW,Raja Park
2026-09-24 00:00:00,Z07,26.831,75.841,410,41.8,LOW,Jagatpura
2026-09-24 00:00:00,Z08,26.951,75.746,356,42.3,LOW,Jhotwara
2026-09-24 00:00:00,Z09,26.9,75.758,248,41.8,LOW,Sodala
2026-09-24 00:00:00,Z10,26.926,75.8,284,45.9,LOW,Bani Park
2026-09-24 00:30:00,Z01,26.9124,75.7873,335,39.3,LOW,Tonk Road
2026-09-24 00:30:00,Z02,26.85,75.804,346,40.1,LOW,Malviya Nagar
2026-09-24 00:30:00,Z03,26.912,75.798,419,43.4,LOW,C-Scheme
2026-09-24 00:30:00,Z04,26.912,75.739,328,43.6,LOW,Vaishali Nagar
2026-09-24 00:30:00,Z05,26.856,75.764,378,42.1,LOW,Mansarovar
2026-09-24 00:30:00,Z06,26.9,75.825,389,38.5,LOW,Raja Park
2026-09-24 00:30:00,Z07,26.831,75.841,492,39.1,LOW,Jagatpura
2026-09-24 00:30:00,Z08,26.951,75.746,337,41.2,LOW,Jhotwara
2026-09-24 00:30:00,Z09,26.9,75.758,305,40.5,LOW,Sodala
2026-09-24 00:30:00,Z10,26.926,75.8,415,46.5,LOW,Bani Park
2026-09-24 01:00:00,Z01,26.9124,75.7873,455,38.9,LOW,Tonk Road
2026-09-24 01:00:00,Z02,26.85,75.804,330,44.4,LOW,Malviya Nagar
2026-09-24 01:00:00,Z03,26.912,75.798,348,42.6,LOW,C-Scheme
2026-09-24 01:00:00,Z04,26.912,75.739,294,45.9,LOW,Vaishali Nagar
2026-09-24 01:00:00,Z05,26.856,75.764,320,42.3,LOW,Mansarovar
2026-09-24 01:00:00,Z06,26.9,75.825,503,39.1,LOW,Raja Park
2026-09-24 01:00:00,Z07,26.831,75.841,365,39.6,LOW,Jagatpura
2026-09-24 01:00:00,Z08,26.951,75.746,322,38.5,LOW,Jhotwara
2026-09-24 01:00:00,Z09,26.9,75.758,292,42.8,LOW,Sodala
2026-09-24 01:00:00,Z10,26.926,75.8,331,43.2,LOW,Bani Park
2026-09-24 01:30:00,Z01,26.9124,75.7873,445,44.3,LOW,Tonk Road
2026-09-24 01:30:00,Z02,26.85,75.804,355,40.8,LOW,Malviya Nagar
2026-09-24 01:30:00,Z03,26.912,75.798,393,42.4,LOW,C-Scheme
2026-09-24 01:30:00,Z04,26.912,75.739,363,42.0,LOW,Vaishali Nagar
2026-09-24 01:30:00,Z05,26.856,75.764,358,41.5,LOW,Mansarovar
2026-09-24 01:30:00,Z06,26.9,75.825,395,44.6,LOW,Raja Park
2026-09-24 01:30:00,Z07,26.831,75.841,400,43.4,LOW,Jagatpura
2026-09-24 01:30:00,Z08,26.951,75.746,372,41.7,LOW,Jhotwara
2026-09-24 01:30:00,Z09,26.9,75.758,438,39.8,LOW,Sodala
2026-09-24 01:30:00,Z10,26.926,75.8,343,36.4,LOW,Bani Park
2026-09-24 02:00:00,Z01,26.9124,75.7873,254,44.3,LOW,Tonk Road
2026-09-24 02:00:00,Z02,26.85,75.804,302,42.8,LOW,Malviya Nagar
2026-09-24 02:00:00,Z03,26.912,75.798,416,41.3,LOW,C-Scheme
2026-09-24 02:00:00,Z04,26.912,75.739,207,42.4,LOW,Vaishali Nagar
2026-09-24 02:00:00,Z05,26.856,75.764,418,40.0,LOW,Mansarovar
2026-09-24 02:00:00,Z06,26.9,75.825,472,42.9,LOW,Raja Park
2026-09-24 02:00:00,Z07,26.831,75.841,326,45.4,LOW,Jagatpura
2026-09-24 02:00:00,Z08,26.951,75.746,351,47.0,LOW,Jhotwara
2026-09-24 02:00:00,Z09,26.9,75.758,305,40.1,LOW,Sodala
2026-09-24 02:00:00,Z10,26.926,75.8,462,37.5,LOW,Bani Park
2026-09-24 02:30:00,Z01,26.9124,75.7873,278,45.2,LOW,Tonk Road
2026-09-24 02:30:00,Z02,26.85,75.804,356,41.5,LOW,Malviya Nagar
2026-09-24 02:30:00,Z03,26.912,75.798,227,40.1,LOW,C-Scheme
2026-09-24 02:30:00,Z04,26.912,75.739,327,41.6,LOW,Vaishali Nagar
2026-09-24 02:30:00,Z05,26.856,75.764,365,41.2,LOW,Mansarovar
2026-09-24 02:30:00,Z06,26.9,75.825,328,44.9,LOW,Raja Park
2026-09-24 02:30:00,Z07,26.831,75.841,400,42.3,LOW,Jagatpura
2026-09-24 02:30:00,Z08,26.951,75.746,306,43.1,LOW,Jhotwara
2026-09-24 02:30:00,Z09,26.9,75.758,388,42.2,LOW,Sodala
2026-09-24 02:30:00,Z10,26.926,75.8,438,39.7,LOW,Bani Park
2026-09-24 03:00:00,Z01,26.9124,75.7873,299,44.9,LOW,Tonk Road
2026-09-24 03:00:00,Z02,26.85,75.804,394,42.4,LOW,Malviya Nagar
2026-09-24 03:00:00,Z03,26.912,75.798,383,40.9,LOW,C-Scheme
2026-09-24 03:00:00,Z04,26.912,75.739,247,42.3,LOW,Vaishali Nagar
2026-09-24 03:00:00,Z05,26.856,75.764,272,42.9,LOW,Mansarovar
2026-09-24 03:00:00,Z06,26.9,75.825,303,43.9,LOW,Raja Park
2026-09-24 03:00:00,Z07,26.831,75.841,446,41.7,LOW,Jagatpura
2026-09-24 03:00:00,Z08,26.951,75.746,274,43.0,LOW,Jhotwara
2026-09-24 03:00:00,Z09,26.9,75.758,308,40.0,LOW,Sodala
2026-09-24 03:00:00,Z10,26.926,75.8,375,42.8,LOW,Bani Park
2026-09-24 03:30:00,Z01,26.9124,75.7873,268,40.3,LOW,Tonk Road
2026-09-24 03:30:00,Z02,26.85,75.804,337,42.6,LOW,Malviya Nagar
2026-09-24 03:30:00,Z03,26.912,75.798,352,46.3,LOW,C-Scheme
2026-09-24 03:30:00,Z04,26.912,75.739,268,45.6,LOW,Vaishali Nagar
2026-09-24 03:30:00,Z05,26.856,75.764,271,38.9,LOW,Mansarovar
2026-09-24 03:30:00,Z06,26.9,75.825,472,44.4,LOW,Raja Park
2026-09-24 03:30:00,Z07,26.831,75.841,317,40.4,LOW,Jagatpura
2026-09-24 03:30:00,Z08,26.951,75.746,223,39.7,LOW,Jhotwara
2026-09-24 03:30:00,Z09,26.9,75.758,365,43.4,LOW,Sodala
2026-09-24 03:30:00,Z10,26.926,75.8,251,42.0,LOW,Bani Park
2026-09-24 04:00:00,Z01,26.9124,75.7873,314,45.3,LOW,Tonk Road
2026-09-24 04:00:00,Z02,26.85,75.804,248,43.1,LOW,Malviya Nagar
2026-09-24 04:00:00,Z03,26.912,75.798,370,41.6,LOW,C-Scheme
2026-09-24 04:00:00,Z04,26.912,75.739,360,42.7,LOW,Vaishali Nagar
2026-09-24 04:00:00,Z05,26.856,75.764,270,43.0,LOW,Mansarovar
2026-09-24 04:00:00,Z06,26.9,75.825,357,42.4,LOW,Raja Park
2026-09-24 04:00:00,Z07,26.831,75.841,355,42.5,LOW,Jagatpura
2026-09-24 04:00:00,Z08,26.951,75.746,257,39.5,LOW,Jhotwara
2026-09-24 04:00:00,Z09,26.9,75.758,407,37.6,LOW,Sodala
2026-09-24 04:00:00,Z10,26.926,75.8,409,43.7,LOW,Bani Park
2026-09-24 04:30:00,Z01,26.9124,75.7873,200,42.6,LOW,Tonk Road
2026-09-24 04:30:00,Z02,26.85,75.804,361,39.9,LOW,Malviya Nagar
2026-09-24 04:30:00,Z03,26.912,75.798,334,42.3,LOW,C-Scheme
2026-09-24 04:30:00,Z04,26.912,75.739,350,42.7,LOW,Vaishali Nagar
2026-09-24 04:30:00,Z05,26.856,75.764,305,42.2,LOW,Mansarovar
2026-09-24 04:30:00,Z06,26.9,75.825,319,44.0,LOW,Raja Park
2026-09-24 04:30:00,Z07,26.831,75.841,296,39.3,LOW,Jagatpura
2026-09-24 04:30:00,Z08,26.951,75.746,419,41.3,LOW,Jhotwara
2026-09-24 04:30:00,Z09,26.9,75.758,336,41.9,LOW,Sodala
2026-09-24 04:30:00,Z10,26.926,75.8,404,39.5,LOW,Bani Park
2026-09-24 05:00:00,Z01,26.9124,75.7873,342,40.7,LOW,Tonk Road
2026-09-24 05:00:00,Z02,26.85,75.804,385,45.0,LOW,Malviya Nagar
2026-09-24 05:00:00,Z03,26.912,75.798,226,38.7,LOW,C-Scheme
2026-09-24 05:00:00,Z04,26.912,75.739,265,41.9,LOW,Vaishali Nagar
2026-09-24 05:00:00,Z05,26.856,75.764,352,43.3,LOW,Mansarovar
2026-09-24 05:00:00,Z06,26.9,75.825,300,42.3,LOW,Raja Park
2026-09-24 05:00:00,Z07,26.831,75.841,548,45.5,LOW,Jagatpura
2026-09-24 05:00:00,Z08,26.951,75.746,374,41.4,LOW,Jhotwara
2026-09-24 05:00:00,Z09,26.9,75.758,331,42.2,LOW,Sodala
2026-09-24 05:00:00,Z10,26.926,75.8,274,40.3,LOW,Bani Park
2026-09-24 05:30:00,Z01,26.9124,75.7873,378,39.7,LOW,Tonk Road
2026-09-24 05:30:00,Z02,26.85,75.804,169,41.0,LOW,Malviya Nagar
2026-09-24 05:30:00,Z03,26.912,75.798,347,42.9,LOW,C-Scheme
2026-09-24 05:30:00,Z04,26.912,75.739,376,44.7,LOW,Vaishali Nagar
2026-09-24 05:30:00,Z05,26.856,75.764,193,39.0,LOW,Mansarovar
2026-09-24 05:30:00,Z06,26.9,75.825,306,40.6,LOW,Raja Park
2026-09-24 05:30:00,Z07,26.831,75.841,349,43.9,LOW,Jagatpura
2026-09-24 05:30:00,Z08,26.951,75.746,257,44.3,LOW,Jhotwara
2026-09-24 05:30:00,Z09,26.9,75.758,400,43.9,LOW,Sodala
2026-09-24 05:30:00,Z10,26.926,75.8,442,38.0,LOW,Bani Park
2026-09-24 06:00:00,Z01,26.9124,75.7873,377,42.2,LOW,Tonk Road
2026-09-24 06:00:00,Z02,26.85,75.804,439,40.3,LOW,Malviya Nagar
2026-09-24 06:00:00,Z03,26.912,75.798,408,39.6,LOW,C-Scheme
2026-09-24 06:00:00,Z04,26.912,75.739,281,43.6,LOW,Vaishali Nagar
2026-09-24 06:00:00,Z05,26.856,75.764,366,46.0,LOW,Mansarovar
2026-09-24 06:00:00,Z06,26.9,75.825,243,43.3,LOW,Raja Park
2026-09-24 06:00:00,Z07,26.831,75.841,264,46.2,LOW,Jagatpura
2026-09-24 06:00:00,Z08,26.951,75.746,280,44.0,LOW,Jhotwara
2026-09-24 06:00:00,Z09,26.9,75.758,405,40.8,LOW,Sodala
2026-09-24 06:00:00,Z10,26.926,75.8,261,44.1,LOW,Bani Park
2026-09-24 06:30:00,Z01,26.9124,75.7873,423,44.2,LOW,Tonk Road
2026-09-24 06:30:00,Z02,26.85,75.804,461,40.1,LOW,Malviya Nagar
2026-09-24 06:30:00,Z03,26.912,75.798,306,39.1,LOW,C-Scheme
2026-09-24 06:30:00,Z04,26.912,75.739,290,43.0,LOW,Vaishali Nagar
2026-09-24 06:30:00,Z05,26.856,75.764,366,42.5,LOW,Mansarovar
2026-09-24 06:30:00,Z06,26.9,75.825,408,41.6,LOW,Raja Park
2026-09-24 06:30:00,Z07,26.831,75.841,366,41.5,LOW,Jagatpura
2026-09-24 06:30:00,Z08,26.951,75.746,405,44.3,LOW,Jhotwara
2026-09-24 06:30:00,Z09,26.9,75.758,269,43.6,LOW,Sodala
2026-09-24 06:30:00,Z10,26.926,75.8,288,43.0,LOW,Bani Park
2026-09-24 07:00:00,Z01,26.9124,75.7873,644,31.4,MEDIUM,Tonk Road
2026-09-24 07:00:00,Z02,26.85,75.804,705,32.2,LOW,Malviya Nagar
2026-09-24 07:00:00,Z03,26.912,75.798,516,35.6,LOW,C-Scheme
2026-09-24 07:00:00,Z04,26.912,75.739,547,32.3,LOW,Vaishali Nagar
2026-09-24 07:00:00,Z05,26.856,75.764,681,33.1,LOW,Mansarovar
2026-09-24 07:00:00,Z06,26.9,75.825,608,33.5,LOW,Raja Park
2026-09-24 07:00:00,Z07,26.831,75.841,488,36.6,LOW,Jagatpura
2026-09-24 07:00:00,Z08,26.951,75.746,611,36.5,LOW,Jhotwara
2026-09-24 07:00:00,Z09,26.9,75.758,613,33.8,LOW,Sodala
2026-09-24 07:00:00,Z10,26.926,75.8,563,37.1,LOW,Bani Park
2026-09-24 07:30:00,Z01,26.9124,75.7873,686,34.0,LOW,Tonk Road
2026-09-24 07:30:00,Z02,26.85,75.804,585,30.8,MEDIUM,Malviya Nagar
2026-09-24 07:30:00,Z03,26.912,75.798,587,33.7,LOW,C-Scheme
2026-09-24 07:30:00,Z04,26.912,75.739,625,32.4,LOW,Vaishali Nagar
2026-09-24 07:30:00,Z05,26.856,75.764,626,35.3,LOW,Mansarovar
2026-09-24 07:30:00,Z06,26.9,75.825,580,36.2,LOW,Raja Park
2026-09-24 07:30:00,Z07,26.831,75.841,784,31.5,MEDIUM,Jagatpura
2026-09-24 07:30:00,Z08,26.951,75.746,558,32.7,LOW,Jhotwara
2026-09-24 07:30:00,Z09,26.9,75.758,725,30.5,MEDIUM,Sodala
2026-09-24 07:30:00,Z10,26.926,75.8,632,33.3,LOW,Bani Park
2026-09-24 08:00:00,Z01,26.9124,75.7873,720,33.7,LOW,Tonk Road
2026-09-24 08:00:00,Z02,26.85,75.804,814,33.6,LOW,Malviya Nagar
2026-09-24 08:00:00,Z03,26.912,75.798,724,34.3,LOW,C-Scheme
2026-09-24 08:00:00,Z04,26.912,75.739,647,35.6,LOW,Vaishali Nagar
2026-09-24 08:00:00,Z05,26.856,75.764,673,32.8,LOW,Mansarovar
2026-09-24 08:00:00,Z06,26.9,75.825,609,35.0,LOW,Raja Park
2026-09-24 08:00:00,Z07,26.831,75.841,736,34.3,LOW,Jagatpura
2026-09-24 08:00:00,Z08,26.951,75.746,709,38.1,LOW,Jhotwara
2026-09-24 08:00:00,Z09,26.9,75.758,605,37.7,LOW,Sodala
2026-09-24 08:00:00,Z10,26.926,75.8,743,35.4,LOW,Bani Park
2026-09-24 08:30:00,Z01,26.9124,75.7873,616,32.2,LOW,Tonk Road
2026-09-24 08:30:00,Z02,26.85,75.804,581,37.5,LOW,Malviya Nagar
2026-09-24 08:30:00,Z03,26.912,75.798,756,31.3,MEDIUM,C-Scheme
2026-09-24 08:30:00,Z04,26.912,75.739,680,36.4,LOW,Vaishali Nagar
2026-09-24 08:30:00,Z05,26.856,75.764,619,33.9,LOW,Mansarovar
2026-09-24 08:30:00,Z06,26.9,75.825,760,34.6,LOW,Raja Park
2026-09-24 08:30:00,Z07,26.831,75.841,801,34.5,LOW,Jagatpura
2026-09-24 08:30:00,Z08,26.951,75.746,648,32.2,LOW,Jhotwara
2026-09-24 08:30:00,Z09,26.9,75.758,574,33.3,LOW,Sodala
2026-09-24 08:30:00,Z10,26.926,75.8,679,33.7,LOW,Bani Park
2026-09-24 09:00:00,Z01,26.9124,75.7873,801,35.0,LOW,Tonk Road
2026-09-24 09:00:00,Z02,26.85,75.804,730,34.9,LOW,Malviya Nagar
2026-09-24 09:00:00,Z03,26.912,75.798,767,34.1,LOW,C-Scheme
2026-09-24 09:00:00,Z04,26.912,75.739,687,38.8,LOW,Vaishali Nagar
2026-09-24 09:00:00,Z05,26.856,75.764,611,32.0,LOW,Mansarovar
2026-09-24 09:00:00,Z06,26.9,75.825,681,34.6,LOW,Raja Park
2026-09-24 09:00:00,Z07,26.831,75.841,682,35.4,LOW,Jagatpura
2026-09-24 09:00:00,Z08,26.951,75.746,605,34.0,LOW,Jhotwara
2026-09-24 09:00:00,Z09,26.9,75.758,779,34.8,LOW,Sodala
2026-09-24 09:00:00,Z10,26.926,75.8,687,36.0,LOW,Bani Park
2026-09-24 09:30:00,Z01,26.9124,75.7873,624,36.1,LOW,Tonk Road
2026-09-24 09:30:00,Z02,26.85,75.804,597,33.0,LOW,Malviya Nagar
2026-09-24 09:30:00,Z03,26.912,75.798,620,33.7,LOW,C-Scheme
2026-09-24 09:30:00,Z04,26.912,75.739,616,36.4,LOW,Vaishali Nagar
2026-09-24 09:30:00,Z05,26.856,75.764,785,32.4,LOW,Mansarovar
2026-09-24 09:30:00,Z06,26.9,75.825,660,33.1,LOW,Raja Park
2026-09-24 09:30:00,Z07,26.831,75.841,570,34.9,LOW,Jagatpura
2026-09-24 09:30:00,Z08,26.951,75.746,694,36.5,LOW,Jhotwara
2026-09-24 09:30:00,Z09,26.9,75.758,602,37.1,LOW,Sodala
2026-09-24 09:30:00,Z10,26.926,75.8,652,34.2,LOW,Bani Park
2026-09-24 10:00:00,Z01,26.9124,75.7873,548,34.5,LOW,Tonk Road
2026-09-24 10:00:00,Z02,26.85,75.804,550,34.2,LOW,Malviya Nagar
2026-09-24 10:00:00,Z03,26.912,75.798,500,34.7,LOW,C-Scheme
2026-09-24 10:00:00,Z04,26.912,75.739,707,30.3,MEDIUM,Vaishali Nagar
2026-09-24 10:00:00,Z05,26.856,75.764,580,32.9,LOW,Mansarovar
2026-09-24 10:00:00,Z06,26.9,75.825,672,36.5,LOW,Raja Park
2026-09-24 10:00:00,Z07,26.831,75.841,638,35.7,LOW,Jagatpura
2026-09-24 10:00:00,Z08,26.951,75.746,607,39.4,LOW,Jhotwara
2026-09-24 10:00:00,Z09,26.9,75.758,645,37.5,LOW,Sodala
2026-09-24 10:00:00,Z10,26.926,75.8,683,30.7,MEDIUM,Bani Park
2026-09-24 10:30:00,Z01,26.9124,75.7873,576,34.6,LOW,Tonk Road
2026-09-24 10:30:00,Z02,26.85,75.804,648,32.2,LOW,Malviya Nagar
2026-09-24 10:30:00,Z03,26.912,75.798,477,34.7,LOW,C-Scheme
2026-09-24 10:30:00,Z04,26.912,75.739,615,36.1,LOW,Vaishali Nagar
2026-09-24 10:30:00,Z05,26.856,75.764,715,31.3,MEDIUM,Mansarovar
2026-09-24 10:30:00,Z06,26.9,75.825,735,34.0,LOW,Raja Park
2026-09-24 10:30:00,Z07,26.831,75.841,649,34.9,LOW,Jagatpura
2026-09-24 10:30:00,Z08,26.951,75.746,683,33.7,LOW,Jhotwara
2026-09-24 10:30:00,Z09,26.9,75.758,590,33.2,LOW,Sodala
2026-09-24 10:30:00,Z10,26.926,75.8,639,35.2,LOW,Bani Park
2026-09-24 11:00:00,Z01,26.9124,75.7873,426,42.1,LOW,Tonk Road
2026-09-24 11:00:00,Z02,26.85,75.804,351,41.8,LOW,Malviya Nagar
2026-09-24 11:00:00,Z03,26.912,75.798,380,40.8,LOW,C-Scheme
2026-09-24 11:00:00,Z04,26.912,75.739,413,42.7,LOW,Vaishali Nagar
2026-09-24 11:00:00,Z05,26.856,75.764,317,40.8,LOW,Mansarovar
2026-09-24 11:00:00,Z06,26.9,75.825,367,43.6,LOW,Raja Park
2026-09-24 11:00:00,Z07,26.831,75.841,441,40.2,LOW,Jagatpura
2026-09-24 11:00:00,Z08,26.951,75.746,404,38.6,LOW,Jhotwara
2026-09-24 11:00:00,Z09,26.9,75.758,482,39.5,LOW,Sodala
2026-09-24 11:00:00,Z10,26.926,75.8,430,38.9,LOW,Bani Park
2026-09-24 11:30:00,Z01,26.9124,75.7873,324,41.8,LOW,Tonk Road
2026-09-24 11:30:00,Z02,26.85,75.804,394,42.4,LOW,Malviya Nagar
2026-09-24 11:30:00,Z03,26.912,75.798,292,40.2,LOW,C-Scheme
2026-09-24 11:30:00,Z04,26.912,75.739,230,43.3,LOW,Vaishali Nagar
2026-09-24 11:30:00,Z05,26.856,75.764,562,40.8,LOW,Mansarovar
2026-09-24 11:30:00,Z06,26.9,75.825,430,40.1,LOW,Raja Park
2026-09-24 11:30:00,Z07,26.831,75.841,385,40.8,LOW,Jagatpura
2026-09-24 11:30:00,Z08,26.951,75.746,429,43.3,LOW,Jhotwara
2026-09-24 11:30:00,Z09,26.9,75.758,489,41.6,LOW,Sodala
2026-09-24 11:30:00,Z10,26.926,75.8,366,40.8,LOW,Bani Park
2026-09-24 12:00:00,Z01,26.9124,75.7873,271,42.5,LOW,Tonk Road
2026-09-24 12:00:00,Z02,26.85,75.804,361,41.4,LOW,Malviya Nagar
2026-09-24 12:00:00,Z03,26.912,75.798,520,41.1,LOW,C-Scheme
2026-09-24 12:00:00,Z04,26.912,75.739,432,40.3,LOW,Vaishali Nagar
2026-09-24 12:00:00,Z05,26.856,75.764,349,43.7,LOW,Mansarovar
2026-09-24 12:00:00,Z06,26.9,75.825,296,40.3,LOW,Raja Park
2026-09-24 12:00:00,Z07,26.831,75.841,224,41.0,LOW,Jagatpura
2026-09-24 12:00:00,Z08,26.951,75.746,246,40.0,LOW,Jhotwara
2026-09-24 12:00:00,Z09,26.9,75.758,393,44.7,LOW,Sodala
2026-09-24 12:00:00,Z10,26.926,75.8,391,43.6,LOW,Bani Park
2026-09-24 12:30:00,Z01,26.9124,75.7873,452,42.3,LOW,Tonk Road
2026-09-24 12:30:00,Z02,26.85,75.804,357,40.8,LOW,Malviya Nagar
2026-09-24 12:30:00,Z03,26.912,75.798,257,43.5,LOW,C-Scheme
2026-09-24 12:30:00,Z04,26.912,75.739,351,48.2,LOW,Vaishali Nagar
2026-09-24 12:30:00,Z05,26.856,75.764,437,42.3,LOW,Mansarovar
2026-09-24 12:30:00,Z06,26.9,75.825,352,43.8,LOW,Raja Park
2026-09-24 12:30:00,Z07,26.831,75.841,244,42.3,LOW,Jagatpura
2026-09-24 12:30:00,Z08,26.951,75.746,386,40.9,LOW,Jhotwara
2026-09-24 12:30:00,Z09,26.9,75.758,435,42.9,LOW,Sodala
2026-09-24 12:30:00,Z10,26.926,75.8,252,41.8,LOW,Bani Park
2026-09-24 13:00:00,Z01,26.9124,75.7873,450,44.1,LOW,Tonk Road
2026-09-24 13:00:00,Z02,26.85,75.804,338,43.8,LOW,Malviya Nagar
2026-09-24 13:00:00,Z03,26.912,75.798,590,44.1,LOW,C-Scheme
2026-09-24 13:00:00,Z04,26.912,75.739,258,42.2,LOW,Vaishali Nagar
2026-09-24 13:00:00,Z05,26.856,75.764,393,40.8,LOW,Mansarovar
2026-09-24 13:00:00,Z06,26.9,75.825,361,38.8,LOW,Raja Park
2026-09-24 13:00:00,Z07,26.831,75.841,457,42.8,LOW,Jagatpura
2026-09-24 13:00:00,Z08,26.951,75.746,410,44.6,LOW,Jhotwara
2026-09-24 13:00:00,Z09,26.9,75.758,414,37.7,LOW,Sodala
2026-09-24 13:00:00,Z10,26.926,75.8,367,43.4,LOW,Bani Park
2026-09-24 13:30:00,Z01,26.9124,75.7873,295,38.5,LOW,Tonk Road
2026-09-24 13:30:00,Z02,26.85,75.804,208,39.7,LOW,Malviya Nagar
2026-09-24 13:30:00,Z03,26.912,75.798,294,42.0,LOW,C-Scheme
2026-09-24 13:30:00,Z04,26.912,75.739,338,47.3,LOW,Vaishali Nagar
2026-09-24 13:30:00,Z05,26.856,75.764,240,44.6,LOW,Mansarovar
2026-09-24 13:30:00,Z06,26.9,75.825,356,40.9,LOW,Raja Park
2026-09-24 13:30:00,Z07,26.831,75.841,320,40.2,LOW,Jagatpura
2026-09-24 13:30:00,Z08,26.951,75.746,333,41.6,LOW,Jhotwara
2026-09-24 13:30:00,Z09,26.9,75.758,376,45.7,LOW,Sodala
2026-09-24 13:30:00,Z10,26.926,75.8,387,43.0,LOW,Bani Park
2026-09-24 14:00:00,Z01,26.9124,75.7873,344,43.2,LOW,Tonk Road
2026-09-24 14:00:00,Z02,26.85,75.804,361,41.4,LOW,Malviya Nagar
2026-09-24 14:00:00,Z03,26.912,75.798,428,44.3,LOW,C-Scheme
2026-09-24 14:00:00,Z04,26.912,75.739,403,41.5,LOW,Vaishali Nagar
2026-09-24 14:00:00,Z05,26.856,75.764,352,41.6,LOW,Mansarovar
2026-09-24 14:00:00,Z06,26.9,75.825,337,41.1,LOW,Raja Park
2026-09-24 14:00:00,Z07,26.831,75.841,356,44.7,LOW,Jagatpura
2026-09-24 14:00:00,Z08,26.951,75.746,248,42.3,LOW,Jhotwara
2026-09-24 14:00:00,Z09,26.9,75.758,333,41.4,LOW,Sodala
2026-09-24 14:00:00,Z10,26.926,75.8,351,40.3,LOW,Bani Park
2026-09-24 14:30:00,Z01,26.9124,75.7873,355,41.1,LOW,Tonk Road
2026-09-24 14:30:00,Z02,26.85,75.804,283,42.2,LOW,Malviya Nagar
2026-09-24 14:30:00,Z03,26.912,75.798,355,41.2,LOW,C-Scheme
2026-09-24 14:30:00,Z04,26.912,75.739,367,44.4,LOW,Vaishali Nagar
2026-09-24 14:30:00,Z05,26.856,75.764,377,40.7,LOW,Mansarovar
2026-09-24 14:30:00,Z06,26.9,75.825,414,45.4,LOW,Raja Park
2026-09-24 14:30:00,Z07,26.831,75.841,400,43.1,LOW,Jagatpura
2026-09-24 14:30:00,Z08,26.951,75.746,425,44.9,LOW,Jhotwara
2026-09-24 14:30:00,Z09,26.9,75.758,424,43.1,LOW,Sodala
2026-09-24 14:30:00,Z10,26.926,75.8,244,39.8,LOW,Bani Park
2026-09-24 15:00:00,Z01,26.9124,75.7873,354,42.3,LOW,Tonk Road
2026-09-24 15:00:00,Z02,26.85,75.804,407,40.9,LOW,Malviya Nagar
2026-09-24 15:00:00,Z03,26.912,75.798,312,38.3,LOW,C-Scheme
2026-09-24 15:00:00,Z04,26.912,75.739,235,41.0,LOW,Vaishali Nagar
2026-09-24 15:00:00,Z05,26.856,75.764,254,45.0,LOW,Mansarovar
2026-09-24 15:00:00,Z06,26.9,75.825,413,40.8,LOW,Raja Park
2026-09-24 15:00:00,Z07,26.831,75.841,272,43.3,LOW,Jagatpura
2026-09-24 15:00:00,Z08,26.951,75.746,370,43.4,LOW,Jhotwara
2026-09-24 15:00:00,Z09,26.9,75.758,378,46.7,LOW,Sodala
2026-09-24 15:00:00,Z10,26.926,75.8,290,41.7,LOW,Bani Park
2026-09-24 15:30:00,Z01,26.9124,75.7873,292,40.5,LOW,Tonk Road
2026-09-24 15:30:00,Z02,26.85,75.804,351,44.7,LOW,Malviya Nagar
2026-09-24 15:30:00,Z03,26.912,75.798,455,43.1,LOW,C-Scheme
2026-09-24 15:30:00,Z04,26.912,75.739,439,37.3,LOW,Vaishali Nagar
2026-09-24 15:30:00,Z05,26.856,75.764,380,42.1,LOW,Mansarovar
2026-09-24 15:30:00,Z06,26.9,75.825,297,40.3,LOW,Raja Park
2026-09-24 15:30:00,Z07,26.831,75.841,516,43.0,LOW,Jagatpura
2026-09-24 15:30:00,Z08,26.951,75.746,438,44.0,LOW,Jhotwara
2026-09-24 15:30:00,Z09,26.9,75.758,307,41.6,LOW,Sodala
2026-09-24 15:30:00,Z10,26.926,75.8,315,40.4,LOW,Bani Park
2026-09-24 16:00:00,Z01,26.9124,75.7873,299,37.9,LOW,Tonk Road
2026-09-24 16:00:00,Z02,26.85,75.804,337,40.9,LOW,Malviya Nagar
2026-09-24 16:00:00,Z03,26.912,75.798,375,42.3,LOW,C-Scheme
2026-09-24 16:00:00,Z04,26.912,75.739,309,42.0,LOW,Vaishali Nagar
2026-09-24 16:00:00,Z05,26.856,75.764,309,38.1,LOW,Mansarovar
2026-09-24 16:00:00,Z06,26.9,75.825,382,40.1,LOW,Raja Park
2026-09-24 16:00:00,Z07,26.831,75.841,415,43.8,LOW,Jagatpura
2026-09-24 16:00:00,Z08,26.951,75.746,340,43.5,LOW,Jhotwara
2026-09-24 16:00:00,Z09,26.9,75.758,297,41.0,LOW,Sodala
2026-09-24 16:00:00,Z10,26.926,75.8,419,39.0,LOW,Bani Park
2026-09-24 16:30:00,Z01,26.9124,75.7873,262,41.7,LOW,Tonk Road
2026-09-24 16:30:00,Z02,26.85,75.804,289,40.3,LOW,Malviya Nagar
2026-09-24 16:30:00,Z03,26.912,75.798,424,42.1,LOW,C-Scheme
2026-09-24 16:30:00,Z04,26.912,75.739,192,41.3,LOW,Vaishali Nagar
2026-09-24 16:30:00,Z05,26.856,75.764,339,41.6,LOW,Mansarovar
2026-09-24 16:30:00,Z06,26.9,75.825,306,41.6,LOW,Raja Park
2026-09-24 16:30:00,Z07,26.831,75.841,354,42.4,LOW,Jagatpura
2026-09-24 16:30:00,Z08,26.951,75.746,378,42.0,LOW,Jhotwara
2026-09-24 16:30:00,Z09,26.9,75.758,315,41.1,LOW,Sodala
2026-09-24 16:30:00,Z10,26.926,75.8,389,44.8,LOW,Bani Park
2026-09-24 17:00:00,Z01,26.9124,75.7873,735,35.7,LOW,Tonk Road
2026-09-24 17:00:00,Z02,26.85,75.804,714,35.1,LOW,Malviya Nagar
2026-09-24 17:00:00,Z03,26.912,75.798,664,30.8,MEDIUM,C-Scheme
2026-09-24 17:00:00,Z04,26.912,75.739,767,33.6,LOW,Vaishali Nagar
2026-09-24 17:00:00,Z05,26.856,75.764,605,35.9,LOW,Mansarovar
2026-09-24 17:00:00,Z06,26.9,75.825,661,34.7,LOW,Raja Park
2026-09-24 17:00:00,Z07,26.831,75.841,578,34.9,LOW,Jagatpura
2026-09-24 17:00:00,Z08,26.951,75.746,634,34.7,LOW,Jhotwara
2026-09-24 17:00:00,Z09,26.9,75.758,599,34.6,LOW,Sodala
2026-09-24 17:00:00,Z10,26.926,75.8,732,32.8,LOW,Bani Park
2026-09-24 17:30:00,Z01,26.9124,75.7873,581,31.9,MEDIUM,Tonk Road
2026-09-24 17:30:00,Z02,26.85,75.804,595,33.9,LOW,Malviya Nagar
2026-09-24 17:30:00,Z03,26.912,75.798,657,32.2,LOW,C-Scheme
2026-09-24 17:30:00,Z04,26.912,75.739,579,31.0,MEDIUM,Vaishali Nagar
2026-09-24 17:30:00,Z05,26.856,75.764,682,38.1,LOW,Mansarovar
2026-09-24 17:30:00,Z06,26.9,75.825,679,32.5,LOW,Raja Park
2026-09-24 17:30:00,Z07,26.831,75.841,719,35.1,LOW,Jagatpura
2026-09-24 17:30:00,Z08,26.951,75.746,718,33.7,LOW,Jhotwara
2026-09-24 17:30:00,Z09,26.9,75.758,576,29.9,MEDIUM,Sodala
2026-09-24 17:30:00,Z10,26.926,75.8,673,34.3,LOW,Bani Park
2026-09-24 18:00:00,Z01,26.9124,75.7873,668,32.2,LOW,Tonk Road
2026-09-24 18:00:00,Z02,26.85,75.804,630,32.8,LOW,Malviya Nagar
2026-09-24 18:00:00,Z03,26.912,75.798,713,36.0,LOW,C-Scheme
2026-09-24 18:00:00,Z04,26.912,75.739,575,32.0,LOW,Vaishali Nagar
2026-09-24 18:00:00,Z05,26.856,75.764,648,33.2,LOW,Mansarovar
2026-09-24 18:00:00,Z06,26.9,75.825,722,32.7,LOW,Raja Park
2026-09-24 18:00:00,Z07,26.831,75.841,678,34.7,LOW,Jagatpura
2026-09-24 18:00:00,Z08,26.951,75.746,731,31.5,MEDIUM,Jhotwara
2026-09-24 18:00:00,Z09,26.9,75.758,708,28.4,MEDIUM,Sodala
2026-09-24 18:00:00,Z10,26.926,75.8,619,35.9,LOW,Bani Park
2026-09-24 18:30:00,Z01,26.9124,75.7873,645,36.5,LOW,Tonk Road
2026-09-24 18:30:00,Z02,26.85,75.804,673,34.1,LOW,Malviya Nagar
2026-09-24 18:30:00,Z03,26.912,75.798,744,40.4,LOW,C-Scheme
2026-09-24 18:30:00,Z04,26.912,75.739,586,35.4,LOW,Vaishali Nagar
2026-09-24 18:30:00,Z05,26.856,75.764,593,34.3,LOW,Mansarovar
2026-09-24 18:30:00,Z06,26.9,75.825,659,35.6,LOW,Raja Park
2026-09-24 18:30:00,Z07,26.831,75.841,655,31.8,MEDIUM,Jagatpura
2026-09-24 18:30:00,Z08,26.951,75.746,660,32.3,LOW,Jhotwara
2026-09-24 18:30:00,Z09,26.9,75.758,651,32.3,LOW,Sodala
2026-09-24 18:30:00,Z10,26.926,75.8,646,35.5,LOW,Bani Park
2026-09-24 19:00:00,Z01,26.9124,75.7873,664,33.2,LOW,Tonk Road
2026-09-24 19:00:00,Z02,26.85,75.804,572,35.4,LOW,Malviya Nagar
2026-09-24 19:00:00,Z03,26.912,75.798,742,34.5,LOW,C-Scheme
2026-09-24 19:00:00,Z04,26.912,75.739,654,35.1,LOW,Vaishali Nagar
2026-09-24 19:00:00,Z05,26.856,75.764,681,35.3,LOW,Mansarovar
2026-09-24 19:00:00,Z06,26.9,75.825,508,35.5,LOW,Raja Park
2026-09-24 19:00:00,Z07,26.831,75.841,720,30.9,MEDIUM,Jagatpura
2026-09-24 19:00:00,Z08,26.951,75.746,678,31.0,MEDIUM,Jhotwara
2026-09-24 19:00:00,Z09,26.9,75.758,580,33.3,LOW,Sodala
2026-09-24 19:00:00,Z10,26.926,75.8,664,34.7,LOW,Bani Park
2026-09-24 19:30:00,Z01,26.9124,75.7873,606,38.2,LOW,Tonk Road
2026-09-24 19:30:00,Z02,26.85,75.804,674,36.9,LOW,Malviya Nagar
2026-09-24 19:30:00,Z03,26.912,75.798,705,32.7,LOW,C-Scheme
2026-09-24 19:30:00,Z04,26.912,75.739,652,35.1,LOW,Vaishali Nagar
2026-09-24 19:30:00,Z05,26.856,75.764,608,34.5,LOW,Mansarovar
2026-09-24 19:30:00,Z06,26.9,75.825,703,32.3,LOW,Raja Park
2026-09-24 19:30:00,Z07,26.831,75.841,644,33.6,LOW,Jagatpura
2026-09-24 19:30:00,Z08,26.951,75.746,668,34.6,LOW,Jhotwara
2026-09-24 19:30:00,Z09,26.9,75.758,740,31.1,MEDIUM,Sodala
2026-09-24 19:30:00,Z10,26.926,75.8,635,34.2,LOW,Bani Park
2026-09-24 20:00:00,Z01,26.9124,75.7873,666,34.9,LOW,Tonk Road
2026-09-24 20:00:00,Z02,26.85,75.804,687,35.5,LOW,Malviya Nagar
2026-09-24 20:00:00,Z03,26.912,75.798,744,35.4,LOW,C-Scheme
2026-09-24 20:00:00,Z04,26.912,75.739,638,35.8,LOW,Vaishali Nagar
2026-09-24 20:00:00,Z05,26.856,75.764,766,31.8,MEDIUM,Mansarovar
2026-09-24 20:00:00,Z06,26.9,75.825,616,33.5,LOW,Raja Park
2026-09-24 20:00:00,Z07,26.831,75.841,673,30.5,MEDIUM,Jagatpura
2026-09-24 20:00:00,Z08,26.951,75.746,543,34.3,LOW,Jhotwara
2026-09-24 20:00:00,Z09,26.9,75.758,615,34.9,LOW,Sodala
2026-09-24 20:00:00,Z10,26.926,75.8,610,39.4,LOW,Bani Park
2026-09-24 20:30:00,Z01,26.9124,75.7873,588,33.1,LOW,Tonk Road
2026-09-24 20:30:00,Z02,26.85,75.804,623,36.6,LOW,Malviya Nagar
2026-09-24 20:30:00,Z03,26.912,75.798,699,32.6,LOW,C-Scheme
2026-09-24 20:30:00,Z04,26.912,75.739,693,31.2,MEDIUM,Vaishali Nagar
2026-09-24 20:30:00,Z05,26.856,75.764,689,37.6,LOW,Mansarovar
2026-09-24 20:30:00,Z06,26.9,75.825,710,35.3,LOW,Raja Park
2026-09-24 20:30:00,Z07,26.831,75.841,734,37.4,LOW,Jagatpura
2026-09-24 20:30:00,Z08,26.951,75.746,713,34.9,LOW,Jhotwara
2026-09-24 20:30:00,Z09,26.9,75.758,704,32.2,LOW,Sodala
2026-09-24 20:30:00,Z10,26.926,75.8,624,32.0,MEDIUM,Bani Park
2026-09-24 21:00:00,Z01,26.9124,75.7873,378,35.8,LOW,Tonk Road
2026-09-24 21:00:00,Z02,26.85,75.804,427,40.7,LOW,Malviya Nagar
2026-09-24 21:00:00,Z03,26.912,75.798,428,42.8,LOW,C-Scheme
2026-09-24 21:00:00,Z04,26.912,75.739,422,39.8,LOW,Vaishali Nagar
2026-09-24 21:00:00,Z05,26.856,75.764,403,46.2,LOW,Mansarovar
2026-09-24 21:00:00,Z06,26.9,75.825,361,43.6,LOW,Raja Park
2026-09-24 21:00:00,Z07,26.831,75.841,403,41.0,LOW,Jagatpura
2026-09-24 21:00:00,Z08,26.951,75.746,320,39.0,LOW,Jhotwara
2026-09-24 21:00:00,Z09,26.9,75.758,300,38.5,LOW,Sodala
2026-09-24 21:00:00,Z10,26.926,75.8,385,43.3,LOW,Bani Park
2026-09-24 21:30:00,Z01,26.9124,75.7873,361,42.1,LOW,Tonk Road
2026-09-24 21:30:00,Z02,26.85,75.804,323,38.2,LOW,Malviya Nagar
2026-09-24 21:30:00,Z03,26.912,75.798,303,40.6,LOW,C-Scheme
2026-09-24 21:30:00,Z04,26.912,75.739,289,43.2,LOW,Vaishali Nagar
2026-09-24 21:30:00,Z05,26.856,75.764,203,40.8,LOW,Mansarovar
2026-09-24 21:30:00,Z06,26.9,75.825,273,41.4,LOW,Raja Park
2026-09-24 21:30:00,Z07,26.831,75.841,283,42.2,LOW,Jagatpura
2026-09-24 21:30:00,Z08,26.951,75.746,339,42.2,LOW,Jhotwara
2026-09-24 21:30:00,Z09,26.9,75.758,384,45.3,LOW,Sodala
2026-09-24 21:30:00,Z10,26.926,75.8,261,38.3,LOW,Bani Park
2026-09-24 22:00:00,Z01,26.9124,75.7873,284,42.1,LOW,Tonk Road
2026-09-24 22:00:00,Z02,26.85,75.804,444,36.1,LOW,Malviya Nagar
2026-09-24 22:00:00,Z03,26.912,75.798,386,43.4,LOW,C-Scheme
2026-09-24 22:00:00,Z04,26.912,75.739,379,40.8,LOW,Vaishali Nagar
2026-09-24 22:00:00,Z05,26.856,75.764,364,40.6,LOW,Mansarovar
2026-09-24 22:00:00,Z06,26.9,75.825,456,40.2,LOW,Raja Park
2026-09-24 22:00:00,Z07,26.831,75.841,436,38.9,LOW,Jagatpura
2026-09-24 22:00:00,Z08,26.951,75.746,315,42.1,LOW,Jhotwara
2026-09-24 22:00:00,Z09,26.9,75.758,401,42.3,LOW,Sodala
2026-09-24 22:00:00,Z10,26.926,75.8,371,44.7,LOW,Bani Park
2026-09-24 22:30:00,Z01,26.9124,75.7873,353,40.2,LOW,Tonk Road
2026-09-24 22:30:00,Z02,26.85,75.804,444,45.6,LOW,Malviya Nagar
2026-09-24 22:30:00,Z03,26.912,75.798,405,43.8,LOW,C-Scheme
2026-09-24 22:30:00,Z04,26.912,75.739,431,43.4,LOW,Vaishali Nagar
2026-09-24 22:30:00,Z05,26.856,75.764,255,41.1,LOW,Mansarovar
2026-09-24 22:30:00,Z06,26.9,75.825,292,42.1,LOW,Raja Park
2026-09-24 22:30:00,Z07,26.831,75.841,299,39.9,LOW,Jagatpura
2026-09-24 22:30:00,Z08,26.951,75.746,359,47.0,LOW,Jhotwara
2026-09-24 22:30:00,Z09,26.9,75.758,264,42.7,LOW,Sodala
2026-09-24 22:30:00,Z10,26.926,75.8,292,38.3,LOW,Bani Park
2026-09-24 23:00:00,Z01,26.9124,75.7873,373,44.9,LOW,Tonk Road
2026-09-24 23:00:00,Z02,26.85,75.804,401,43.2,LOW,Malviya Nagar
2026-09-24 23:00:00,Z03,26.912,75.798,447,40.8,LOW,C-Scheme
2026-09-24 23:00:00,Z04,26.912,75.739,448,40.7,LOW,Vaishali Nagar
2026-09-24 23:00:00,Z05,26.856,75.764,224,42.9,LOW,Mansarovar
2026-09-24 23:00:00,Z06,26.9,75.825,225,40.5,LOW,Raja Park
2026-09-24 23:00:00,Z07,26.831,75.841,348,44.3,LOW,Jagatpura
2026-09-24 23:00:00,Z08,26.951,75.746,376,37.5,LOW,Jhotwara
2026-09-24 23:00:00,Z09,26.9,75.758,246,40.9,LOW,Sodala
2026-09-24 23:00:00,Z10,26.926,75.8,357,45.4,LOW,Bani Park
2026-09-24 23:30:00,Z01,26.9124,75.7873,322,41.4,LOW,Tonk Road
2026-09-24 23:30:00,Z02,26.85,75.804,258,39.0,LOW,Malviya Nagar
2026-09-24 23:30:00,Z03,26.912,75.798,316,44.6,LOW,C-Scheme
2026-09-24 23:30:00,Z04,26.912,75.739,206,42.0,LOW,Vaishali Nagar
2026-09-24 23:30:00,Z05,26.856,75.764,392,39.4,LOW,Mansarovar
2026-09-24 23:30:00,Z06,26.9,75.825,472,42.8,LOW,Raja Park
2026-09-24 23:30:00,Z07,26.831,75.841,333,44.7,LOW,Jagatpura
2026-09-24 23:30:00,Z08,26.951,75.746,327,42.9,LOW,Jhotwara
2026-09-24 23:30:00,Z09,26.9,75.758,430,46.1,LOW,Sodala
2026-09-24 23:30:00,Z10,26.926,75.8,364,42.3,LOW,Bani Park
